--- Configuring and building in build/debug ---
checking for git... found
checking build system type... x86_64-pc-linux-gnu
checking host system type... x86_64-pc-linux-gnu
checking for Python interpreter freezing... ./_bootstrap_python
checking for python3.15... python3.15
checking Python for regen version... Python 3.15.0a0
checking for pkg-config... /bin/pkg-config
checking pkg-config is at least version 0.9.0... yes
checking MACHDEP... "linux"
checking for --enable-universalsdk... no
checking for --with-universal-archs... no
checking for --with-app-store-compliance... not patching for app store compliance
checking for gcc... clang
checking whether the C compiler works... yes
checking for C compiler default output file name... a.out
checking for suffix of executables... 
checking whether we are cross compiling... no
checking for suffix of object files... o
checking whether the compiler supports GNU C... yes
checking whether clang accepts -g... yes
checking for clang option to enable C11 features... none needed
checking how to run the C preprocessor... clang -E
checking for grep that handles long lines and -e... /bin/grep
checking for a sed that does not truncate output... /bin/sed
checking for egrep... /bin/grep -E
checking for CC compiler name... clang
checking for stdio.h... yes
checking for stdlib.h... yes
checking for string.h... yes
checking for inttypes.h... yes
checking for stdint.h... yes
checking for strings.h... yes
checking for sys/stat.h... yes
checking for sys/types.h... yes
checking for unistd.h... yes
checking for wchar.h... yes
checking for minix/config.h... no
checking whether it is safe to define __EXTENSIONS__... yes
checking whether _XOPEN_SOURCE should be defined... no
checking for GCC compatible compiler... yes
checking for the platform triplet based on compiler characteristics... x86_64-linux-gnu
checking for multiarch... x86_64-linux-gnu
checking for PEP 11 support tier... x86_64-pc-linux-gnu/clang has tier 2 (supported)
checking for -Wl,--no-as-needed... yes
checking for the Android API level... not Android
checking for --enable-wasm-dynamic-linking... missing
checking for --enable-wasm-pthreads... missing
checking for --with-suffix... 
checking for case-insensitive build directory... no
checking LIBRARY... libpython$(VERSION)$(ABIFLAGS).a
checking LINKCC... $(PURIFY) $(CC)
checking EXPORTSYMS... 
checking for GNU ld... yes
checking for --enable-shared... no
checking for --with-static-libpython... yes
checking for --enable-profiling... no
checking LDLIBRARY... libpython$(VERSION)$(ABIFLAGS).a
checking HOSTRUNNER... 
checking for ar... ar
checking for a BSD-compatible install... /bin/install -c
checking for a race-free mkdir -p... mkdir -p
checking for --disable-gil... no
checking for --with-pydebug... yes
checking for --with-trace-refs... no
checking for --enable-pystats... no
checking for --with-assertions... implied by --with-pydebug
checking for --enable-optimizations... no
checking PROFILE_TASK... -m test --pgo --timeout=$(TESTTIMEOUT)
checking for --with-lto... no
checking for llvm-profdata... /bin/llvm-profdata
checking for --enable-bolt... no
checking BOLT_COMMON_FLAGS... checking BOLT_INSTRUMENT_FLAGS...  -update-debug-sections -skip-funcs=_PyEval_EvalFrameDefault,sre_ucs1_match/1,sre_ucs2_match/1,sre_ucs4_match/1,sre_ucs1_match.lto_priv.0/1,sre_ucs2_match.lto_priv.0/1,sre_ucs4_match.lto_priv.0/1 
checking BOLT_APPLY_FLAGS...   -update-debug-sections -skip-funcs=_PyEval_EvalFrameDefault,sre_ucs1_match/1,sre_ucs2_match/1,sre_ucs4_match/1,sre_ucs1_match.lto_priv.0/1,sre_ucs2_match.lto_priv.0/1,sre_ucs4_match.lto_priv.0/1  -reorder-blocks=ext-tsp -reorder-functions=cdsort -split-functions -icf=1 -inline-all -split-eh -reorder-functions-use-hot-size -peepholes=none -jump-tables=aggressive -inline-ap -indirect-call-promotion=all -dyno-stats -use-gnu-stack -frame-opt=hot 
checking if clang supports -fstrict-overflow and -fno-strict-overflow... yes
checking for --with-strict-overflow... no
checking if clang supports -Og optimization level... yes
checking for --enable-safety... no
checking for --enable-slower-safety... no
checking if we can add -Wextra... yes
checking whether clang -fno-strict-aliasing accepts and needs -fno-strict-aliasing... no
checking if we can disable clang unused-parameter warning... yes
checking if we can disable clang int-conversion warning... yes
checking if we can disable clang missing-field-initializers warning... yes
checking if we can enable clang sign-compare warning... yes
checking if we can enable clang unreachable-code warning... yes
checking if we can enable clang strict-prototypes warning... yes
checking if we can make implicit function declaration an error in clang -Werror=implicit-function-declaration... yes
checking if we can use visibility in clang -fvisibility=hidden... yes
checking for --enable-experimental-jit... -D_Py_TIER2=1 -D_Py_JIT
checking whether pthreads are available without options... yes
checking whether clang++ also accepts flags for thread support... no
checking for alloca.h... yes
checking for asm/types.h... yes
checking for bluetooth.h... no
checking for conio.h... no
checking for direct.h... no
checking for dlfcn.h... yes
checking for endian.h... yes
checking for errno.h... yes
checking for fcntl.h... yes
checking for grp.h... yes
checking for io.h... no
checking for langinfo.h... yes
checking for libintl.h... yes
checking for libutil.h... no
checking for linux/auxvec.h... yes
checking for sys/auxv.h... yes
checking for linux/fs.h... yes
checking for linux/limits.h... yes
checking for linux/memfd.h... yes
checking for linux/netfilter_ipv4.h... yes
checking for linux/random.h... yes
checking for linux/soundcard.h... yes
checking for linux/sched.h... yes
checking for linux/tipc.h... yes
checking for linux/wait.h... yes
checking for netdb.h... yes
checking for net/ethernet.h... yes
checking for netinet/in.h... yes
checking for netpacket/packet.h... yes
checking for poll.h... yes
checking for process.h... no
checking for pthread.h... yes
checking for pty.h... yes
checking for sched.h... yes
checking for setjmp.h... yes
checking for shadow.h... yes
checking for signal.h... yes
checking for spawn.h... yes
checking for stropts.h... no
checking for sys/audioio.h... no
checking for sys/bsdtty.h... no
checking for sys/devpoll.h... no
checking for sys/endian.h... no
checking for sys/epoll.h... yes
checking for sys/event.h... no
checking for sys/eventfd.h... yes
checking for sys/file.h... yes
checking for sys/ioctl.h... yes
checking for sys/kern_control.h... no
checking for sys/loadavg.h... no
checking for sys/lock.h... no
checking for sys/memfd.h... no
checking for sys/mkdev.h... no
checking for sys/mman.h... yes
checking for sys/modem.h... no
checking for sys/param.h... yes
checking for sys/pidfd.h... yes
checking for sys/poll.h... yes
checking for sys/random.h... yes
checking for sys/resource.h... yes
checking for sys/select.h... yes
checking for sys/sendfile.h... yes
checking for sys/socket.h... yes
checking for sys/soundcard.h... yes
checking for sys/stat.h... (cached) yes
checking for sys/statvfs.h... yes
checking for sys/sys_domain.h... no
checking for sys/syscall.h... yes
checking for sys/sysmacros.h... yes
checking for sys/termio.h... no
checking for sys/time.h... yes
checking for sys/times.h... yes
checking for sys/timerfd.h... yes
checking for sys/types.h... (cached) yes
checking for sys/uio.h... yes
checking for sys/un.h... yes
checking for sys/utsname.h... yes
checking for sys/wait.h... yes
checking for sys/xattr.h... yes
checking for sysexits.h... yes
checking for syslog.h... yes
checking for termios.h... yes
checking for util.h... no
checking for utime.h... yes
checking for utmp.h... yes
checking for dirent.h that defines DIR... yes
checking for library containing opendir... none required
checking for sys/mkdev.h... (cached) no
checking for sys/sysmacros.h... (cached) yes
checking for bluetooth/bluetooth.h... yes
checking for net/if.h... yes
checking for linux/netlink.h... yes
checking for netlink/netlink.h... no
checking for linux/qrtr.h... yes
checking for linux/vm_sockets.h... yes
checking for linux/can.h... yes
checking for linux/can/bcm.h... yes
checking for linux/can/isotp.h... yes
checking for linux/can/j1939.h... yes
checking for linux/can/raw.h... yes
checking for netcan/can.h... no
checking for clock_t... yes
checking for makedev... yes
checking for le64toh... yes
checking for mode_t... yes
checking for off_t... yes
checking for pid_t... yes
checking for size_t... yes
checking for uid_t... yes
checking for gid_t... yes
checking for ssize_t... yes
checking for __uint128_t... yes
checking size of int... 4
checking size of long... 8
checking alignment of long... 8
checking size of long long... 8
checking size of void *... 8
checking size of short... 2
checking size of float... 4
checking size of double... 8
checking size of fpos_t... 16
checking size of size_t... 8
checking alignment of size_t... 8
checking size of pid_t... 4
checking size of uintptr_t... 8
checking alignment of max_align_t... 16
checking for long double... yes
checking size of long double... 16
checking size of _Bool... 1
checking size of off_t... 8
checking whether to enable large file support... no
checking size of time_t... 8
checking for pthread_t... yes
checking size of pthread_t... 8
checking size of pthread_key_t... 4
checking whether pthread_key_t is compatible with int... yes
checking for --enable-framework... no
checking for --with-dsymutil... no
checking for dyld... no
checking for --with-address-sanitizer... yes
checking for --with-memory-sanitizer... no
checking for --with-undefined-behavior-sanitizer... yes
checking for --with-thread-sanitizer... no
checking the extension of shared libraries... .so
checking LDSHARED... $(CC) -shared
checking BLDSHARED flags... $(CC) -shared
checking CCSHARED... -fPIC
checking LINKFORSHARED... -Xlinker -export-dynamic
checking CFLAGSFORSHARED... 
checking SHLIBS... $(LIBS)
checking perf trampoline... yes
checking for sendfile in -lsendfile... no
checking for dlopen in -ldl... yes
checking for shl_load in -ldld... no
checking for execinfo.h... yes
checking for backtrace... yes
checking for dladdr1... yes
checking for link.h... yes
checking for backtrace... (cached) yes
checking for dladdr1... (cached) yes
checking for dlfcn.h... (cached) yes
checking for backtrace... (cached) yes
checking for dladdr1... (cached) yes
checking for uuid.h... no
checking for uuid >= 2.20... yes
checking for library containing sem_init... none required
checking for textdomain in -lintl... no
checking aligned memory access is required... no
checking for --with-hash-algorithm... default
checking for --with-tzpath... "/usr/share/zoneinfo:/usr/lib/zoneinfo:/usr/share/lib/zoneinfo:/etc/zoneinfo"
checking for t_open in -lnsl... no
checking for socket in -lsocket... no
checking for --with-libs... no
checking for --with-system-expat... no
checking for libffi... yes
checking for ffi_prep_cif_var... yes
checking for ffi_prep_closure_loc... yes
checking for ffi_closure_alloc... yes
checking libffi has complex type support... yes
checking for --with-system-libmpdec... yes
checking for libmpdec >= 2.5.0... yes
checking for --with-decimal-contextvar... yes
checking for sqlite3 >= 3.15.2... yes
checking for sqlite3.h... yes
checking for sqlite3_bind_double in -lsqlite3... yes
checking for sqlite3_column_decltype in -lsqlite3... yes
checking for sqlite3_column_double in -lsqlite3... yes
checking for sqlite3_complete in -lsqlite3... yes
checking for sqlite3_progress_handler in -lsqlite3... yes
checking for sqlite3_result_double in -lsqlite3... yes
checking for sqlite3_set_authorizer in -lsqlite3... yes
checking for sqlite3_trace_v2 in -lsqlite3... yes
checking for sqlite3_value_double in -lsqlite3... yes
checking for sqlite3_load_extension in -lsqlite3... yes
checking for sqlite3_serialize in -lsqlite3... yes
checking for --enable-loadable-sqlite-extensions... no
checking for tcl >= 8.5.12 tk >= 8.5.12... yes
checking for gdbm.h... yes
checking for gdbm_open in -lgdbm... yes
checking for ndbm.h... yes
checking for library containing dbm_open... -lgdbm_compat
checking for ndbm presence and linker args... yes (-lgdbm_compat)
checking for gdbm/ndbm.h... no
checking for gdbm-ndbm.h... yes
checking for library containing dbm_open... -lgdbm_compat
checking for db.h... yes
checking for libdb... yes
checking for --with-dbmliborder... gdbm:ndbm:bdb
checking for _dbm module CFLAGS and LIBS... -DUSE_GDBM_COMPAT -lgdbm_compat
checking if PTHREAD_SCOPE_SYSTEM is supported... yes
checking for pthread_sigmask... yes
checking for pthread_getcpuclockid... yes
checking if --enable-ipv6 is specified... yes
checking if RFC2553 API is available... yes
checking for IPV6_INRIA_VERSION defined in netinet/in.h... no
checking for __KAME__ defined in netinet/in.h... no
checking for __GLIBC__ defined in features.h... yes
checking ipv6 stack type... linux-glibc
checking CAN_RAW_FD_FRAMES... yes
checking for CAN_RAW_JOIN_FILTERS... yes
checking for --with-doc-strings... yes
checking for stdatomic.h... yes
checking for builtin __atomic_load_n and __atomic_store_n functions... yes
checking for --with-mimalloc... yes
checking for --with-pymalloc... no
checking for --with-c-locale-coercion... yes
checking for --with-valgrind... no
checking for --with-dtrace... no
checking for dlopen... yes
checking DYNLOADFILE... dynload_shlib.o
checking MACHDEP_OBJS... none
checking for accept4... yes
checking for alarm... yes
checking for bind_textdomain_codeset... yes
checking for chmod... yes
checking for chown... yes
checking for clearenv... yes
checking for clock... yes
checking for closefrom... yes
checking for close_range... yes
checking for confstr... yes
checking for copy_file_range... yes
checking for ctermid... yes
checking for dladdr... yes
checking for dup... yes
checking for dup3... yes
checking for execv... yes
checking for explicit_bzero... yes
checking for explicit_memset... no
checking for faccessat... yes
checking for fchmod... yes
checking for fchmodat... yes
checking for fchown... yes
checking for fchownat... yes
checking for fdopendir... yes
checking for fdwalk... no
checking for fexecve... yes
checking for fork... yes
checking for fork1... no
checking for fpathconf... yes
checking for fstatat... yes
checking for ftime... yes
checking for ftruncate... yes
checking for futimens... yes
checking for futimes... yes
checking for futimesat... yes
checking for gai_strerror... yes
checking for getegid... yes
checking for geteuid... yes
checking for getgid... yes
checking for getgrent... yes
checking for getgrgid... yes
checking for getgrgid_r... yes
checking for getgrnam_r... yes
checking for getgrouplist... yes
checking for gethostname... yes
checking for getitimer... yes
checking for getloadavg... yes
checking for getlogin... yes
checking for getlogin_r... yes
checking for getpeername... yes
checking for getpgid... yes
checking for getpid... yes
checking for getppid... yes
checking for getpriority... yes
checking for _getpty... no
checking for getpwent... yes
checking for getpwnam_r... yes
checking for getpwuid... yes
checking for getpwuid_r... yes
checking for getresgid... yes
checking for getresuid... yes
checking for getrusage... yes
checking for getsid... yes
checking for getspent... yes
checking for getspnam... yes
checking for getuid... yes
checking for getwd... yes
checking for grantpt... yes
checking for if_nameindex... yes
checking for initgroups... yes
checking for kill... yes
checking for killpg... yes
checking for lchown... yes
checking for linkat... yes
checking for lockf... yes
checking for lstat... yes
checking for lutimes... yes
checking for madvise... yes
checking for mbrtowc... yes
checking for memrchr... yes
checking for mkdirat... yes
checking for mkfifo... yes
checking for mkfifoat... yes
checking for mknod... yes
checking for mknodat... yes
checking for mktime... yes
checking for mmap... yes
checking for mremap... yes
checking for nice... yes
checking for openat... yes
checking for opendir... yes
checking for pathconf... yes
checking for pause... yes
checking for pipe... yes
checking for pipe2... yes
checking for plock... no
checking for poll... yes
checking for posix_fadvise... yes
checking for posix_fallocate... yes
checking for posix_openpt... yes
checking for posix_spawn... yes
checking for posix_spawnp... yes
checking for posix_spawn_file_actions_addclosefrom_np... yes
checking for pread... yes
checking for preadv... yes
checking for preadv2... yes
checking for process_vm_readv... yes
checking for pthread_cond_timedwait_relative_np... no
checking for pthread_condattr_setclock... yes
checking for pthread_init... no
checking for pthread_kill... yes
checking for pthread_get_name_np... no
checking for pthread_getname_np... yes
checking for pthread_set_name_np... no
checking for pthread_setname_np... yes
checking for pthread_getattr_np... yes
checking for ptsname... yes
checking for ptsname_r... yes
checking for pwrite... yes
checking for pwritev... yes
checking for pwritev2... yes
checking for readlink... yes
checking for readlinkat... yes
checking for readv... yes
checking for realpath... yes
checking for renameat... yes
checking for rtpSpawn... no
checking for sched_get_priority_max... yes
checking for sched_rr_get_interval... yes
checking for sched_setaffinity... yes
checking for sched_setparam... yes
checking for sched_setscheduler... yes
checking for sem_clockwait... yes
checking for sem_getvalue... yes
checking for sem_open... yes
checking for sem_timedwait... yes
checking for sem_unlink... yes
checking for sendfile... yes
checking for setegid... yes
checking for seteuid... yes
checking for setgid... yes
checking for sethostname... yes
checking for setitimer... yes
checking for setlocale... yes
checking for setpgid... yes
checking for setpgrp... yes
checking for setpriority... yes
checking for setregid... yes
checking for setresgid... yes
checking for setresuid... yes
checking for setreuid... yes
checking for setsid... yes
checking for setuid... yes
checking for setvbuf... yes
checking for shutdown... yes
checking for sigaction... yes
checking for sigaltstack... yes
checking for sigfillset... yes
checking for siginterrupt... yes
checking for sigpending... yes
checking for sigrelse... yes
checking for sigtimedwait... yes
checking for sigwait... yes
checking for sigwaitinfo... yes
checking for snprintf... yes
checking for splice... yes
checking for strftime... yes
checking for strlcpy... yes
checking for strsignal... yes
checking for symlinkat... yes
checking for sync... yes
checking for sysconf... yes
checking for tcgetpgrp... yes
checking for tcsetpgrp... yes
checking for tempnam... yes
checking for timegm... yes
checking for times... yes
checking for tmpfile... yes
checking for tmpnam... yes
checking for tmpnam_r... yes
checking for truncate... yes
checking for ttyname_r... yes
checking for umask... yes
checking for uname... yes
checking for unlinkat... yes
checking for unlockpt... yes
checking for utimensat... yes
checking for utimes... yes
checking for vfork... yes
checking for wait... yes
checking for wait3... yes
checking for wait4... yes
checking for waitid... yes
checking for waitpid... yes
checking for wcscoll... yes
checking for wcsftime... yes
checking for wcsxfrm... yes
checking for wmemcmp... yes
checking for writev... yes
checking for statx... yes
checking for getentropy... yes
checking for getgroups... yes
checking for system... yes
checking for clang options needed to detect all undeclared functions... none needed
checking whether dirfd is declared... yes
checking for chroot... yes
checking for link... yes
checking for symlink... yes
checking for fchdir... yes
checking for fsync... yes
checking for fdatasync... yes
checking for epoll_create... yes
checking for epoll_create1... yes
checking for kqueue... no
checking for prlimit... yes
checking for _dyld_shared_cache_contains_path... no
checking for memfd_create... yes
checking for eventfd... yes
checking for timerfd_create... yes
checking for ctermid_r... no
checking for flock declaration... yes
checking for flock... yes
checking for getpagesize... yes
checking for broken unsetenv... no
checking for true... true
checking for inet_aton in -lc... yes
checking for hstrerror in -lc... yes
checking for chflags... no
checking for lchflags... no
checking for zlib >= 1.2.2.1... yes
checking for bzip2... yes
checking for liblzma... yes
checking for libzstd >= 1.4.5... yes
checking for hstrerror... yes
checking for getservbyname... yes
checking for getservbyport... yes
checking for gethostbyname... yes
checking for gethostbyaddr... yes
checking for getprotobyname... yes
checking for inet_aton... yes
checking for inet_ntoa... yes
checking for inet_pton... yes
checking for getpeername... (cached) yes
checking for getsockname... yes
checking for accept... yes
checking for bind... yes
checking for connect... yes
checking for listen... yes
checking for recvfrom... yes
checking for sendto... yes
checking for setsockopt... yes
checking for socket... yes
checking for setgroups... yes
checking whether MAXLOGNAME is declared... no
checking whether UT_NAMESIZE is declared... yes
checking for openpty... yes
checking for library containing login_tty... none required
checking for forkpty... yes
checking for fseek64... no
checking for fseeko... yes
checking for fstatvfs... yes
checking for ftell64... no
checking for ftello... yes
checking for statvfs... yes
checking for dup2... yes
checking for getpgrp... yes
checking for setpgrp... (cached) yes
checking for setns... yes
checking for unshare... yes
checking for clock_gettime... yes
checking for clock_getres... yes
checking for clock_settime... yes
checking for clock_nanosleep... yes
checking for nanosleep... yes
checking for major, minor, and makedev... yes
checking for getaddrinfo... yes
checking getaddrinfo bug... no
checking for getnameinfo... yes
checking whether struct tm is in sys/time.h or time.h... time.h
checking for struct tm.tm_zone... yes
checking for struct stat.st_rdev... yes
checking for struct stat.st_blksize... yes
checking for struct stat.st_flags... no
checking for struct stat.st_gen... no
checking for struct stat.st_birthtime... no
checking for struct stat.st_blocks... yes
checking for struct passwd.pw_gecos... yes
checking for struct passwd.pw_passwd... yes
checking for siginfo_t.si_band... yes
checking for struct statx.stx_mnt_id... yes
checking for struct statx.stx_dio_mem_align... yes
checking for struct statx.stx_subvol... yes
checking for struct statx.stx_atomic_write_unit_min... yes
checking for struct statx.stx_dio_read_offset_align... yes
checking for struct statx.stx_atomic_write_unit_max_opt... yes
checking for time.h that defines altzone... no
checking for addrinfo... yes
checking for sockaddr_storage... yes
checking for sockaddr_alg... yes
checking for an ANSI C-conforming const... yes
checking for working signed char... yes
checking for prototypes... yes
checking for socketpair... yes
checking if sockaddr has sa_len member... no
checking for gethostbyname_r... yes
checking gethostbyname_r with 6 args... yes
checking for __fpu_control... yes
checking for --with-libm=STRING... default LIBM="-lm"
checking for --with-libc=STRING... default LIBC=""
checking for x64 gcc inline assembler... yes
checking whether float word ordering is bigendian... no
checking whether we can use gcc inline assembler to get and set x87 control word... yes
checking whether we can use gcc inline assembler to get and set mc68881 fpcr... no
checking for x87-style double rounding... no
checking for acosh... yes
checking for asinh... yes
checking for atanh... yes
checking for erf... yes
checking for erfc... yes
checking for expm1... yes
checking for log1p... yes
checking for log2... yes
checking whether POSIX semaphores are enabled... yes
checking for broken sem_getvalue... no
checking whether RTLD_LAZY is declared... yes
checking whether RTLD_NOW is declared... yes
checking whether RTLD_GLOBAL is declared... yes
checking whether RTLD_LOCAL is declared... yes
checking whether RTLD_NODELETE is declared... yes
checking whether RTLD_NOLOAD is declared... yes
checking whether RTLD_DEEPBIND is declared... yes
checking whether RTLD_MEMBER is declared... no
checking digit size for Python's longs... no value specified
checking for wchar.h... (cached) yes
checking size of wchar_t... 4
checking whether wchar_t is signed... yes
checking whether wchar_t is usable... no
checking whether byte ordering is bigendian... no
checking ABIFLAGS... d
checking SOABI... cpython-315d-x86_64-linux-gnu
checking LDVERSION... $(VERSION)$(ABIFLAGS)
checking for --with-platlibdir... no
checking for --with-wheel-pkg-dir... no
checking whether right shift extends the sign bit... yes
checking for getc_unlocked() and friends... yes
checking for readline... yes
checking how to link readline... readline (CFLAGS: -D_DEFAULT_SOURCE , LIBS: -lreadline )
checking whether rl_completion_append_character is declared... yes
checking whether rl_completion_suppress_append is declared... yes
checking for rl_pre_input_hook in -lreadline... yes
checking for rl_completion_display_matches_hook in -lreadline... yes
checking for rl_resize_terminal in -lreadline... yes
checking for rl_completion_matches in -lreadline... yes
checking whether rl_catch_signals is declared... yes
checking for append_history in -lreadline... yes
checking for rl_compdisp_func_t... yes
checking if rl_startup_hook takes arguments... no
checking for broken nice()... no
checking for broken poll()... no
checking for working tzset()... yes
checking for tv_nsec in struct stat... yes
checking for tv_nsec2 in struct stat... no
checking for ncursesw... yes
checking for panelw... yes
checking for ncursesw/curses.h... yes
checking for ncursesw/ncurses.h... yes
checking for ncursesw/panel.h... yes
checking for ncurses/curses.h... no
checking for ncurses/ncurses.h... no
checking for ncurses/panel.h... no
checking for curses.h... yes
checking for ncurses.h... yes
checking for panel.h... yes
checking for library containing initscr... none required
checking for library containing update_panels... none required
checking for term.h... yes
checking whether mvwdelch is an expression... yes
checking whether WINDOW has _flags... no
checking for curses function is_pad... yes
checking for curses function is_term_resized... yes
checking for curses function resize_term... yes
checking for curses function resizeterm... yes
checking for curses function immedok... yes
checking for curses function syncok... yes
checking for curses function wchgat... yes
checking for curses function filter... yes
checking for curses function has_key... yes
checking for curses function typeahead... yes
checking for curses function use_env... yes
configure: checking for device files
checking for /dev/ptmx... yes
checking for /dev/ptc... no
checking for socklen_t... yes
checking for broken mbstowcs... no
checking for --with-computed-gotos... no value specified
checking whether clang supports computed gotos... yes
checking for --with-tail-call-interp... no value specified
checking for --with-remote-debug... yes
checking for build directories... done
checking for -O2... yes
checking for glibc _FORTIFY_SOURCE/memmove bug... no
checking for ensurepip... upgrade
checking if the dirent structure of a d_type field... yes
checking for the Linux getrandom() syscall... yes
checking for the getrandom() function... yes
checking for library containing shm_open... none required
checking for shm_open... yes
checking for shm_unlink... yes
checking for pkg-config... /bin/pkg-config
checking whether compiling and linking against OpenSSL works... yes
checking for --with-openssl-rpath... 
checking whether OpenSSL provides required ssl module APIs... yes
checking whether OpenSSL provides required hashlib module APIs... yes
checking for --with-ssl-default-suites... python
checking for --with-builtin-hashlib-hashes... md5,sha1,sha2,sha3,blake2
checking for --disable-test-modules... yes
checking whether libatomic is needed by <pyatomic.h>... no
checking for stdlib extension module _multiprocessing... yes
checking for stdlib extension module _posixshmem... yes
checking for stdlib extension module fcntl... yes
checking for stdlib extension module mmap... yes
checking for stdlib extension module _socket... yes
checking for stdlib extension module grp... yes
checking for stdlib extension module pwd... yes
checking for stdlib extension module resource... yes
checking for stdlib extension module _scproxy... n/a
checking for stdlib extension module syslog... yes
checking for stdlib extension module termios... yes
checking for stdlib extension module pyexpat... yes
checking for stdlib extension module _elementtree... yes
checking whether C compiler accepts -msse -msse2 -msse3 -msse4.1 -msse4.2... yes
checking for HACL* SIMD128 implementation... standard
checking whether C compiler accepts -mavx2... yes
checking for HACL* SIMD256 implementation... standard
checking for HACL* library linking type... shared
checking for stdlib extension module _md5... yes
checking for stdlib extension module _sha1... yes
checking for stdlib extension module _sha2... yes
checking for stdlib extension module _sha3... yes
checking for stdlib extension module _blake2... yes
checking for stdlib extension module _hmac... yes
checking for stdlib extension module _ctypes... yes
checking for stdlib extension module _curses... yes
checking for stdlib extension module _curses_panel... yes
checking for stdlib extension module _decimal... yes
checking for stdlib extension module _dbm... yes
checking for stdlib extension module _gdbm... yes
checking for stdlib extension module readline... yes
checking for stdlib extension module _sqlite3... yes
checking for stdlib extension module _tkinter... yes
checking for stdlib extension module _uuid... yes
checking for stdlib extension module zlib... yes
checking for stdlib extension module _bz2... yes
checking for stdlib extension module _lzma... yes
checking for stdlib extension module _zstd... yes
checking for stdlib extension module _ssl... yes
checking for stdlib extension module _hashlib... yes
checking for stdlib extension module _testcapi... yes
checking for stdlib extension module _testclinic... yes
checking for stdlib extension module _testclinic_limited... yes
checking for stdlib extension module _testlimitedcapi... yes
checking for stdlib extension module _testinternalcapi... yes
checking for stdlib extension module _testbuffer... yes
checking for stdlib extension module _testimportmultiple... yes
checking for stdlib extension module _testmultiphase... yes
checking for stdlib extension module _testsinglephase... yes
checking for stdlib extension module xxsubtype... yes
checking for stdlib extension module _xxtestfuzz... yes
checking for stdlib extension module _ctypes_test... yes
checking for stdlib extension module xxlimited... yes
checking for stdlib extension module xxlimited_35... yes
configure: creating ./config.status
config.status: creating Makefile.pre
config.status: creating Misc/python.pc
config.status: creating Misc/python-embed.pc
config.status: creating Misc/python-config.sh
config.status: creating Modules/Setup.bootstrap
config.status: creating Modules/Setup.stdlib
config.status: creating Modules/ld_so_aix
config.status: creating pyconfig.h
configure: creating Modules/Setup.local
configure: creating Makefile
clang -c -fsanitize=undefined -fsanitize=address -fno-omit-frame-pointer  -fno-strict-overflow -Wsign-compare -fno-omit-frame-pointer -mno-omit-leaf-frame-pointer -g -Og -Wall    -std=c11 -Wextra -Wno-unused-parameter -Wno-missing-field-initializers -Wstrict-prototypes -Werror=implicit-function-declaration -fvisibility=hidden -D_Py_TIER2=1 -D_Py_JIT  -I../../Include/internal -I../../Include/internal/mimalloc -IObjects -IInclude -IPython -I. -I../../Include    -DPy_BUILD_CORE -o Programs/python.o ../../Programs/python.c
clang -c -fsanitize=undefined -fsanitize=address -fno-omit-frame-pointer  -fno-strict-overflow -Wsign-compare -fno-omit-frame-pointer -mno-omit-leaf-frame-pointer -g -Og -Wall    -std=c11 -Wextra -Wno-unused-parameter -Wno-missing-field-initializers -Wstrict-prototypes -Werror=implicit-function-declaration -fvisibility=hidden -D_Py_TIER2=1 -D_Py_JIT  -I../../Include/internal -I../../Include/internal/mimalloc -IObjects -IInclude -IPython -I. -I../../Include    -DPy_BUILD_CORE -o Parser/token.o ../../Parser/token.c
clang -c -fsanitize=undefined -fsanitize=address -fno-omit-frame-pointer  -fno-strict-overflow -Wsign-compare -fno-omit-frame-pointer -mno-omit-leaf-frame-pointer -g -Og -Wall    -std=c11 -Wextra -Wno-unused-parameter -Wno-missing-field-initializers -Wstrict-prototypes -Werror=implicit-function-declaration -fvisibility=hidden -D_Py_TIER2=1 -D_Py_JIT  -I../../Include/internal -I../../Include/internal/mimalloc -IObjects -IInclude -IPython -I. -I../../Include    -DPy_BUILD_CORE -o Parser/pegen.o ../../Parser/pegen.c
clang -c -fsanitize=undefined -fsanitize=address -fno-omit-frame-pointer  -fno-strict-overflow -Wsign-compare -fno-omit-frame-pointer -mno-omit-leaf-frame-pointer -g -Og -Wall    -std=c11 -Wextra -Wno-unused-parameter -Wno-missing-field-initializers -Wstrict-prototypes -Werror=implicit-function-declaration -fvisibility=hidden -D_Py_TIER2=1 -D_Py_JIT  -I../../Include/internal -I../../Include/internal/mimalloc -IObjects -IInclude -IPython -I. -I../../Include    -DPy_BUILD_CORE -o Parser/pegen_errors.o ../../Parser/pegen_errors.c
clang -c -fsanitize=undefined -fsanitize=address -fno-omit-frame-pointer  -fno-strict-overflow -Wsign-compare -fno-omit-frame-pointer -mno-omit-leaf-frame-pointer -g -Og -Wall    -std=c11 -Wextra -Wno-unused-parameter -Wno-missing-field-initializers -Wstrict-prototypes -Werror=implicit-function-declaration -fvisibility=hidden -D_Py_TIER2=1 -D_Py_JIT  -I../../Include/internal -I../../Include/internal/mimalloc -IObjects -IInclude -IPython -I. -I../../Include    -DPy_BUILD_CORE -o Parser/action_helpers.o ../../Parser/action_helpers.c
clang -c -fsanitize=undefined -fsanitize=address -fno-omit-frame-pointer  -fno-strict-overflow -Wsign-compare -fno-omit-frame-pointer -mno-omit-leaf-frame-pointer -g -Og -Wall    -std=c11 -Wextra -Wno-unused-parameter -Wno-missing-field-initializers -Wstrict-prototypes -Werror=implicit-function-declaration -fvisibility=hidden -D_Py_TIER2=1 -D_Py_JIT  -I../../Include/internal -I../../Include/internal/mimalloc -IObjects -IInclude -IPython -I. -I../../Include    -DPy_BUILD_CORE -o Parser/parser.o ../../Parser/parser.c
clang -c -fsanitize=undefined -fsanitize=address -fno-omit-frame-pointer  -fno-strict-overflow -Wsign-compare -fno-omit-frame-pointer -mno-omit-leaf-frame-pointer -g -Og -Wall    -std=c11 -Wextra -Wno-unused-parameter -Wno-missing-field-initializers -Wstrict-prototypes -Werror=implicit-function-declaration -fvisibility=hidden -D_Py_TIER2=1 -D_Py_JIT  -I../../Include/internal -I../../Include/internal/mimalloc -IObjects -IInclude -IPython -I. -I../../Include    -DPy_BUILD_CORE -o Parser/string_parser.o ../../Parser/string_parser.c
clang -c -fsanitize=undefined -fsanitize=address -fno-omit-frame-pointer  -fno-strict-overflow -Wsign-compare -fno-omit-frame-pointer -mno-omit-leaf-frame-pointer -g -Og -Wall    -std=c11 -Wextra -Wno-unused-parameter -Wno-missing-field-initializers -Wstrict-prototypes -Werror=implicit-function-declaration -fvisibility=hidden -D_Py_TIER2=1 -D_Py_JIT  -I../../Include/internal -I../../Include/internal/mimalloc -IObjects -IInclude -IPython -I. -I../../Include    -DPy_BUILD_CORE -o Parser/peg_api.o ../../Parser/peg_api.c
clang -c -fsanitize=undefined -fsanitize=address -fno-omit-frame-pointer  -fno-strict-overflow -Wsign-compare -fno-omit-frame-pointer -mno-omit-leaf-frame-pointer -g -Og -Wall    -std=c11 -Wextra -Wno-unused-parameter -Wno-missing-field-initializers -Wstrict-prototypes -Werror=implicit-function-declaration -fvisibility=hidden -D_Py_TIER2=1 -D_Py_JIT  -I../../Include/internal -I../../Include/internal/mimalloc -IObjects -IInclude -IPython -I. -I../../Include    -DPy_BUILD_CORE -o Parser/lexer/buffer.o ../../Parser/lexer/buffer.c
clang -c -fsanitize=undefined -fsanitize=address -fno-omit-frame-pointer  -fno-strict-overflow -Wsign-compare -fno-omit-frame-pointer -mno-omit-leaf-frame-pointer -g -Og -Wall    -std=c11 -Wextra -Wno-unused-parameter -Wno-missing-field-initializers -Wstrict-prototypes -Werror=implicit-function-declaration -fvisibility=hidden -D_Py_TIER2=1 -D_Py_JIT  -I../../Include/internal -I../../Include/internal/mimalloc -IObjects -IInclude -IPython -I. -I../../Include    -DPy_BUILD_CORE -o Parser/lexer/lexer.o ../../Parser/lexer/lexer.c
clang -c -fsanitize=undefined -fsanitize=address -fno-omit-frame-pointer  -fno-strict-overflow -Wsign-compare -fno-omit-frame-pointer -mno-omit-leaf-frame-pointer -g -Og -Wall    -std=c11 -Wextra -Wno-unused-parameter -Wno-missing-field-initializers -Wstrict-prototypes -Werror=implicit-function-declaration -fvisibility=hidden -D_Py_TIER2=1 -D_Py_JIT  -I../../Include/internal -I../../Include/internal/mimalloc -IObjects -IInclude -IPython -I. -I../../Include    -DPy_BUILD_CORE -o Parser/lexer/state.o ../../Parser/lexer/state.c
clang -c -fsanitize=undefined -fsanitize=address -fno-omit-frame-pointer  -fno-strict-overflow -Wsign-compare -fno-omit-frame-pointer -mno-omit-leaf-frame-pointer -g -Og -Wall    -std=c11 -Wextra -Wno-unused-parameter -Wno-missing-field-initializers -Wstrict-prototypes -Werror=implicit-function-declaration -fvisibility=hidden -D_Py_TIER2=1 -D_Py_JIT  -I../../Include/internal -I../../Include/internal/mimalloc -IObjects -IInclude -IPython -I. -I../../Include    -DPy_BUILD_CORE -o Parser/tokenizer/file_tokenizer.o ../../Parser/tokenizer/file_tokenizer.c
clang -c -fsanitize=undefined -fsanitize=address -fno-omit-frame-pointer  -fno-strict-overflow -Wsign-compare -fno-omit-frame-pointer -mno-omit-leaf-frame-pointer -g -Og -Wall    -std=c11 -Wextra -Wno-unused-parameter -Wno-missing-field-initializers -Wstrict-prototypes -Werror=implicit-function-declaration -fvisibility=hidden -D_Py_TIER2=1 -D_Py_JIT  -I../../Include/internal -I../../Include/internal/mimalloc -IObjects -IInclude -IPython -I. -I../../Include    -DPy_BUILD_CORE -o Parser/tokenizer/readline_tokenizer.o ../../Parser/tokenizer/readline_tokenizer.c
clang -c -fsanitize=undefined -fsanitize=address -fno-omit-frame-pointer  -fno-strict-overflow -Wsign-compare -fno-omit-frame-pointer -mno-omit-leaf-frame-pointer -g -Og -Wall    -std=c11 -Wextra -Wno-unused-parameter -Wno-missing-field-initializers -Wstrict-prototypes -Werror=implicit-function-declaration -fvisibility=hidden -D_Py_TIER2=1 -D_Py_JIT  -I../../Include/internal -I../../Include/internal/mimalloc -IObjects -IInclude -IPython -I. -I../../Include    -DPy_BUILD_CORE -o Parser/tokenizer/string_tokenizer.o ../../Parser/tokenizer/string_tokenizer.c
clang -c -fsanitize=undefined -fsanitize=address -fno-omit-frame-pointer  -fno-strict-overflow -Wsign-compare -fno-omit-frame-pointer -mno-omit-leaf-frame-pointer -g -Og -Wall    -std=c11 -Wextra -Wno-unused-parameter -Wno-missing-field-initializers -Wstrict-prototypes -Werror=implicit-function-declaration -fvisibility=hidden -D_Py_TIER2=1 -D_Py_JIT  -I../../Include/internal -I../../Include/internal/mimalloc -IObjects -IInclude -IPython -I. -I../../Include    -DPy_BUILD_CORE -o Parser/tokenizer/utf8_tokenizer.o ../../Parser/tokenizer/utf8_tokenizer.c
clang -c -fsanitize=undefined -fsanitize=address -fno-omit-frame-pointer  -fno-strict-overflow -Wsign-compare -fno-omit-frame-pointer -mno-omit-leaf-frame-pointer -g -Og -Wall    -std=c11 -Wextra -Wno-unused-parameter -Wno-missing-field-initializers -Wstrict-prototypes -Werror=implicit-function-declaration -fvisibility=hidden -D_Py_TIER2=1 -D_Py_JIT  -I../../Include/internal -I../../Include/internal/mimalloc -IObjects -IInclude -IPython -I. -I../../Include    -DPy_BUILD_CORE -o Parser/tokenizer/helpers.o ../../Parser/tokenizer/helpers.c
clang -c -fsanitize=undefined -fsanitize=address -fno-omit-frame-pointer  -fno-strict-overflow -Wsign-compare -fno-omit-frame-pointer -mno-omit-leaf-frame-pointer -g -Og -Wall    -std=c11 -Wextra -Wno-unused-parameter -Wno-missing-field-initializers -Wstrict-prototypes -Werror=implicit-function-declaration -fvisibility=hidden -D_Py_TIER2=1 -D_Py_JIT  -I../../Include/internal -I../../Include/internal/mimalloc -IObjects -IInclude -IPython -I. -I../../Include    -DPy_BUILD_CORE -o Parser/myreadline.o ../../Parser/myreadline.c
clang -c -fsanitize=undefined -fsanitize=address -fno-omit-frame-pointer  -fno-strict-overflow -Wsign-compare -fno-omit-frame-pointer -mno-omit-leaf-frame-pointer -g -Og -Wall    -std=c11 -Wextra -Wno-unused-parameter -Wno-missing-field-initializers -Wstrict-prototypes -Werror=implicit-function-declaration -fvisibility=hidden -D_Py_TIER2=1 -D_Py_JIT  -I../../Include/internal -I../../Include/internal/mimalloc -IObjects -IInclude -IPython -I. -I../../Include    -DPy_BUILD_CORE -o Objects/abstract.o ../../Objects/abstract.c
clang -c -fsanitize=undefined -fsanitize=address -fno-omit-frame-pointer  -fno-strict-overflow -Wsign-compare -fno-omit-frame-pointer -mno-omit-leaf-frame-pointer -g -Og -Wall    -std=c11 -Wextra -Wno-unused-parameter -Wno-missing-field-initializers -Wstrict-prototypes -Werror=implicit-function-declaration -fvisibility=hidden -D_Py_TIER2=1 -D_Py_JIT  -I../../Include/internal -I../../Include/internal/mimalloc -IObjects -IInclude -IPython -I. -I../../Include    -DPy_BUILD_CORE -o Objects/boolobject.o ../../Objects/boolobject.c
clang -c -fsanitize=undefined -fsanitize=address -fno-omit-frame-pointer  -fno-strict-overflow -Wsign-compare -fno-omit-frame-pointer -mno-omit-leaf-frame-pointer -g -Og -Wall    -std=c11 -Wextra -Wno-unused-parameter -Wno-missing-field-initializers -Wstrict-prototypes -Werror=implicit-function-declaration -fvisibility=hidden -D_Py_TIER2=1 -D_Py_JIT  -I../../Include/internal -I../../Include/internal/mimalloc -IObjects -IInclude -IPython -I. -I../../Include    -DPy_BUILD_CORE -o Objects/bytes_methods.o ../../Objects/bytes_methods.c
clang -c -fsanitize=undefined -fsanitize=address -fno-omit-frame-pointer  -fno-strict-overflow -Wsign-compare -fno-omit-frame-pointer -mno-omit-leaf-frame-pointer -g -Og -Wall    -std=c11 -Wextra -Wno-unused-parameter -Wno-missing-field-initializers -Wstrict-prototypes -Werror=implicit-function-declaration -fvisibility=hidden -D_Py_TIER2=1 -D_Py_JIT  -I../../Include/internal -I../../Include/internal/mimalloc -IObjects -IInclude -IPython -I. -I../../Include    -DPy_BUILD_CORE -o Objects/bytearrayobject.o ../../Objects/bytearrayobject.c
clang -c -fsanitize=undefined -fsanitize=address -fno-omit-frame-pointer  -fno-strict-overflow -Wsign-compare -fno-omit-frame-pointer -mno-omit-leaf-frame-pointer -g -Og -Wall    -std=c11 -Wextra -Wno-unused-parameter -Wno-missing-field-initializers -Wstrict-prototypes -Werror=implicit-function-declaration -fvisibility=hidden -D_Py_TIER2=1 -D_Py_JIT  -I../../Include/internal -I../../Include/internal/mimalloc -IObjects -IInclude -IPython -I. -I../../Include    -DPy_BUILD_CORE -o Objects/bytesobject.o ../../Objects/bytesobject.c
clang -c -fsanitize=undefined -fsanitize=address -fno-omit-frame-pointer  -fno-strict-overflow -Wsign-compare -fno-omit-frame-pointer -mno-omit-leaf-frame-pointer -g -Og -Wall    -std=c11 -Wextra -Wno-unused-parameter -Wno-missing-field-initializers -Wstrict-prototypes -Werror=implicit-function-declaration -fvisibility=hidden -D_Py_TIER2=1 -D_Py_JIT  -I../../Include/internal -I../../Include/internal/mimalloc -IObjects -IInclude -IPython -I. -I../../Include    -DPy_BUILD_CORE -o Objects/call.o ../../Objects/call.c
clang -c -fsanitize=undefined -fsanitize=address -fno-omit-frame-pointer  -fno-strict-overflow -Wsign-compare -fno-omit-frame-pointer -mno-omit-leaf-frame-pointer -g -Og -Wall    -std=c11 -Wextra -Wno-unused-parameter -Wno-missing-field-initializers -Wstrict-prototypes -Werror=implicit-function-declaration -fvisibility=hidden -D_Py_TIER2=1 -D_Py_JIT  -I../../Include/internal -I../../Include/internal/mimalloc -IObjects -IInclude -IPython -I. -I../../Include    -DPy_BUILD_CORE -o Objects/capsule.o ../../Objects/capsule.c
clang -c -fsanitize=undefined -fsanitize=address -fno-omit-frame-pointer  -fno-strict-overflow -Wsign-compare -fno-omit-frame-pointer -mno-omit-leaf-frame-pointer -g -Og -Wall    -std=c11 -Wextra -Wno-unused-parameter -Wno-missing-field-initializers -Wstrict-prototypes -Werror=implicit-function-declaration -fvisibility=hidden -D_Py_TIER2=1 -D_Py_JIT  -I../../Include/internal -I../../Include/internal/mimalloc -IObjects -IInclude -IPython -I. -I../../Include    -DPy_BUILD_CORE -o Objects/cellobject.o ../../Objects/cellobject.c
clang -c -fsanitize=undefined -fsanitize=address -fno-omit-frame-pointer  -fno-strict-overflow -Wsign-compare -fno-omit-frame-pointer -mno-omit-leaf-frame-pointer -g -Og -Wall    -std=c11 -Wextra -Wno-unused-parameter -Wno-missing-field-initializers -Wstrict-prototypes -Werror=implicit-function-declaration -fvisibility=hidden -D_Py_TIER2=1 -D_Py_JIT  -I../../Include/internal -I../../Include/internal/mimalloc -IObjects -IInclude -IPython -I. -I../../Include    -DPy_BUILD_CORE -o Objects/classobject.o ../../Objects/classobject.c
clang -c -fsanitize=undefined -fsanitize=address -fno-omit-frame-pointer  -fno-strict-overflow -Wsign-compare -fno-omit-frame-pointer -mno-omit-leaf-frame-pointer -g -Og -Wall    -std=c11 -Wextra -Wno-unused-parameter -Wno-missing-field-initializers -Wstrict-prototypes -Werror=implicit-function-declaration -fvisibility=hidden -D_Py_TIER2=1 -D_Py_JIT  -I../../Include/internal -I../../Include/internal/mimalloc -IObjects -IInclude -IPython -I. -I../../Include    -DPy_BUILD_CORE -o Objects/codeobject.o ../../Objects/codeobject.c
clang -c -fsanitize=undefined -fsanitize=address -fno-omit-frame-pointer  -fno-strict-overflow -Wsign-compare -fno-omit-frame-pointer -mno-omit-leaf-frame-pointer -g -Og -Wall    -std=c11 -Wextra -Wno-unused-parameter -Wno-missing-field-initializers -Wstrict-prototypes -Werror=implicit-function-declaration -fvisibility=hidden -D_Py_TIER2=1 -D_Py_JIT  -I../../Include/internal -I../../Include/internal/mimalloc -IObjects -IInclude -IPython -I. -I../../Include    -DPy_BUILD_CORE -o Objects/complexobject.o ../../Objects/complexobject.c
clang -c -fsanitize=undefined -fsanitize=address -fno-omit-frame-pointer  -fno-strict-overflow -Wsign-compare -fno-omit-frame-pointer -mno-omit-leaf-frame-pointer -g -Og -Wall    -std=c11 -Wextra -Wno-unused-parameter -Wno-missing-field-initializers -Wstrict-prototypes -Werror=implicit-function-declaration -fvisibility=hidden -D_Py_TIER2=1 -D_Py_JIT  -I../../Include/internal -I../../Include/internal/mimalloc -IObjects -IInclude -IPython -I. -I../../Include    -DPy_BUILD_CORE -o Objects/descrobject.o ../../Objects/descrobject.c
clang -c -fsanitize=undefined -fsanitize=address -fno-omit-frame-pointer  -fno-strict-overflow -Wsign-compare -fno-omit-frame-pointer -mno-omit-leaf-frame-pointer -g -Og -Wall    -std=c11 -Wextra -Wno-unused-parameter -Wno-missing-field-initializers -Wstrict-prototypes -Werror=implicit-function-declaration -fvisibility=hidden -D_Py_TIER2=1 -D_Py_JIT  -I../../Include/internal -I../../Include/internal/mimalloc -IObjects -IInclude -IPython -I. -I../../Include    -DPy_BUILD_CORE -o Objects/enumobject.o ../../Objects/enumobject.c
clang -c -fsanitize=undefined -fsanitize=address -fno-omit-frame-pointer  -fno-strict-overflow -Wsign-compare -fno-omit-frame-pointer -mno-omit-leaf-frame-pointer -g -Og -Wall    -std=c11 -Wextra -Wno-unused-parameter -Wno-missing-field-initializers -Wstrict-prototypes -Werror=implicit-function-declaration -fvisibility=hidden -D_Py_TIER2=1 -D_Py_JIT  -I../../Include/internal -I../../Include/internal/mimalloc -IObjects -IInclude -IPython -I. -I../../Include    -DPy_BUILD_CORE -o Objects/exceptions.o ../../Objects/exceptions.c
clang -c -fsanitize=undefined -fsanitize=address -fno-omit-frame-pointer  -fno-strict-overflow -Wsign-compare -fno-omit-frame-pointer -mno-omit-leaf-frame-pointer -g -Og -Wall    -std=c11 -Wextra -Wno-unused-parameter -Wno-missing-field-initializers -Wstrict-prototypes -Werror=implicit-function-declaration -fvisibility=hidden -D_Py_TIER2=1 -D_Py_JIT  -I../../Include/internal -I../../Include/internal/mimalloc -IObjects -IInclude -IPython -I. -I../../Include    -DPy_BUILD_CORE -o Objects/genericaliasobject.o ../../Objects/genericaliasobject.c
clang -c -fsanitize=undefined -fsanitize=address -fno-omit-frame-pointer  -fno-strict-overflow -Wsign-compare -fno-omit-frame-pointer -mno-omit-leaf-frame-pointer -g -Og -Wall    -std=c11 -Wextra -Wno-unused-parameter -Wno-missing-field-initializers -Wstrict-prototypes -Werror=implicit-function-declaration -fvisibility=hidden -D_Py_TIER2=1 -D_Py_JIT  -I../../Include/internal -I../../Include/internal/mimalloc -IObjects -IInclude -IPython -I. -I../../Include    -DPy_BUILD_CORE -o Objects/genobject.o ../../Objects/genobject.c
clang -c -fsanitize=undefined -fsanitize=address -fno-omit-frame-pointer  -fno-strict-overflow -Wsign-compare -fno-omit-frame-pointer -mno-omit-leaf-frame-pointer -g -Og -Wall    -std=c11 -Wextra -Wno-unused-parameter -Wno-missing-field-initializers -Wstrict-prototypes -Werror=implicit-function-declaration -fvisibility=hidden -D_Py_TIER2=1 -D_Py_JIT  -I../../Include/internal -I../../Include/internal/mimalloc -IObjects -IInclude -IPython -I. -I../../Include    -DPy_BUILD_CORE -o Objects/fileobject.o ../../Objects/fileobject.c
clang -c -fsanitize=undefined -fsanitize=address -fno-omit-frame-pointer  -fno-strict-overflow -Wsign-compare -fno-omit-frame-pointer -mno-omit-leaf-frame-pointer -g -Og -Wall    -std=c11 -Wextra -Wno-unused-parameter -Wno-missing-field-initializers -Wstrict-prototypes -Werror=implicit-function-declaration -fvisibility=hidden -D_Py_TIER2=1 -D_Py_JIT  -I../../Include/internal -I../../Include/internal/mimalloc -IObjects -IInclude -IPython -I. -I../../Include    -DPy_BUILD_CORE -o Objects/floatobject.o ../../Objects/floatobject.c
clang -c -fsanitize=undefined -fsanitize=address -fno-omit-frame-pointer  -fno-strict-overflow -Wsign-compare -fno-omit-frame-pointer -mno-omit-leaf-frame-pointer -g -Og -Wall    -std=c11 -Wextra -Wno-unused-parameter -Wno-missing-field-initializers -Wstrict-prototypes -Werror=implicit-function-declaration -fvisibility=hidden -D_Py_TIER2=1 -D_Py_JIT  -I../../Include/internal -I../../Include/internal/mimalloc -IObjects -IInclude -IPython -I. -I../../Include    -DPy_BUILD_CORE -o Objects/frameobject.o ../../Objects/frameobject.c
clang -c -fsanitize=undefined -fsanitize=address -fno-omit-frame-pointer  -fno-strict-overflow -Wsign-compare -fno-omit-frame-pointer -mno-omit-leaf-frame-pointer -g -Og -Wall    -std=c11 -Wextra -Wno-unused-parameter -Wno-missing-field-initializers -Wstrict-prototypes -Werror=implicit-function-declaration -fvisibility=hidden -D_Py_TIER2=1 -D_Py_JIT  -I../../Include/internal -I../../Include/internal/mimalloc -IObjects -IInclude -IPython -I. -I../../Include    -DPy_BUILD_CORE -o Objects/funcobject.o ../../Objects/funcobject.c
clang -c -fsanitize=undefined -fsanitize=address -fno-omit-frame-pointer  -fno-strict-overflow -Wsign-compare -fno-omit-frame-pointer -mno-omit-leaf-frame-pointer -g -Og -Wall    -std=c11 -Wextra -Wno-unused-parameter -Wno-missing-field-initializers -Wstrict-prototypes -Werror=implicit-function-declaration -fvisibility=hidden -D_Py_TIER2=1 -D_Py_JIT  -I../../Include/internal -I../../Include/internal/mimalloc -IObjects -IInclude -IPython -I. -I../../Include    -DPy_BUILD_CORE -o Objects/interpolationobject.o ../../Objects/interpolationobject.c
clang -c -fsanitize=undefined -fsanitize=address -fno-omit-frame-pointer  -fno-strict-overflow -Wsign-compare -fno-omit-frame-pointer -mno-omit-leaf-frame-pointer -g -Og -Wall    -std=c11 -Wextra -Wno-unused-parameter -Wno-missing-field-initializers -Wstrict-prototypes -Werror=implicit-function-declaration -fvisibility=hidden -D_Py_TIER2=1 -D_Py_JIT  -I../../Include/internal -I../../Include/internal/mimalloc -IObjects -IInclude -IPython -I. -I../../Include    -DPy_BUILD_CORE -o Objects/iterobject.o ../../Objects/iterobject.c
clang -c -fsanitize=undefined -fsanitize=address -fno-omit-frame-pointer  -fno-strict-overflow -Wsign-compare -fno-omit-frame-pointer -mno-omit-leaf-frame-pointer -g -Og -Wall    -std=c11 -Wextra -Wno-unused-parameter -Wno-missing-field-initializers -Wstrict-prototypes -Werror=implicit-function-declaration -fvisibility=hidden -D_Py_TIER2=1 -D_Py_JIT  -I../../Include/internal -I../../Include/internal/mimalloc -IObjects -IInclude -IPython -I. -I../../Include    -DPy_BUILD_CORE -o Objects/listobject.o ../../Objects/listobject.c
clang -c -fsanitize=undefined -fsanitize=address -fno-omit-frame-pointer  -fno-strict-overflow -Wsign-compare -fno-omit-frame-pointer -mno-omit-leaf-frame-pointer -g -Og -Wall    -std=c11 -Wextra -Wno-unused-parameter -Wno-missing-field-initializers -Wstrict-prototypes -Werror=implicit-function-declaration -fvisibility=hidden -D_Py_TIER2=1 -D_Py_JIT  -I../../Include/internal -I../../Include/internal/mimalloc -IObjects -IInclude -IPython -I. -I../../Include    -DPy_BUILD_CORE -o Objects/longobject.o ../../Objects/longobject.c
clang -c -fsanitize=undefined -fsanitize=address -fno-omit-frame-pointer  -fno-strict-overflow -Wsign-compare -fno-omit-frame-pointer -mno-omit-leaf-frame-pointer -g -Og -Wall    -std=c11 -Wextra -Wno-unused-parameter -Wno-missing-field-initializers -Wstrict-prototypes -Werror=implicit-function-declaration -fvisibility=hidden -D_Py_TIER2=1 -D_Py_JIT  -I../../Include/internal -I../../Include/internal/mimalloc -IObjects -IInclude -IPython -I. -I../../Include    -DPy_BUILD_CORE -o Objects/dictobject.o ../../Objects/dictobject.c
clang -c -fsanitize=undefined -fsanitize=address -fno-omit-frame-pointer  -fno-strict-overflow -Wsign-compare -fno-omit-frame-pointer -mno-omit-leaf-frame-pointer -g -Og -Wall    -std=c11 -Wextra -Wno-unused-parameter -Wno-missing-field-initializers -Wstrict-prototypes -Werror=implicit-function-declaration -fvisibility=hidden -D_Py_TIER2=1 -D_Py_JIT  -I../../Include/internal -I../../Include/internal/mimalloc -IObjects -IInclude -IPython -I. -I../../Include    -DPy_BUILD_CORE -o Objects/odictobject.o ../../Objects/odictobject.c
clang -c -fsanitize=undefined -fsanitize=address -fno-omit-frame-pointer  -fno-strict-overflow -Wsign-compare -fno-omit-frame-pointer -mno-omit-leaf-frame-pointer -g -Og -Wall    -std=c11 -Wextra -Wno-unused-parameter -Wno-missing-field-initializers -Wstrict-prototypes -Werror=implicit-function-declaration -fvisibility=hidden -D_Py_TIER2=1 -D_Py_JIT  -I../../Include/internal -I../../Include/internal/mimalloc -IObjects -IInclude -IPython -I. -I../../Include    -DPy_BUILD_CORE -o Objects/memoryobject.o ../../Objects/memoryobject.c
clang -c -fsanitize=undefined -fsanitize=address -fno-omit-frame-pointer  -fno-strict-overflow -Wsign-compare -fno-omit-frame-pointer -mno-omit-leaf-frame-pointer -g -Og -Wall    -std=c11 -Wextra -Wno-unused-parameter -Wno-missing-field-initializers -Wstrict-prototypes -Werror=implicit-function-declaration -fvisibility=hidden -D_Py_TIER2=1 -D_Py_JIT  -I../../Include/internal -I../../Include/internal/mimalloc -IObjects -IInclude -IPython -I. -I../../Include    -DPy_BUILD_CORE -o Objects/methodobject.o ../../Objects/methodobject.c
clang -c -fsanitize=undefined -fsanitize=address -fno-omit-frame-pointer  -fno-strict-overflow -Wsign-compare -fno-omit-frame-pointer -mno-omit-leaf-frame-pointer -g -Og -Wall    -std=c11 -Wextra -Wno-unused-parameter -Wno-missing-field-initializers -Wstrict-prototypes -Werror=implicit-function-declaration -fvisibility=hidden -D_Py_TIER2=1 -D_Py_JIT  -I../../Include/internal -I../../Include/internal/mimalloc -IObjects -IInclude -IPython -I. -I../../Include    -DPy_BUILD_CORE -o Objects/moduleobject.o ../../Objects/moduleobject.c
clang -c -fsanitize=undefined -fsanitize=address -fno-omit-frame-pointer  -fno-strict-overflow -Wsign-compare -fno-omit-frame-pointer -mno-omit-leaf-frame-pointer -g -Og -Wall    -std=c11 -Wextra -Wno-unused-parameter -Wno-missing-field-initializers -Wstrict-prototypes -Werror=implicit-function-declaration -fvisibility=hidden -D_Py_TIER2=1 -D_Py_JIT  -I../../Include/internal -I../../Include/internal/mimalloc -IObjects -IInclude -IPython -I. -I../../Include    -DPy_BUILD_CORE -o Objects/namespaceobject.o ../../Objects/namespaceobject.c
clang -c -fsanitize=undefined -fsanitize=address -fno-omit-frame-pointer  -fno-strict-overflow -Wsign-compare -fno-omit-frame-pointer -mno-omit-leaf-frame-pointer -g -Og -Wall    -std=c11 -Wextra -Wno-unused-parameter -Wno-missing-field-initializers -Wstrict-prototypes -Werror=implicit-function-declaration -fvisibility=hidden -D_Py_TIER2=1 -D_Py_JIT  -I../../Include/internal -I../../Include/internal/mimalloc -IObjects -IInclude -IPython -I. -I../../Include    -DPy_BUILD_CORE -o Objects/object.o ../../Objects/object.c
clang -c -fsanitize=undefined -fsanitize=address -fno-omit-frame-pointer  -fno-strict-overflow -Wsign-compare -fno-omit-frame-pointer -mno-omit-leaf-frame-pointer -g -Og -Wall    -std=c11 -Wextra -Wno-unused-parameter -Wno-missing-field-initializers -Wstrict-prototypes -Werror=implicit-function-declaration -fvisibility=hidden -D_Py_TIER2=1 -D_Py_JIT  -I../../Include/internal -I../../Include/internal/mimalloc -IObjects -IInclude -IPython -I. -I../../Include    -DPy_BUILD_CORE -o Objects/obmalloc.o ../../Objects/obmalloc.c
clang -c -fsanitize=undefined -fsanitize=address -fno-omit-frame-pointer  -fno-strict-overflow -Wsign-compare -fno-omit-frame-pointer -mno-omit-leaf-frame-pointer -g -Og -Wall    -std=c11 -Wextra -Wno-unused-parameter -Wno-missing-field-initializers -Wstrict-prototypes -Werror=implicit-function-declaration -fvisibility=hidden -D_Py_TIER2=1 -D_Py_JIT  -I../../Include/internal -I../../Include/internal/mimalloc -IObjects -IInclude -IPython -I. -I../../Include    -DPy_BUILD_CORE -o Objects/picklebufobject.o ../../Objects/picklebufobject.c
clang -c -fsanitize=undefined -fsanitize=address -fno-omit-frame-pointer  -fno-strict-overflow -Wsign-compare -fno-omit-frame-pointer -mno-omit-leaf-frame-pointer -g -Og -Wall    -std=c11 -Wextra -Wno-unused-parameter -Wno-missing-field-initializers -Wstrict-prototypes -Werror=implicit-function-declaration -fvisibility=hidden -D_Py_TIER2=1 -D_Py_JIT  -I../../Include/internal -I../../Include/internal/mimalloc -IObjects -IInclude -IPython -I. -I../../Include    -DPy_BUILD_CORE -o Objects/rangeobject.o ../../Objects/rangeobject.c
clang -c -fsanitize=undefined -fsanitize=address -fno-omit-frame-pointer  -fno-strict-overflow -Wsign-compare -fno-omit-frame-pointer -mno-omit-leaf-frame-pointer -g -Og -Wall    -std=c11 -Wextra -Wno-unused-parameter -Wno-missing-field-initializers -Wstrict-prototypes -Werror=implicit-function-declaration -fvisibility=hidden -D_Py_TIER2=1 -D_Py_JIT  -I../../Include/internal -I../../Include/internal/mimalloc -IObjects -IInclude -IPython -I. -I../../Include    -DPy_BUILD_CORE -o Objects/setobject.o ../../Objects/setobject.c
clang -c -fsanitize=undefined -fsanitize=address -fno-omit-frame-pointer  -fno-strict-overflow -Wsign-compare -fno-omit-frame-pointer -mno-omit-leaf-frame-pointer -g -Og -Wall    -std=c11 -Wextra -Wno-unused-parameter -Wno-missing-field-initializers -Wstrict-prototypes -Werror=implicit-function-declaration -fvisibility=hidden -D_Py_TIER2=1 -D_Py_JIT  -I../../Include/internal -I../../Include/internal/mimalloc -IObjects -IInclude -IPython -I. -I../../Include    -DPy_BUILD_CORE -o Objects/sliceobject.o ../../Objects/sliceobject.c
clang -c -fsanitize=undefined -fsanitize=address -fno-omit-frame-pointer  -fno-strict-overflow -Wsign-compare -fno-omit-frame-pointer -mno-omit-leaf-frame-pointer -g -Og -Wall    -std=c11 -Wextra -Wno-unused-parameter -Wno-missing-field-initializers -Wstrict-prototypes -Werror=implicit-function-declaration -fvisibility=hidden -D_Py_TIER2=1 -D_Py_JIT  -I../../Include/internal -I../../Include/internal/mimalloc -IObjects -IInclude -IPython -I. -I../../Include    -DPy_BUILD_CORE -o Objects/structseq.o ../../Objects/structseq.c
clang -c -fsanitize=undefined -fsanitize=address -fno-omit-frame-pointer  -fno-strict-overflow -Wsign-compare -fno-omit-frame-pointer -mno-omit-leaf-frame-pointer -g -Og -Wall    -std=c11 -Wextra -Wno-unused-parameter -Wno-missing-field-initializers -Wstrict-prototypes -Werror=implicit-function-declaration -fvisibility=hidden -D_Py_TIER2=1 -D_Py_JIT  -I../../Include/internal -I../../Include/internal/mimalloc -IObjects -IInclude -IPython -I. -I../../Include    -DPy_BUILD_CORE -o Objects/templateobject.o ../../Objects/templateobject.c
clang -c -fsanitize=undefined -fsanitize=address -fno-omit-frame-pointer  -fno-strict-overflow -Wsign-compare -fno-omit-frame-pointer -mno-omit-leaf-frame-pointer -g -Og -Wall    -std=c11 -Wextra -Wno-unused-parameter -Wno-missing-field-initializers -Wstrict-prototypes -Werror=implicit-function-declaration -fvisibility=hidden -D_Py_TIER2=1 -D_Py_JIT  -I../../Include/internal -I../../Include/internal/mimalloc -IObjects -IInclude -IPython -I. -I../../Include    -DPy_BUILD_CORE -o Objects/tupleobject.o ../../Objects/tupleobject.c
clang -c -fsanitize=undefined -fsanitize=address -fno-omit-frame-pointer  -fno-strict-overflow -Wsign-compare -fno-omit-frame-pointer -mno-omit-leaf-frame-pointer -g -Og -Wall    -std=c11 -Wextra -Wno-unused-parameter -Wno-missing-field-initializers -Wstrict-prototypes -Werror=implicit-function-declaration -fvisibility=hidden -D_Py_TIER2=1 -D_Py_JIT  -I../../Include/internal -I../../Include/internal/mimalloc -IObjects -IInclude -IPython -I. -I../../Include    -DPy_BUILD_CORE -o Objects/typeobject.o ../../Objects/typeobject.c
clang -c -fsanitize=undefined -fsanitize=address -fno-omit-frame-pointer  -fno-strict-overflow -Wsign-compare -fno-omit-frame-pointer -mno-omit-leaf-frame-pointer -g -Og -Wall    -std=c11 -Wextra -Wno-unused-parameter -Wno-missing-field-initializers -Wstrict-prototypes -Werror=implicit-function-declaration -fvisibility=hidden -D_Py_TIER2=1 -D_Py_JIT  -I../../Include/internal -I../../Include/internal/mimalloc -IObjects -IInclude -IPython -I. -I../../Include    -DPy_BUILD_CORE -o Objects/typevarobject.o ../../Objects/typevarobject.c
clang -c -fsanitize=undefined -fsanitize=address -fno-omit-frame-pointer  -fno-strict-overflow -Wsign-compare -fno-omit-frame-pointer -mno-omit-leaf-frame-pointer -g -Og -Wall    -std=c11 -Wextra -Wno-unused-parameter -Wno-missing-field-initializers -Wstrict-prototypes -Werror=implicit-function-declaration -fvisibility=hidden -D_Py_TIER2=1 -D_Py_JIT  -I../../Include/internal -I../../Include/internal/mimalloc -IObjects -IInclude -IPython -I. -I../../Include    -DPy_BUILD_CORE -o Objects/unicode_format.o ../../Objects/unicode_format.c
clang -c -fsanitize=undefined -fsanitize=address -fno-omit-frame-pointer  -fno-strict-overflow -Wsign-compare -fno-omit-frame-pointer -mno-omit-leaf-frame-pointer -g -Og -Wall    -std=c11 -Wextra -Wno-unused-parameter -Wno-missing-field-initializers -Wstrict-prototypes -Werror=implicit-function-declaration -fvisibility=hidden -D_Py_TIER2=1 -D_Py_JIT  -I../../Include/internal -I../../Include/internal/mimalloc -IObjects -IInclude -IPython -I. -I../../Include    -DPy_BUILD_CORE -o Objects/unicode_formatter.o ../../Objects/unicode_formatter.c
clang -c -fsanitize=undefined -fsanitize=address -fno-omit-frame-pointer  -fno-strict-overflow -Wsign-compare -fno-omit-frame-pointer -mno-omit-leaf-frame-pointer -g -Og -Wall    -std=c11 -Wextra -Wno-unused-parameter -Wno-missing-field-initializers -Wstrict-prototypes -Werror=implicit-function-declaration -fvisibility=hidden -D_Py_TIER2=1 -D_Py_JIT  -I../../Include/internal -I../../Include/internal/mimalloc -IObjects -IInclude -IPython -I. -I../../Include    -DPy_BUILD_CORE -o Objects/unicode_writer.o ../../Objects/unicode_writer.c
clang -c -fsanitize=undefined -fsanitize=address -fno-omit-frame-pointer  -fno-strict-overflow -Wsign-compare -fno-omit-frame-pointer -mno-omit-leaf-frame-pointer -g -Og -Wall    -std=c11 -Wextra -Wno-unused-parameter -Wno-missing-field-initializers -Wstrict-prototypes -Werror=implicit-function-declaration -fvisibility=hidden -D_Py_TIER2=1 -D_Py_JIT  -I../../Include/internal -I../../Include/internal/mimalloc -IObjects -IInclude -IPython -I. -I../../Include    -DPy_BUILD_CORE -o Objects/unicodectype.o ../../Objects/unicodectype.c
clang -c -fsanitize=undefined -fsanitize=address -fno-omit-frame-pointer  -fno-strict-overflow -Wsign-compare -fno-omit-frame-pointer -mno-omit-leaf-frame-pointer -g -Og -Wall    -std=c11 -Wextra -Wno-unused-parameter -Wno-missing-field-initializers -Wstrict-prototypes -Werror=implicit-function-declaration -fvisibility=hidden -D_Py_TIER2=1 -D_Py_JIT  -I../../Include/internal -I../../Include/internal/mimalloc -IObjects -IInclude -IPython -I. -I../../Include    -DPy_BUILD_CORE -o Objects/unicodeobject.o ../../Objects/unicodeobject.c
clang -c -fsanitize=undefined -fsanitize=address -fno-omit-frame-pointer  -fno-strict-overflow -Wsign-compare -fno-omit-frame-pointer -mno-omit-leaf-frame-pointer -g -Og -Wall    -std=c11 -Wextra -Wno-unused-parameter -Wno-missing-field-initializers -Wstrict-prototypes -Werror=implicit-function-declaration -fvisibility=hidden -D_Py_TIER2=1 -D_Py_JIT  -I../../Include/internal -I../../Include/internal/mimalloc -IObjects -IInclude -IPython -I. -I../../Include    -DPy_BUILD_CORE -o Objects/unionobject.o ../../Objects/unionobject.c
clang -c -fsanitize=undefined -fsanitize=address -fno-omit-frame-pointer  -fno-strict-overflow -Wsign-compare -fno-omit-frame-pointer -mno-omit-leaf-frame-pointer -g -Og -Wall    -std=c11 -Wextra -Wno-unused-parameter -Wno-missing-field-initializers -Wstrict-prototypes -Werror=implicit-function-declaration -fvisibility=hidden -D_Py_TIER2=1 -D_Py_JIT  -I../../Include/internal -I../../Include/internal/mimalloc -IObjects -IInclude -IPython -I. -I../../Include    -DPy_BUILD_CORE -o Objects/weakrefobject.o ../../Objects/weakrefobject.c
clang -c -fsanitize=undefined -fsanitize=address -fno-omit-frame-pointer  -fno-strict-overflow -Wsign-compare -fno-omit-frame-pointer -mno-omit-leaf-frame-pointer -g -Og -Wall    -std=c11 -Wextra -Wno-unused-parameter -Wno-missing-field-initializers -Wstrict-prototypes -Werror=implicit-function-declaration -fvisibility=hidden -D_Py_TIER2=1 -D_Py_JIT  -I../../Include/internal -I../../Include/internal/mimalloc -IObjects -IInclude -IPython -I. -I../../Include    -DPy_BUILD_CORE -o Python/asm_trampoline.o ../../Python/asm_trampoline.S
clang -c -fsanitize=undefined -fsanitize=address -fno-omit-frame-pointer  -fno-strict-overflow -Wsign-compare -fno-omit-frame-pointer -mno-omit-leaf-frame-pointer -g -Og -Wall    -std=c11 -Wextra -Wno-unused-parameter -Wno-missing-field-initializers -Wstrict-prototypes -Werror=implicit-function-declaration -fvisibility=hidden -D_Py_TIER2=1 -D_Py_JIT  -I../../Include/internal -I../../Include/internal/mimalloc -IObjects -IInclude -IPython -I. -I../../Include    -DPy_BUILD_CORE -o Python/_contextvars.o ../../Python/_contextvars.c
clang -c -fsanitize=undefined -fsanitize=address -fno-omit-frame-pointer  -fno-strict-overflow -Wsign-compare -fno-omit-frame-pointer -mno-omit-leaf-frame-pointer -g -Og -Wall    -std=c11 -Wextra -Wno-unused-parameter -Wno-missing-field-initializers -Wstrict-prototypes -Werror=implicit-function-declaration -fvisibility=hidden -D_Py_TIER2=1 -D_Py_JIT  -I../../Include/internal -I../../Include/internal/mimalloc -IObjects -IInclude -IPython -I. -I../../Include    -DPy_BUILD_CORE -o Python/_warnings.o ../../Python/_warnings.c
clang -c -fsanitize=undefined -fsanitize=address -fno-omit-frame-pointer  -fno-strict-overflow -Wsign-compare -fno-omit-frame-pointer -mno-omit-leaf-frame-pointer -g -Og -Wall    -std=c11 -Wextra -Wno-unused-parameter -Wno-missing-field-initializers -Wstrict-prototypes -Werror=implicit-function-declaration -fvisibility=hidden -D_Py_TIER2=1 -D_Py_JIT  -I../../Include/internal -I../../Include/internal/mimalloc -IObjects -IInclude -IPython -I. -I../../Include    -DPy_BUILD_CORE -o Python/Python-ast.o ../../Python/Python-ast.c
clang -c -fsanitize=undefined -fsanitize=address -fno-omit-frame-pointer  -fno-strict-overflow -Wsign-compare -fno-omit-frame-pointer -mno-omit-leaf-frame-pointer -g -Og -Wall    -std=c11 -Wextra -Wno-unused-parameter -Wno-missing-field-initializers -Wstrict-prototypes -Werror=implicit-function-declaration -fvisibility=hidden -D_Py_TIER2=1 -D_Py_JIT  -I../../Include/internal -I../../Include/internal/mimalloc -IObjects -IInclude -IPython -I. -I../../Include    -DPy_BUILD_CORE -o Python/Python-tokenize.o ../../Python/Python-tokenize.c
clang -c -fsanitize=undefined -fsanitize=address -fno-omit-frame-pointer  -fno-strict-overflow -Wsign-compare -fno-omit-frame-pointer -mno-omit-leaf-frame-pointer -g -Og -Wall    -std=c11 -Wextra -Wno-unused-parameter -Wno-missing-field-initializers -Wstrict-prototypes -Werror=implicit-function-declaration -fvisibility=hidden -D_Py_TIER2=1 -D_Py_JIT  -I../../Include/internal -I../../Include/internal/mimalloc -IObjects -IInclude -IPython -I. -I../../Include    -DPy_BUILD_CORE -o Python/asdl.o ../../Python/asdl.c
clang -c -fsanitize=undefined -fsanitize=address -fno-omit-frame-pointer  -fno-strict-overflow -Wsign-compare -fno-omit-frame-pointer -mno-omit-leaf-frame-pointer -g -Og -Wall    -std=c11 -Wextra -Wno-unused-parameter -Wno-missing-field-initializers -Wstrict-prototypes -Werror=implicit-function-declaration -fvisibility=hidden -D_Py_TIER2=1 -D_Py_JIT  -I../../Include/internal -I../../Include/internal/mimalloc -IObjects -IInclude -IPython -I. -I../../Include    -DPy_BUILD_CORE -o Python/assemble.o ../../Python/assemble.c
clang -c -fsanitize=undefined -fsanitize=address -fno-omit-frame-pointer  -fno-strict-overflow -Wsign-compare -fno-omit-frame-pointer -mno-omit-leaf-frame-pointer -g -Og -Wall    -std=c11 -Wextra -Wno-unused-parameter -Wno-missing-field-initializers -Wstrict-prototypes -Werror=implicit-function-declaration -fvisibility=hidden -D_Py_TIER2=1 -D_Py_JIT  -I../../Include/internal -I../../Include/internal/mimalloc -IObjects -IInclude -IPython -I. -I../../Include    -DPy_BUILD_CORE -o Python/ast.o ../../Python/ast.c
clang -c -fsanitize=undefined -fsanitize=address -fno-omit-frame-pointer  -fno-strict-overflow -Wsign-compare -fno-omit-frame-pointer -mno-omit-leaf-frame-pointer -g -Og -Wall    -std=c11 -Wextra -Wno-unused-parameter -Wno-missing-field-initializers -Wstrict-prototypes -Werror=implicit-function-declaration -fvisibility=hidden -D_Py_TIER2=1 -D_Py_JIT  -I../../Include/internal -I../../Include/internal/mimalloc -IObjects -IInclude -IPython -I. -I../../Include    -DPy_BUILD_CORE -o Python/ast_preprocess.o ../../Python/ast_preprocess.c
clang -c -fsanitize=undefined -fsanitize=address -fno-omit-frame-pointer  -fno-strict-overflow -Wsign-compare -fno-omit-frame-pointer -mno-omit-leaf-frame-pointer -g -Og -Wall    -std=c11 -Wextra -Wno-unused-parameter -Wno-missing-field-initializers -Wstrict-prototypes -Werror=implicit-function-declaration -fvisibility=hidden -D_Py_TIER2=1 -D_Py_JIT  -I../../Include/internal -I../../Include/internal/mimalloc -IObjects -IInclude -IPython -I. -I../../Include    -DPy_BUILD_CORE -o Python/ast_unparse.o ../../Python/ast_unparse.c
clang -c -fsanitize=undefined -fsanitize=address -fno-omit-frame-pointer  -fno-strict-overflow -Wsign-compare -fno-omit-frame-pointer -mno-omit-leaf-frame-pointer -g -Og -Wall    -std=c11 -Wextra -Wno-unused-parameter -Wno-missing-field-initializers -Wstrict-prototypes -Werror=implicit-function-declaration -fvisibility=hidden -D_Py_TIER2=1 -D_Py_JIT  -I../../Include/internal -I../../Include/internal/mimalloc -IObjects -IInclude -IPython -I. -I../../Include    -DPy_BUILD_CORE -o Python/bltinmodule.o ../../Python/bltinmodule.c
clang -c -fsanitize=undefined -fsanitize=address -fno-omit-frame-pointer  -fno-strict-overflow -Wsign-compare -fno-omit-frame-pointer -mno-omit-leaf-frame-pointer -g -Og -Wall    -std=c11 -Wextra -Wno-unused-parameter -Wno-missing-field-initializers -Wstrict-prototypes -Werror=implicit-function-declaration -fvisibility=hidden -D_Py_TIER2=1 -D_Py_JIT  -I../../Include/internal -I../../Include/internal/mimalloc -IObjects -IInclude -IPython -I. -I../../Include    -DPy_BUILD_CORE -o Python/brc.o ../../Python/brc.c
clang -c -fsanitize=undefined -fsanitize=address -fno-omit-frame-pointer  -fno-strict-overflow -Wsign-compare -fno-omit-frame-pointer -mno-omit-leaf-frame-pointer -g -Og -Wall    -std=c11 -Wextra -Wno-unused-parameter -Wno-missing-field-initializers -Wstrict-prototypes -Werror=implicit-function-declaration -fvisibility=hidden -D_Py_TIER2=1 -D_Py_JIT  -I../../Include/internal -I../../Include/internal/mimalloc -IObjects -IInclude -IPython -I. -I../../Include    -DPy_BUILD_CORE -o Python/ceval.o ../../Python/ceval.c
clang -c -fsanitize=undefined -fsanitize=address -fno-omit-frame-pointer  -fno-strict-overflow -Wsign-compare -fno-omit-frame-pointer -mno-omit-leaf-frame-pointer -g -Og -Wall    -std=c11 -Wextra -Wno-unused-parameter -Wno-missing-field-initializers -Wstrict-prototypes -Werror=implicit-function-declaration -fvisibility=hidden -D_Py_TIER2=1 -D_Py_JIT  -I../../Include/internal -I../../Include/internal/mimalloc -IObjects -IInclude -IPython -I. -I../../Include    -DPy_BUILD_CORE -o Python/codecs.o ../../Python/codecs.c
clang -c -fsanitize=undefined -fsanitize=address -fno-omit-frame-pointer  -fno-strict-overflow -Wsign-compare -fno-omit-frame-pointer -mno-omit-leaf-frame-pointer -g -Og -Wall    -std=c11 -Wextra -Wno-unused-parameter -Wno-missing-field-initializers -Wstrict-prototypes -Werror=implicit-function-declaration -fvisibility=hidden -D_Py_TIER2=1 -D_Py_JIT  -I../../Include/internal -I../../Include/internal/mimalloc -IObjects -IInclude -IPython -I. -I../../Include    -DPy_BUILD_CORE -o Python/codegen.o ../../Python/codegen.c
clang -c -fsanitize=undefined -fsanitize=address -fno-omit-frame-pointer  -fno-strict-overflow -Wsign-compare -fno-omit-frame-pointer -mno-omit-leaf-frame-pointer -g -Og -Wall    -std=c11 -Wextra -Wno-unused-parameter -Wno-missing-field-initializers -Wstrict-prototypes -Werror=implicit-function-declaration -fvisibility=hidden -D_Py_TIER2=1 -D_Py_JIT  -I../../Include/internal -I../../Include/internal/mimalloc -IObjects -IInclude -IPython -I. -I../../Include    -DPy_BUILD_CORE -o Python/compile.o ../../Python/compile.c
clang -c -fsanitize=undefined -fsanitize=address -fno-omit-frame-pointer  -fno-strict-overflow -Wsign-compare -fno-omit-frame-pointer -mno-omit-leaf-frame-pointer -g -Og -Wall    -std=c11 -Wextra -Wno-unused-parameter -Wno-missing-field-initializers -Wstrict-prototypes -Werror=implicit-function-declaration -fvisibility=hidden -D_Py_TIER2=1 -D_Py_JIT  -I../../Include/internal -I../../Include/internal/mimalloc -IObjects -IInclude -IPython -I. -I../../Include    -DPy_BUILD_CORE -o Python/context.o ../../Python/context.c
clang -c -fsanitize=undefined -fsanitize=address -fno-omit-frame-pointer  -fno-strict-overflow -Wsign-compare -fno-omit-frame-pointer -mno-omit-leaf-frame-pointer -g -Og -Wall    -std=c11 -Wextra -Wno-unused-parameter -Wno-missing-field-initializers -Wstrict-prototypes -Werror=implicit-function-declaration -fvisibility=hidden -D_Py_TIER2=1 -D_Py_JIT  -I../../Include/internal -I../../Include/internal/mimalloc -IObjects -IInclude -IPython -I. -I../../Include    -DPy_BUILD_CORE -o Python/critical_section.o ../../Python/critical_section.c
clang -c -fsanitize=undefined -fsanitize=address -fno-omit-frame-pointer  -fno-strict-overflow -Wsign-compare -fno-omit-frame-pointer -mno-omit-leaf-frame-pointer -g -Og -Wall    -std=c11 -Wextra -Wno-unused-parameter -Wno-missing-field-initializers -Wstrict-prototypes -Werror=implicit-function-declaration -fvisibility=hidden -D_Py_TIER2=1 -D_Py_JIT  -I../../Include/internal -I../../Include/internal/mimalloc -IObjects -IInclude -IPython -I. -I../../Include    -DPy_BUILD_CORE -o Python/crossinterp.o ../../Python/crossinterp.c
clang -c -fsanitize=undefined -fsanitize=address -fno-omit-frame-pointer  -fno-strict-overflow -Wsign-compare -fno-omit-frame-pointer -mno-omit-leaf-frame-pointer -g -Og -Wall    -std=c11 -Wextra -Wno-unused-parameter -Wno-missing-field-initializers -Wstrict-prototypes -Werror=implicit-function-declaration -fvisibility=hidden -D_Py_TIER2=1 -D_Py_JIT  -I../../Include/internal -I../../Include/internal/mimalloc -IObjects -IInclude -IPython -I. -I../../Include    -DPy_BUILD_CORE -o Python/dynamic_annotations.o ../../Python/dynamic_annotations.c
clang -c -fsanitize=undefined -fsanitize=address -fno-omit-frame-pointer  -fno-strict-overflow -Wsign-compare -fno-omit-frame-pointer -mno-omit-leaf-frame-pointer -g -Og -Wall    -std=c11 -Wextra -Wno-unused-parameter -Wno-missing-field-initializers -Wstrict-prototypes -Werror=implicit-function-declaration -fvisibility=hidden -D_Py_TIER2=1 -D_Py_JIT  -I../../Include/internal -I../../Include/internal/mimalloc -IObjects -IInclude -IPython -I. -I../../Include    -DPy_BUILD_CORE -o Python/errors.o ../../Python/errors.c
clang -c -fsanitize=undefined -fsanitize=address -fno-omit-frame-pointer  -fno-strict-overflow -Wsign-compare -fno-omit-frame-pointer -mno-omit-leaf-frame-pointer -g -Og -Wall    -std=c11 -Wextra -Wno-unused-parameter -Wno-missing-field-initializers -Wstrict-prototypes -Werror=implicit-function-declaration -fvisibility=hidden -D_Py_TIER2=1 -D_Py_JIT  -I../../Include/internal -I../../Include/internal/mimalloc -IObjects -IInclude -IPython -I. -I../../Include    -DPy_BUILD_CORE -o Python/flowgraph.o ../../Python/flowgraph.c
clang -c -fsanitize=undefined -fsanitize=address -fno-omit-frame-pointer  -fno-strict-overflow -Wsign-compare -fno-omit-frame-pointer -mno-omit-leaf-frame-pointer -g -Og -Wall    -std=c11 -Wextra -Wno-unused-parameter -Wno-missing-field-initializers -Wstrict-prototypes -Werror=implicit-function-declaration -fvisibility=hidden -D_Py_TIER2=1 -D_Py_JIT  -I../../Include/internal -I../../Include/internal/mimalloc -IObjects -IInclude -IPython -I. -I../../Include    -DPy_BUILD_CORE -o Python/frame.o ../../Python/frame.c
clang -c -fsanitize=undefined -fsanitize=address -fno-omit-frame-pointer  -fno-strict-overflow -Wsign-compare -fno-omit-frame-pointer -mno-omit-leaf-frame-pointer -g -Og -Wall    -std=c11 -Wextra -Wno-unused-parameter -Wno-missing-field-initializers -Wstrict-prototypes -Werror=implicit-function-declaration -fvisibility=hidden -D_Py_TIER2=1 -D_Py_JIT  -I../../Include/internal -I../../Include/internal/mimalloc -IObjects -IInclude -IPython -I. -I../../Include    -DPy_BUILD_CORE -o Python/frozenmain.o ../../Python/frozenmain.c
clang -c -fsanitize=undefined -fsanitize=address -fno-omit-frame-pointer  -fno-strict-overflow -Wsign-compare -fno-omit-frame-pointer -mno-omit-leaf-frame-pointer -g -Og -Wall    -std=c11 -Wextra -Wno-unused-parameter -Wno-missing-field-initializers -Wstrict-prototypes -Werror=implicit-function-declaration -fvisibility=hidden -D_Py_TIER2=1 -D_Py_JIT  -I../../Include/internal -I../../Include/internal/mimalloc -IObjects -IInclude -IPython -I. -I../../Include    -DPy_BUILD_CORE -o Python/future.o ../../Python/future.c
clang -c -fsanitize=undefined -fsanitize=address -fno-omit-frame-pointer  -fno-strict-overflow -Wsign-compare -fno-omit-frame-pointer -mno-omit-leaf-frame-pointer -g -Og -Wall    -std=c11 -Wextra -Wno-unused-parameter -Wno-missing-field-initializers -Wstrict-prototypes -Werror=implicit-function-declaration -fvisibility=hidden -D_Py_TIER2=1 -D_Py_JIT  -I../../Include/internal -I../../Include/internal/mimalloc -IObjects -IInclude -IPython -I. -I../../Include    -DPy_BUILD_CORE -o Python/gc.o ../../Python/gc.c
clang -c -fsanitize=undefined -fsanitize=address -fno-omit-frame-pointer  -fno-strict-overflow -Wsign-compare -fno-omit-frame-pointer -mno-omit-leaf-frame-pointer -g -Og -Wall    -std=c11 -Wextra -Wno-unused-parameter -Wno-missing-field-initializers -Wstrict-prototypes -Werror=implicit-function-declaration -fvisibility=hidden -D_Py_TIER2=1 -D_Py_JIT  -I../../Include/internal -I../../Include/internal/mimalloc -IObjects -IInclude -IPython -I. -I../../Include    -DPy_BUILD_CORE -o Python/gc_free_threading.o ../../Python/gc_free_threading.c
clang -c -fsanitize=undefined -fsanitize=address -fno-omit-frame-pointer  -fno-strict-overflow -Wsign-compare -fno-omit-frame-pointer -mno-omit-leaf-frame-pointer -g -Og -Wall    -std=c11 -Wextra -Wno-unused-parameter -Wno-missing-field-initializers -Wstrict-prototypes -Werror=implicit-function-declaration -fvisibility=hidden -D_Py_TIER2=1 -D_Py_JIT  -I../../Include/internal -I../../Include/internal/mimalloc -IObjects -IInclude -IPython -I. -I../../Include    -DPy_BUILD_CORE -o Python/gc_gil.o ../../Python/gc_gil.c
clang -c -fsanitize=undefined -fsanitize=address -fno-omit-frame-pointer  -fno-strict-overflow -Wsign-compare -fno-omit-frame-pointer -mno-omit-leaf-frame-pointer -g -Og -Wall    -std=c11 -Wextra -Wno-unused-parameter -Wno-missing-field-initializers -Wstrict-prototypes -Werror=implicit-function-declaration -fvisibility=hidden -D_Py_TIER2=1 -D_Py_JIT  -I../../Include/internal -I../../Include/internal/mimalloc -IObjects -IInclude -IPython -I. -I../../Include    -DPy_BUILD_CORE -o Python/getargs.o ../../Python/getargs.c
clang -c -fsanitize=undefined -fsanitize=address -fno-omit-frame-pointer  -fno-strict-overflow -Wsign-compare -fno-omit-frame-pointer -mno-omit-leaf-frame-pointer -g -Og -Wall    -std=c11 -Wextra -Wno-unused-parameter -Wno-missing-field-initializers -Wstrict-prototypes -Werror=implicit-function-declaration -fvisibility=hidden -D_Py_TIER2=1 -D_Py_JIT  -I../../Include/internal -I../../Include/internal/mimalloc -IObjects -IInclude -IPython -I. -I../../Include    -DPy_BUILD_CORE -o Python/getcompiler.o ../../Python/getcompiler.c
clang -c -fsanitize=undefined -fsanitize=address -fno-omit-frame-pointer  -fno-strict-overflow -Wsign-compare -fno-omit-frame-pointer -mno-omit-leaf-frame-pointer -g -Og -Wall    -std=c11 -Wextra -Wno-unused-parameter -Wno-missing-field-initializers -Wstrict-prototypes -Werror=implicit-function-declaration -fvisibility=hidden -D_Py_TIER2=1 -D_Py_JIT  -I../../Include/internal -I../../Include/internal/mimalloc -IObjects -IInclude -IPython -I. -I../../Include    -DPy_BUILD_CORE -o Python/getcopyright.o ../../Python/getcopyright.c
clang -c -fsanitize=undefined -fsanitize=address -fno-omit-frame-pointer  -fno-strict-overflow -Wsign-compare -fno-omit-frame-pointer -mno-omit-leaf-frame-pointer -g -Og -Wall    -std=c11 -Wextra -Wno-unused-parameter -Wno-missing-field-initializers -Wstrict-prototypes -Werror=implicit-function-declaration -fvisibility=hidden -D_Py_TIER2=1 -D_Py_JIT  -I../../Include/internal -I../../Include/internal/mimalloc -IObjects -IInclude -IPython -I. -I../../Include    -DPy_BUILD_CORE -DPLATFORM='"linux"' -o Python/getplatform.o ../../Python/getplatform.c
clang -c -fsanitize=undefined -fsanitize=address -fno-omit-frame-pointer  -fno-strict-overflow -Wsign-compare -fno-omit-frame-pointer -mno-omit-leaf-frame-pointer -g -Og -Wall    -std=c11 -Wextra -Wno-unused-parameter -Wno-missing-field-initializers -Wstrict-prototypes -Werror=implicit-function-declaration -fvisibility=hidden -D_Py_TIER2=1 -D_Py_JIT  -I../../Include/internal -I../../Include/internal/mimalloc -IObjects -IInclude -IPython -I. -I../../Include    -DPy_BUILD_CORE -o Python/getversion.o ../../Python/getversion.c
clang -c -fsanitize=undefined -fsanitize=address -fno-omit-frame-pointer  -fno-strict-overflow -Wsign-compare -fno-omit-frame-pointer -mno-omit-leaf-frame-pointer -g -Og -Wall    -std=c11 -Wextra -Wno-unused-parameter -Wno-missing-field-initializers -Wstrict-prototypes -Werror=implicit-function-declaration -fvisibility=hidden -D_Py_TIER2=1 -D_Py_JIT  -I../../Include/internal -I../../Include/internal/mimalloc -IObjects -IInclude -IPython -I. -I../../Include    -DPy_BUILD_CORE -o Python/ceval_gil.o ../../Python/ceval_gil.c
clang -c -fsanitize=undefined -fsanitize=address -fno-omit-frame-pointer  -fno-strict-overflow -Wsign-compare -fno-omit-frame-pointer -mno-omit-leaf-frame-pointer -g -Og -Wall    -std=c11 -Wextra -Wno-unused-parameter -Wno-missing-field-initializers -Wstrict-prototypes -Werror=implicit-function-declaration -fvisibility=hidden -D_Py_TIER2=1 -D_Py_JIT  -I../../Include/internal -I../../Include/internal/mimalloc -IObjects -IInclude -IPython -I. -I../../Include    -DPy_BUILD_CORE -o Python/hamt.o ../../Python/hamt.c
clang -c -fsanitize=undefined -fsanitize=address -fno-omit-frame-pointer  -fno-strict-overflow -Wsign-compare -fno-omit-frame-pointer -mno-omit-leaf-frame-pointer -g -Og -Wall    -std=c11 -Wextra -Wno-unused-parameter -Wno-missing-field-initializers -Wstrict-prototypes -Werror=implicit-function-declaration -fvisibility=hidden -D_Py_TIER2=1 -D_Py_JIT  -I../../Include/internal -I../../Include/internal/mimalloc -IObjects -IInclude -IPython -I. -I../../Include    -DPy_BUILD_CORE -o Python/hashtable.o ../../Python/hashtable.c
clang -c -fsanitize=undefined -fsanitize=address -fno-omit-frame-pointer  -fno-strict-overflow -Wsign-compare -fno-omit-frame-pointer -mno-omit-leaf-frame-pointer -g -Og -Wall    -std=c11 -Wextra -Wno-unused-parameter -Wno-missing-field-initializers -Wstrict-prototypes -Werror=implicit-function-declaration -fvisibility=hidden -D_Py_TIER2=1 -D_Py_JIT  -I../../Include/internal -I../../Include/internal/mimalloc -IObjects -IInclude -IPython -I. -I../../Include    -DPy_BUILD_CORE -o Python/import.o ../../Python/import.c
clang -c -fsanitize=undefined -fsanitize=address -fno-omit-frame-pointer  -fno-strict-overflow -Wsign-compare -fno-omit-frame-pointer -mno-omit-leaf-frame-pointer -g -Og -Wall    -std=c11 -Wextra -Wno-unused-parameter -Wno-missing-field-initializers -Wstrict-prototypes -Werror=implicit-function-declaration -fvisibility=hidden -D_Py_TIER2=1 -D_Py_JIT  -I../../Include/internal -I../../Include/internal/mimalloc -IObjects -IInclude -IPython -I. -I../../Include    -DPy_BUILD_CORE -I. -o Python/importdl.o ../../Python/importdl.c
clang -c -fsanitize=undefined -fsanitize=address -fno-omit-frame-pointer  -fno-strict-overflow -Wsign-compare -fno-omit-frame-pointer -mno-omit-leaf-frame-pointer -g -Og -Wall    -std=c11 -Wextra -Wno-unused-parameter -Wno-missing-field-initializers -Wstrict-prototypes -Werror=implicit-function-declaration -fvisibility=hidden -D_Py_TIER2=1 -D_Py_JIT  -I../../Include/internal -I../../Include/internal/mimalloc -IObjects -IInclude -IPython -I. -I../../Include    -DPy_BUILD_CORE -o Python/index_pool.o ../../Python/index_pool.c
clang -c -fsanitize=undefined -fsanitize=address -fno-omit-frame-pointer  -fno-strict-overflow -Wsign-compare -fno-omit-frame-pointer -mno-omit-leaf-frame-pointer -g -Og -Wall    -std=c11 -Wextra -Wno-unused-parameter -Wno-missing-field-initializers -Wstrict-prototypes -Werror=implicit-function-declaration -fvisibility=hidden -D_Py_TIER2=1 -D_Py_JIT  -I../../Include/internal -I../../Include/internal/mimalloc -IObjects -IInclude -IPython -I. -I../../Include    -DPy_BUILD_CORE -o Python/initconfig.o ../../Python/initconfig.c
clang -c -fsanitize=undefined -fsanitize=address -fno-omit-frame-pointer  -fno-strict-overflow -Wsign-compare -fno-omit-frame-pointer -mno-omit-leaf-frame-pointer -g -Og -Wall    -std=c11 -Wextra -Wno-unused-parameter -Wno-missing-field-initializers -Wstrict-prototypes -Werror=implicit-function-declaration -fvisibility=hidden -D_Py_TIER2=1 -D_Py_JIT  -I../../Include/internal -I../../Include/internal/mimalloc -IObjects -IInclude -IPython -I. -I../../Include    -DPy_BUILD_CORE -o Python/interpconfig.o ../../Python/interpconfig.c
clang -c -fsanitize=undefined -fsanitize=address -fno-omit-frame-pointer  -fno-strict-overflow -Wsign-compare -fno-omit-frame-pointer -mno-omit-leaf-frame-pointer -g -Og -Wall    -std=c11 -Wextra -Wno-unused-parameter -Wno-missing-field-initializers -Wstrict-prototypes -Werror=implicit-function-declaration -fvisibility=hidden -D_Py_TIER2=1 -D_Py_JIT  -I../../Include/internal -I../../Include/internal/mimalloc -IObjects -IInclude -IPython -I. -I../../Include    -DPy_BUILD_CORE -o Python/instrumentation.o ../../Python/instrumentation.c
clang -c -fsanitize=undefined -fsanitize=address -fno-omit-frame-pointer  -fno-strict-overflow -Wsign-compare -fno-omit-frame-pointer -mno-omit-leaf-frame-pointer -g -Og -Wall    -std=c11 -Wextra -Wno-unused-parameter -Wno-missing-field-initializers -Wstrict-prototypes -Werror=implicit-function-declaration -fvisibility=hidden -D_Py_TIER2=1 -D_Py_JIT  -I../../Include/internal -I../../Include/internal/mimalloc -IObjects -IInclude -IPython -I. -I../../Include    -DPy_BUILD_CORE -o Python/instruction_sequence.o ../../Python/instruction_sequence.c
clang -c -fsanitize=undefined -fsanitize=address -fno-omit-frame-pointer  -fno-strict-overflow -Wsign-compare -fno-omit-frame-pointer -mno-omit-leaf-frame-pointer -g -Og -Wall    -std=c11 -Wextra -Wno-unused-parameter -Wno-missing-field-initializers -Wstrict-prototypes -Werror=implicit-function-declaration -fvisibility=hidden -D_Py_TIER2=1 -D_Py_JIT  -I../../Include/internal -I../../Include/internal/mimalloc -IObjects -IInclude -IPython -I. -I../../Include    -DPy_BUILD_CORE -o Python/intrinsics.o ../../Python/intrinsics.c
python3.15 ../../Tools/jit/build.py x86_64-pc-linux-gnu --output-dir . --pyconfig-dir . --cflags="" --llvm-version="" --debug
clang -c -fsanitize=undefined -fsanitize=address -fno-omit-frame-pointer  -fno-strict-overflow -Wsign-compare -fno-omit-frame-pointer -mno-omit-leaf-frame-pointer -g -Og -Wall    -std=c11 -Wextra -Wno-unused-parameter -Wno-missing-field-initializers -Wstrict-prototypes -Werror=implicit-function-declaration -fvisibility=hidden -D_Py_TIER2=1 -D_Py_JIT  -I../../Include/internal -I../../Include/internal/mimalloc -IObjects -IInclude -IPython -I. -I../../Include    -DPy_BUILD_CORE -o Python/legacy_tracing.o ../../Python/legacy_tracing.c
clang -c -fsanitize=undefined -fsanitize=address -fno-omit-frame-pointer  -fno-strict-overflow -Wsign-compare -fno-omit-frame-pointer -mno-omit-leaf-frame-pointer -g -Og -Wall    -std=c11 -Wextra -Wno-unused-parameter -Wno-missing-field-initializers -Wstrict-prototypes -Werror=implicit-function-declaration -fvisibility=hidden -D_Py_TIER2=1 -D_Py_JIT  -I../../Include/internal -I../../Include/internal/mimalloc -IObjects -IInclude -IPython -I. -I../../Include    -DPy_BUILD_CORE -o Python/lock.o ../../Python/lock.c
clang -c -fsanitize=undefined -fsanitize=address -fno-omit-frame-pointer  -fno-strict-overflow -Wsign-compare -fno-omit-frame-pointer -mno-omit-leaf-frame-pointer -g -Og -Wall    -std=c11 -Wextra -Wno-unused-parameter -Wno-missing-field-initializers -Wstrict-prototypes -Werror=implicit-function-declaration -fvisibility=hidden -D_Py_TIER2=1 -D_Py_JIT  -I../../Include/internal -I../../Include/internal/mimalloc -IObjects -IInclude -IPython -I. -I../../Include    -DPy_BUILD_CORE -o Python/marshal.o ../../Python/marshal.c
clang -c -fsanitize=undefined -fsanitize=address -fno-omit-frame-pointer  -fno-strict-overflow -Wsign-compare -fno-omit-frame-pointer -mno-omit-leaf-frame-pointer -g -Og -Wall    -std=c11 -Wextra -Wno-unused-parameter -Wno-missing-field-initializers -Wstrict-prototypes -Werror=implicit-function-declaration -fvisibility=hidden -D_Py_TIER2=1 -D_Py_JIT  -I../../Include/internal -I../../Include/internal/mimalloc -IObjects -IInclude -IPython -I. -I../../Include    -DPy_BUILD_CORE -o Python/modsupport.o ../../Python/modsupport.c
clang -c -fsanitize=undefined -fsanitize=address -fno-omit-frame-pointer  -fno-strict-overflow -Wsign-compare -fno-omit-frame-pointer -mno-omit-leaf-frame-pointer -g -Og -Wall    -std=c11 -Wextra -Wno-unused-parameter -Wno-missing-field-initializers -Wstrict-prototypes -Werror=implicit-function-declaration -fvisibility=hidden -D_Py_TIER2=1 -D_Py_JIT  -I../../Include/internal -I../../Include/internal/mimalloc -IObjects -IInclude -IPython -I. -I../../Include    -DPy_BUILD_CORE -o Python/mysnprintf.o ../../Python/mysnprintf.c
clang -c -fsanitize=undefined -fsanitize=address -fno-omit-frame-pointer  -fno-strict-overflow -Wsign-compare -fno-omit-frame-pointer -mno-omit-leaf-frame-pointer -g -Og -Wall    -std=c11 -Wextra -Wno-unused-parameter -Wno-missing-field-initializers -Wstrict-prototypes -Werror=implicit-function-declaration -fvisibility=hidden -D_Py_TIER2=1 -D_Py_JIT  -I../../Include/internal -I../../Include/internal/mimalloc -IObjects -IInclude -IPython -I. -I../../Include    -DPy_BUILD_CORE -o Python/mystrtoul.o ../../Python/mystrtoul.c
clang -c -fsanitize=undefined -fsanitize=address -fno-omit-frame-pointer  -fno-strict-overflow -Wsign-compare -fno-omit-frame-pointer -mno-omit-leaf-frame-pointer -g -Og -Wall    -std=c11 -Wextra -Wno-unused-parameter -Wno-missing-field-initializers -Wstrict-prototypes -Werror=implicit-function-declaration -fvisibility=hidden -D_Py_TIER2=1 -D_Py_JIT  -I../../Include/internal -I../../Include/internal/mimalloc -IObjects -IInclude -IPython -I. -I../../Include    -DPy_BUILD_CORE -o Python/object_stack.o ../../Python/object_stack.c
clang -c -fsanitize=undefined -fsanitize=address -fno-omit-frame-pointer  -fno-strict-overflow -Wsign-compare -fno-omit-frame-pointer -mno-omit-leaf-frame-pointer -g -Og -Wall    -std=c11 -Wextra -Wno-unused-parameter -Wno-missing-field-initializers -Wstrict-prototypes -Werror=implicit-function-declaration -fvisibility=hidden -D_Py_TIER2=1 -D_Py_JIT  -I../../Include/internal -I../../Include/internal/mimalloc -IObjects -IInclude -IPython -I. -I../../Include    -DPy_BUILD_CORE -o Python/optimizer.o ../../Python/optimizer.c
clang -c -fsanitize=undefined -fsanitize=address -fno-omit-frame-pointer  -fno-strict-overflow -Wsign-compare -fno-omit-frame-pointer -mno-omit-leaf-frame-pointer -g -Og -Wall    -std=c11 -Wextra -Wno-unused-parameter -Wno-missing-field-initializers -Wstrict-prototypes -Werror=implicit-function-declaration -fvisibility=hidden -D_Py_TIER2=1 -D_Py_JIT  -I../../Include/internal -I../../Include/internal/mimalloc -IObjects -IInclude -IPython -I. -I../../Include    -DPy_BUILD_CORE -o Python/optimizer_analysis.o ../../Python/optimizer_analysis.c
clang -c -fsanitize=undefined -fsanitize=address -fno-omit-frame-pointer  -fno-strict-overflow -Wsign-compare -fno-omit-frame-pointer -mno-omit-leaf-frame-pointer -g -Og -Wall    -std=c11 -Wextra -Wno-unused-parameter -Wno-missing-field-initializers -Wstrict-prototypes -Werror=implicit-function-declaration -fvisibility=hidden -D_Py_TIER2=1 -D_Py_JIT  -I../../Include/internal -I../../Include/internal/mimalloc -IObjects -IInclude -IPython -I. -I../../Include    -DPy_BUILD_CORE -o Python/optimizer_symbols.o ../../Python/optimizer_symbols.c
clang -c -fsanitize=undefined -fsanitize=address -fno-omit-frame-pointer  -fno-strict-overflow -Wsign-compare -fno-omit-frame-pointer -mno-omit-leaf-frame-pointer -g -Og -Wall    -std=c11 -Wextra -Wno-unused-parameter -Wno-missing-field-initializers -Wstrict-prototypes -Werror=implicit-function-declaration -fvisibility=hidden -D_Py_TIER2=1 -D_Py_JIT  -I../../Include/internal -I../../Include/internal/mimalloc -IObjects -IInclude -IPython -I. -I../../Include    -DPy_BUILD_CORE -o Python/parking_lot.o ../../Python/parking_lot.c
clang -c -fsanitize=undefined -fsanitize=address -fno-omit-frame-pointer  -fno-strict-overflow -Wsign-compare -fno-omit-frame-pointer -mno-omit-leaf-frame-pointer -g -Og -Wall    -std=c11 -Wextra -Wno-unused-parameter -Wno-missing-field-initializers -Wstrict-prototypes -Werror=implicit-function-declaration -fvisibility=hidden -D_Py_TIER2=1 -D_Py_JIT  -I../../Include/internal -I../../Include/internal/mimalloc -IObjects -IInclude -IPython -I. -I../../Include    -DPy_BUILD_CORE -o Python/pathconfig.o ../../Python/pathconfig.c
clang -c -fsanitize=undefined -fsanitize=address -fno-omit-frame-pointer  -fno-strict-overflow -Wsign-compare -fno-omit-frame-pointer -mno-omit-leaf-frame-pointer -g -Og -Wall    -std=c11 -Wextra -Wno-unused-parameter -Wno-missing-field-initializers -Wstrict-prototypes -Werror=implicit-function-declaration -fvisibility=hidden -D_Py_TIER2=1 -D_Py_JIT  -I../../Include/internal -I../../Include/internal/mimalloc -IObjects -IInclude -IPython -I. -I../../Include    -DPy_BUILD_CORE -o Python/preconfig.o ../../Python/preconfig.c
clang -c -fsanitize=undefined -fsanitize=address -fno-omit-frame-pointer  -fno-strict-overflow -Wsign-compare -fno-omit-frame-pointer -mno-omit-leaf-frame-pointer -g -Og -Wall    -std=c11 -Wextra -Wno-unused-parameter -Wno-missing-field-initializers -Wstrict-prototypes -Werror=implicit-function-declaration -fvisibility=hidden -D_Py_TIER2=1 -D_Py_JIT  -I../../Include/internal -I../../Include/internal/mimalloc -IObjects -IInclude -IPython -I. -I../../Include    -DPy_BUILD_CORE -o Python/pyarena.o ../../Python/pyarena.c
clang -c -fsanitize=undefined -fsanitize=address -fno-omit-frame-pointer  -fno-strict-overflow -Wsign-compare -fno-omit-frame-pointer -mno-omit-leaf-frame-pointer -g -Og -Wall    -std=c11 -Wextra -Wno-unused-parameter -Wno-missing-field-initializers -Wstrict-prototypes -Werror=implicit-function-declaration -fvisibility=hidden -D_Py_TIER2=1 -D_Py_JIT  -I../../Include/internal -I../../Include/internal/mimalloc -IObjects -IInclude -IPython -I. -I../../Include    -DPy_BUILD_CORE -o Python/pyctype.o ../../Python/pyctype.c
clang -c -fsanitize=undefined -fsanitize=address -fno-omit-frame-pointer  -fno-strict-overflow -Wsign-compare -fno-omit-frame-pointer -mno-omit-leaf-frame-pointer -g -Og -Wall    -std=c11 -Wextra -Wno-unused-parameter -Wno-missing-field-initializers -Wstrict-prototypes -Werror=implicit-function-declaration -fvisibility=hidden -D_Py_TIER2=1 -D_Py_JIT  -I../../Include/internal -I../../Include/internal/mimalloc -IObjects -IInclude -IPython -I. -I../../Include    -DPy_BUILD_CORE -o Python/pyfpe.o ../../Python/pyfpe.c
clang -c -fsanitize=undefined -fsanitize=address -fno-omit-frame-pointer  -fno-strict-overflow -Wsign-compare -fno-omit-frame-pointer -mno-omit-leaf-frame-pointer -g -Og -Wall    -std=c11 -Wextra -Wno-unused-parameter -Wno-missing-field-initializers -Wstrict-prototypes -Werror=implicit-function-declaration -fvisibility=hidden -D_Py_TIER2=1 -D_Py_JIT  -I../../Include/internal -I../../Include/internal/mimalloc -IObjects -IInclude -IPython -I. -I../../Include    -DPy_BUILD_CORE -o Python/pyhash.o ../../Python/pyhash.c
clang -c -fsanitize=undefined -fsanitize=address -fno-omit-frame-pointer  -fno-strict-overflow -Wsign-compare -fno-omit-frame-pointer -mno-omit-leaf-frame-pointer -g -Og -Wall    -std=c11 -Wextra -Wno-unused-parameter -Wno-missing-field-initializers -Wstrict-prototypes -Werror=implicit-function-declaration -fvisibility=hidden -D_Py_TIER2=1 -D_Py_JIT  -I../../Include/internal -I../../Include/internal/mimalloc -IObjects -IInclude -IPython -I. -I../../Include    -DPy_BUILD_CORE -o Python/pylifecycle.o ../../Python/pylifecycle.c
clang -c -fsanitize=undefined -fsanitize=address -fno-omit-frame-pointer  -fno-strict-overflow -Wsign-compare -fno-omit-frame-pointer -mno-omit-leaf-frame-pointer -g -Og -Wall    -std=c11 -Wextra -Wno-unused-parameter -Wno-missing-field-initializers -Wstrict-prototypes -Werror=implicit-function-declaration -fvisibility=hidden -D_Py_TIER2=1 -D_Py_JIT  -I../../Include/internal -I../../Include/internal/mimalloc -IObjects -IInclude -IPython -I. -I../../Include    -DPy_BUILD_CORE -o Python/pymath.o ../../Python/pymath.c
clang -c -fsanitize=undefined -fsanitize=address -fno-omit-frame-pointer  -fno-strict-overflow -Wsign-compare -fno-omit-frame-pointer -mno-omit-leaf-frame-pointer -g -Og -Wall    -std=c11 -Wextra -Wno-unused-parameter -Wno-missing-field-initializers -Wstrict-prototypes -Werror=implicit-function-declaration -fvisibility=hidden -D_Py_TIER2=1 -D_Py_JIT  -I../../Include/internal -I../../Include/internal/mimalloc -IObjects -IInclude -IPython -I. -I../../Include    -DPy_BUILD_CORE -o Python/pystate.o ../../Python/pystate.c
clang -c -fsanitize=undefined -fsanitize=address -fno-omit-frame-pointer  -fno-strict-overflow -Wsign-compare -fno-omit-frame-pointer -mno-omit-leaf-frame-pointer -g -Og -Wall    -std=c11 -Wextra -Wno-unused-parameter -Wno-missing-field-initializers -Wstrict-prototypes -Werror=implicit-function-declaration -fvisibility=hidden -D_Py_TIER2=1 -D_Py_JIT  -I../../Include/internal -I../../Include/internal/mimalloc -IObjects -IInclude -IPython -I. -I../../Include    -DPy_BUILD_CORE -o Python/pystats.o ../../Python/pystats.c
clang -c -fsanitize=undefined -fsanitize=address -fno-omit-frame-pointer  -fno-strict-overflow -Wsign-compare -fno-omit-frame-pointer -mno-omit-leaf-frame-pointer -g -Og -Wall    -std=c11 -Wextra -Wno-unused-parameter -Wno-missing-field-initializers -Wstrict-prototypes -Werror=implicit-function-declaration -fvisibility=hidden -D_Py_TIER2=1 -D_Py_JIT  -I../../Include/internal -I../../Include/internal/mimalloc -IObjects -IInclude -IPython -I. -I../../Include    -DPy_BUILD_CORE -o Python/pythonrun.o ../../Python/pythonrun.c
clang -c -fsanitize=undefined -fsanitize=address -fno-omit-frame-pointer  -fno-strict-overflow -Wsign-compare -fno-omit-frame-pointer -mno-omit-leaf-frame-pointer -g -Og -Wall    -std=c11 -Wextra -Wno-unused-parameter -Wno-missing-field-initializers -Wstrict-prototypes -Werror=implicit-function-declaration -fvisibility=hidden -D_Py_TIER2=1 -D_Py_JIT  -I../../Include/internal -I../../Include/internal/mimalloc -IObjects -IInclude -IPython -I. -I../../Include    -DPy_BUILD_CORE -o Python/pytime.o ../../Python/pytime.c
clang -c -fsanitize=undefined -fsanitize=address -fno-omit-frame-pointer  -fno-strict-overflow -Wsign-compare -fno-omit-frame-pointer -mno-omit-leaf-frame-pointer -g -Og -Wall    -std=c11 -Wextra -Wno-unused-parameter -Wno-missing-field-initializers -Wstrict-prototypes -Werror=implicit-function-declaration -fvisibility=hidden -D_Py_TIER2=1 -D_Py_JIT  -I../../Include/internal -I../../Include/internal/mimalloc -IObjects -IInclude -IPython -I. -I../../Include    -DPy_BUILD_CORE -o Python/qsbr.o ../../Python/qsbr.c
clang -c -fsanitize=undefined -fsanitize=address -fno-omit-frame-pointer  -fno-strict-overflow -Wsign-compare -fno-omit-frame-pointer -mno-omit-leaf-frame-pointer -g -Og -Wall    -std=c11 -Wextra -Wno-unused-parameter -Wno-missing-field-initializers -Wstrict-prototypes -Werror=implicit-function-declaration -fvisibility=hidden -D_Py_TIER2=1 -D_Py_JIT  -I../../Include/internal -I../../Include/internal/mimalloc -IObjects -IInclude -IPython -I. -I../../Include    -DPy_BUILD_CORE -o Python/bootstrap_hash.o ../../Python/bootstrap_hash.c
clang -c -fsanitize=undefined -fsanitize=address -fno-omit-frame-pointer  -fno-strict-overflow -Wsign-compare -fno-omit-frame-pointer -mno-omit-leaf-frame-pointer -g -Og -Wall    -std=c11 -Wextra -Wno-unused-parameter -Wno-missing-field-initializers -Wstrict-prototypes -Werror=implicit-function-declaration -fvisibility=hidden -D_Py_TIER2=1 -D_Py_JIT  -I../../Include/internal -I../../Include/internal/mimalloc -IObjects -IInclude -IPython -I. -I../../Include    -DPy_BUILD_CORE -o Python/specialize.o ../../Python/specialize.c
clang -c -fsanitize=undefined -fsanitize=address -fno-omit-frame-pointer  -fno-strict-overflow -Wsign-compare -fno-omit-frame-pointer -mno-omit-leaf-frame-pointer -g -Og -Wall    -std=c11 -Wextra -Wno-unused-parameter -Wno-missing-field-initializers -Wstrict-prototypes -Werror=implicit-function-declaration -fvisibility=hidden -D_Py_TIER2=1 -D_Py_JIT  -I../../Include/internal -I../../Include/internal/mimalloc -IObjects -IInclude -IPython -I. -I../../Include    -DPy_BUILD_CORE -o Python/stackrefs.o ../../Python/stackrefs.c
clang -c -fsanitize=undefined -fsanitize=address -fno-omit-frame-pointer  -fno-strict-overflow -Wsign-compare -fno-omit-frame-pointer -mno-omit-leaf-frame-pointer -g -Og -Wall    -std=c11 -Wextra -Wno-unused-parameter -Wno-missing-field-initializers -Wstrict-prototypes -Werror=implicit-function-declaration -fvisibility=hidden -D_Py_TIER2=1 -D_Py_JIT  -I../../Include/internal -I../../Include/internal/mimalloc -IObjects -IInclude -IPython -I. -I../../Include    -DPy_BUILD_CORE -o Python/structmember.o ../../Python/structmember.c
clang -c -fsanitize=undefined -fsanitize=address -fno-omit-frame-pointer  -fno-strict-overflow -Wsign-compare -fno-omit-frame-pointer -mno-omit-leaf-frame-pointer -g -Og -Wall    -std=c11 -Wextra -Wno-unused-parameter -Wno-missing-field-initializers -Wstrict-prototypes -Werror=implicit-function-declaration -fvisibility=hidden -D_Py_TIER2=1 -D_Py_JIT  -I../../Include/internal -I../../Include/internal/mimalloc -IObjects -IInclude -IPython -I. -I../../Include    -DPy_BUILD_CORE -o Python/symtable.o ../../Python/symtable.c
clang -c -fsanitize=undefined -fsanitize=address -fno-omit-frame-pointer  -fno-strict-overflow -Wsign-compare -fno-omit-frame-pointer -mno-omit-leaf-frame-pointer -g -Og -Wall    -std=c11 -Wextra -Wno-unused-parameter -Wno-missing-field-initializers -Wstrict-prototypes -Werror=implicit-function-declaration -fvisibility=hidden -D_Py_TIER2=1 -D_Py_JIT  -I../../Include/internal -I../../Include/internal/mimalloc -IObjects -IInclude -IPython -I. -I../../Include    -DPy_BUILD_CORE \
	-DABIFLAGS='"d"' \
	-DMULTIARCH=\"x86_64-linux-gnu\" \
	-o Python/sysmodule.o ../../Python/sysmodule.c
clang -c -fsanitize=undefined -fsanitize=address -fno-omit-frame-pointer  -fno-strict-overflow -Wsign-compare -fno-omit-frame-pointer -mno-omit-leaf-frame-pointer -g -Og -Wall    -std=c11 -Wextra -Wno-unused-parameter -Wno-missing-field-initializers -Wstrict-prototypes -Werror=implicit-function-declaration -fvisibility=hidden -D_Py_TIER2=1 -D_Py_JIT  -I../../Include/internal -I../../Include/internal/mimalloc -IObjects -IInclude -IPython -I. -I../../Include    -DPy_BUILD_CORE -o Python/thread.o ../../Python/thread.c
clang -c -fsanitize=undefined -fsanitize=address -fno-omit-frame-pointer  -fno-strict-overflow -Wsign-compare -fno-omit-frame-pointer -mno-omit-leaf-frame-pointer -g -Og -Wall    -std=c11 -Wextra -Wno-unused-parameter -Wno-missing-field-initializers -Wstrict-prototypes -Werror=implicit-function-declaration -fvisibility=hidden -D_Py_TIER2=1 -D_Py_JIT  -I../../Include/internal -I../../Include/internal/mimalloc -IObjects -IInclude -IPython -I. -I../../Include    -DPy_BUILD_CORE -o Python/traceback.o ../../Python/traceback.c
clang -c -fsanitize=undefined -fsanitize=address -fno-omit-frame-pointer  -fno-strict-overflow -Wsign-compare -fno-omit-frame-pointer -mno-omit-leaf-frame-pointer -g -Og -Wall    -std=c11 -Wextra -Wno-unused-parameter -Wno-missing-field-initializers -Wstrict-prototypes -Werror=implicit-function-declaration -fvisibility=hidden -D_Py_TIER2=1 -D_Py_JIT  -I../../Include/internal -I../../Include/internal/mimalloc -IObjects -IInclude -IPython -I. -I../../Include    -DPy_BUILD_CORE -o Python/tracemalloc.o ../../Python/tracemalloc.c
clang -c -fsanitize=undefined -fsanitize=address -fno-omit-frame-pointer  -fno-strict-overflow -Wsign-compare -fno-omit-frame-pointer -mno-omit-leaf-frame-pointer -g -Og -Wall    -std=c11 -Wextra -Wno-unused-parameter -Wno-missing-field-initializers -Wstrict-prototypes -Werror=implicit-function-declaration -fvisibility=hidden -D_Py_TIER2=1 -D_Py_JIT  -I../../Include/internal -I../../Include/internal/mimalloc -IObjects -IInclude -IPython -I. -I../../Include    -DPy_BUILD_CORE -o Python/uniqueid.o ../../Python/uniqueid.c
clang -c -fsanitize=undefined -fsanitize=address -fno-omit-frame-pointer  -fno-strict-overflow -Wsign-compare -fno-omit-frame-pointer -mno-omit-leaf-frame-pointer -g -Og -Wall    -std=c11 -Wextra -Wno-unused-parameter -Wno-missing-field-initializers -Wstrict-prototypes -Werror=implicit-function-declaration -fvisibility=hidden -D_Py_TIER2=1 -D_Py_JIT  -I../../Include/internal -I../../Include/internal/mimalloc -IObjects -IInclude -IPython -I. -I../../Include    -DPy_BUILD_CORE -o Python/getopt.o ../../Python/getopt.c
clang -c -fsanitize=undefined -fsanitize=address -fno-omit-frame-pointer  -fno-strict-overflow -Wsign-compare -fno-omit-frame-pointer -mno-omit-leaf-frame-pointer -g -Og -Wall    -std=c11 -Wextra -Wno-unused-parameter -Wno-missing-field-initializers -Wstrict-prototypes -Werror=implicit-function-declaration -fvisibility=hidden -D_Py_TIER2=1 -D_Py_JIT  -I../../Include/internal -I../../Include/internal/mimalloc -IObjects -IInclude -IPython -I. -I../../Include    -DPy_BUILD_CORE -o Python/pystrcmp.o ../../Python/pystrcmp.c
clang -c -fsanitize=undefined -fsanitize=address -fno-omit-frame-pointer  -fno-strict-overflow -Wsign-compare -fno-omit-frame-pointer -mno-omit-leaf-frame-pointer -g -Og -Wall    -std=c11 -Wextra -Wno-unused-parameter -Wno-missing-field-initializers -Wstrict-prototypes -Werror=implicit-function-declaration -fvisibility=hidden -D_Py_TIER2=1 -D_Py_JIT  -I../../Include/internal -I../../Include/internal/mimalloc -IObjects -IInclude -IPython -I. -I../../Include    -DPy_BUILD_CORE -o Python/pystrtod.o ../../Python/pystrtod.c
clang -c -fsanitize=undefined -fsanitize=address -fno-omit-frame-pointer  -fno-strict-overflow -Wsign-compare -fno-omit-frame-pointer -mno-omit-leaf-frame-pointer -g -Og -Wall    -std=c11 -Wextra -Wno-unused-parameter -Wno-missing-field-initializers -Wstrict-prototypes -Werror=implicit-function-declaration -fvisibility=hidden -D_Py_TIER2=1 -D_Py_JIT  -I../../Include/internal -I../../Include/internal/mimalloc -IObjects -IInclude -IPython -I. -I../../Include    -DPy_BUILD_CORE -o Python/pystrhex.o ../../Python/pystrhex.c
clang -c -fsanitize=undefined -fsanitize=address -fno-omit-frame-pointer  -fno-strict-overflow -Wsign-compare -fno-omit-frame-pointer -mno-omit-leaf-frame-pointer -g -Og -Wall    -std=c11 -Wextra -Wno-unused-parameter -Wno-missing-field-initializers -Wstrict-prototypes -Werror=implicit-function-declaration -fvisibility=hidden -D_Py_TIER2=1 -D_Py_JIT  -I../../Include/internal -I../../Include/internal/mimalloc -IObjects -IInclude -IPython -I. -I../../Include    -DPy_BUILD_CORE  -o Python/dtoa.o ../../Python/dtoa.c
clang -c -fsanitize=undefined -fsanitize=address -fno-omit-frame-pointer  -fno-strict-overflow -Wsign-compare -fno-omit-frame-pointer -mno-omit-leaf-frame-pointer -g -Og -Wall    -std=c11 -Wextra -Wno-unused-parameter -Wno-missing-field-initializers -Wstrict-prototypes -Werror=implicit-function-declaration -fvisibility=hidden -D_Py_TIER2=1 -D_Py_JIT  -I../../Include/internal -I../../Include/internal/mimalloc -IObjects -IInclude -IPython -I. -I../../Include    -DPy_BUILD_CORE -o Python/fileutils.o ../../Python/fileutils.c
clang -c -fsanitize=undefined -fsanitize=address -fno-omit-frame-pointer  -fno-strict-overflow -Wsign-compare -fno-omit-frame-pointer -mno-omit-leaf-frame-pointer -g -Og -Wall    -std=c11 -Wextra -Wno-unused-parameter -Wno-missing-field-initializers -Wstrict-prototypes -Werror=implicit-function-declaration -fvisibility=hidden -D_Py_TIER2=1 -D_Py_JIT  -I../../Include/internal -I../../Include/internal/mimalloc -IObjects -IInclude -IPython -I. -I../../Include    -DPy_BUILD_CORE -o Python/suggestions.o ../../Python/suggestions.c
clang -c -fsanitize=undefined -fsanitize=address -fno-omit-frame-pointer  -fno-strict-overflow -Wsign-compare -fno-omit-frame-pointer -mno-omit-leaf-frame-pointer -g -Og -Wall    -std=c11 -Wextra -Wno-unused-parameter -Wno-missing-field-initializers -Wstrict-prototypes -Werror=implicit-function-declaration -fvisibility=hidden -D_Py_TIER2=1 -D_Py_JIT  -I../../Include/internal -I../../Include/internal/mimalloc -IObjects -IInclude -IPython -I. -I../../Include    -DPy_BUILD_CORE -o Python/perf_trampoline.o ../../Python/perf_trampoline.c
clang -c -fsanitize=undefined -fsanitize=address -fno-omit-frame-pointer  -fno-strict-overflow -Wsign-compare -fno-omit-frame-pointer -mno-omit-leaf-frame-pointer -g -Og -Wall    -std=c11 -Wextra -Wno-unused-parameter -Wno-missing-field-initializers -Wstrict-prototypes -Werror=implicit-function-declaration -fvisibility=hidden -D_Py_TIER2=1 -D_Py_JIT  -I../../Include/internal -I../../Include/internal/mimalloc -IObjects -IInclude -IPython -I. -I../../Include    -DPy_BUILD_CORE -o Python/perf_jit_trampoline.o ../../Python/perf_jit_trampoline.c
clang -c -fsanitize=undefined -fsanitize=address -fno-omit-frame-pointer  -fno-strict-overflow -Wsign-compare -fno-omit-frame-pointer -mno-omit-leaf-frame-pointer -g -Og -Wall    -std=c11 -Wextra -Wno-unused-parameter -Wno-missing-field-initializers -Wstrict-prototypes -Werror=implicit-function-declaration -fvisibility=hidden -D_Py_TIER2=1 -D_Py_JIT  -I../../Include/internal -I../../Include/internal/mimalloc -IObjects -IInclude -IPython -I. -I../../Include    -DPy_BUILD_CORE -o Python/remote_debugging.o ../../Python/remote_debugging.c
clang -c -fsanitize=undefined -fsanitize=address -fno-omit-frame-pointer  -fno-strict-overflow -Wsign-compare -fno-omit-frame-pointer -mno-omit-leaf-frame-pointer -g -Og -Wall    -std=c11 -Wextra -Wno-unused-parameter -Wno-missing-field-initializers -Wstrict-prototypes -Werror=implicit-function-declaration -fvisibility=hidden -D_Py_TIER2=1 -D_Py_JIT  -I../../Include/internal -I../../Include/internal/mimalloc -IObjects -IInclude -IPython -I. -I../../Include    -DPy_BUILD_CORE \
	-DSOABI='"cpython-315d-x86_64-linux-gnu"' \
	-o Python/dynload_shlib.o ../../Python/dynload_shlib.c
clang -c -fsanitize=undefined -fsanitize=address -fno-omit-frame-pointer  -fno-strict-overflow -Wsign-compare -fno-omit-frame-pointer -mno-omit-leaf-frame-pointer -g -Og -Wall    -std=c11 -Wextra -Wno-unused-parameter -Wno-missing-field-initializers -Wstrict-prototypes -Werror=implicit-function-declaration -fvisibility=hidden -D_Py_TIER2=1 -D_Py_JIT  -I../../Include/internal -I../../Include/internal/mimalloc -IObjects -IInclude -IPython -I. -I../../Include    -DPy_BUILD_CORE -o Modules/config.o Modules/config.c
clang -c -fsanitize=undefined -fsanitize=address -fno-omit-frame-pointer  -fno-strict-overflow -Wsign-compare -fno-omit-frame-pointer -mno-omit-leaf-frame-pointer -g -Og -Wall    -std=c11 -Wextra -Wno-unused-parameter -Wno-missing-field-initializers -Wstrict-prototypes -Werror=implicit-function-declaration -fvisibility=hidden -D_Py_TIER2=1 -D_Py_JIT  -I../../Include/internal -I../../Include/internal/mimalloc -IObjects -IInclude -IPython -I. -I../../Include    -DPy_BUILD_CORE -o Modules/main.o ../../Modules/main.c
clang -c -fsanitize=undefined -fsanitize=address -fno-omit-frame-pointer  -fno-strict-overflow -Wsign-compare -fno-omit-frame-pointer -mno-omit-leaf-frame-pointer -g -Og -Wall    -std=c11 -Wextra -Wno-unused-parameter -Wno-missing-field-initializers -Wstrict-prototypes -Werror=implicit-function-declaration -fvisibility=hidden -D_Py_TIER2=1 -D_Py_JIT  -I../../Include/internal -I../../Include/internal/mimalloc -IObjects -IInclude -IPython -I. -I../../Include    -DPy_BUILD_CORE -o Modules/gcmodule.o ../../Modules/gcmodule.c
clang  -fsanitize=undefined -fsanitize=address -fno-omit-frame-pointer  -fno-strict-overflow -Wsign-compare -fno-omit-frame-pointer -mno-omit-leaf-frame-pointer -g -Og -Wall    -std=c11 -Wextra -Wno-unused-parameter -Wno-missing-field-initializers -Wstrict-prototypes -Werror=implicit-function-declaration -fvisibility=hidden -D_Py_TIER2=1 -D_Py_JIT  -I../../Include/internal -I../../Include/internal/mimalloc -IObjects -IInclude -IPython -I. -I../../Include    -DPy_BUILD_CORE_BUILTIN -c ../../Modules/_asynciomodule.c -o Modules/_asynciomodule.o
clang  -fsanitize=undefined -fsanitize=address -fno-omit-frame-pointer  -fno-strict-overflow -Wsign-compare -fno-omit-frame-pointer -mno-omit-leaf-frame-pointer -g -Og -Wall    -std=c11 -Wextra -Wno-unused-parameter -Wno-missing-field-initializers -Wstrict-prototypes -Werror=implicit-function-declaration -fvisibility=hidden -D_Py_TIER2=1 -D_Py_JIT  -I../../Include/internal -I../../Include/internal/mimalloc -IObjects -IInclude -IPython -I. -I../../Include    -DPy_BUILD_CORE_BUILTIN -c ../../Modules/atexitmodule.c -o Modules/atexitmodule.o
clang  -fsanitize=undefined -fsanitize=address -fno-omit-frame-pointer  -fno-strict-overflow -Wsign-compare -fno-omit-frame-pointer -mno-omit-leaf-frame-pointer -g -Og -Wall    -std=c11 -Wextra -Wno-unused-parameter -Wno-missing-field-initializers -Wstrict-prototypes -Werror=implicit-function-declaration -fvisibility=hidden -D_Py_TIER2=1 -D_Py_JIT  -I../../Include/internal -I../../Include/internal/mimalloc -IObjects -IInclude -IPython -I. -I../../Include    -DPy_BUILD_CORE_BUILTIN -c ../../Modules/faulthandler.c -o Modules/faulthandler.o
clang  -fsanitize=undefined -fsanitize=address -fno-omit-frame-pointer  -fno-strict-overflow -Wsign-compare -fno-omit-frame-pointer -mno-omit-leaf-frame-pointer -g -Og -Wall    -std=c11 -Wextra -Wno-unused-parameter -Wno-missing-field-initializers -Wstrict-prototypes -Werror=implicit-function-declaration -fvisibility=hidden -D_Py_TIER2=1 -D_Py_JIT  -I../../Include/internal -I../../Include/internal/mimalloc -IObjects -IInclude -IPython -I. -I../../Include    -DPy_BUILD_CORE_BUILTIN -c ../../Modules/posixmodule.c -o Modules/posixmodule.o
clang  -fsanitize=undefined -fsanitize=address -fno-omit-frame-pointer  -fno-strict-overflow -Wsign-compare -fno-omit-frame-pointer -mno-omit-leaf-frame-pointer -g -Og -Wall    -std=c11 -Wextra -Wno-unused-parameter -Wno-missing-field-initializers -Wstrict-prototypes -Werror=implicit-function-declaration -fvisibility=hidden -D_Py_TIER2=1 -D_Py_JIT  -I../../Include/internal -I../../Include/internal/mimalloc -IObjects -IInclude -IPython -I. -I../../Include    -DPy_BUILD_CORE_BUILTIN -c ../../Modules/signalmodule.c -o Modules/signalmodule.o
clang  -fsanitize=undefined -fsanitize=address -fno-omit-frame-pointer  -fno-strict-overflow -Wsign-compare -fno-omit-frame-pointer -mno-omit-leaf-frame-pointer -g -Og -Wall    -std=c11 -Wextra -Wno-unused-parameter -Wno-missing-field-initializers -Wstrict-prototypes -Werror=implicit-function-declaration -fvisibility=hidden -D_Py_TIER2=1 -D_Py_JIT  -I../../Include/internal -I../../Include/internal/mimalloc -IObjects -IInclude -IPython -I. -I../../Include    -DPy_BUILD_CORE_BUILTIN -c ../../Modules/_tracemalloc.c -o Modules/_tracemalloc.o
clang  -fsanitize=undefined -fsanitize=address -fno-omit-frame-pointer  -fno-strict-overflow -Wsign-compare -fno-omit-frame-pointer -mno-omit-leaf-frame-pointer -g -Og -Wall    -std=c11 -Wextra -Wno-unused-parameter -Wno-missing-field-initializers -Wstrict-prototypes -Werror=implicit-function-declaration -fvisibility=hidden -D_Py_TIER2=1 -D_Py_JIT  -I../../Include/internal -I../../Include/internal/mimalloc -IObjects -IInclude -IPython -I. -I../../Include    -DPy_BUILD_CORE_BUILTIN -c ../../Modules/_suggestions.c -o Modules/_suggestions.o
clang  -fsanitize=undefined -fsanitize=address -fno-omit-frame-pointer  -fno-strict-overflow -Wsign-compare -fno-omit-frame-pointer -mno-omit-leaf-frame-pointer -g -Og -Wall    -std=c11 -Wextra -Wno-unused-parameter -Wno-missing-field-initializers -Wstrict-prototypes -Werror=implicit-function-declaration -fvisibility=hidden -D_Py_TIER2=1 -D_Py_JIT  -I../../Include/internal -I../../Include/internal/mimalloc -IObjects -IInclude -IPython -I. -I../../Include    -DPy_BUILD_CORE_BUILTIN -c ../../Modules/_datetimemodule.c -o Modules/_datetimemodule.o
clang  -fsanitize=undefined -fsanitize=address -fno-omit-frame-pointer  -fno-strict-overflow -Wsign-compare -fno-omit-frame-pointer -mno-omit-leaf-frame-pointer -g -Og -Wall    -std=c11 -Wextra -Wno-unused-parameter -Wno-missing-field-initializers -Wstrict-prototypes -Werror=implicit-function-declaration -fvisibility=hidden -D_Py_TIER2=1 -D_Py_JIT  -I../../Include/internal -I../../Include/internal/mimalloc -IObjects -IInclude -IPython -I. -I../../Include    -DPy_BUILD_CORE_BUILTIN -c ../../Modules/_codecsmodule.c -o Modules/_codecsmodule.o
clang  -fsanitize=undefined -fsanitize=address -fno-omit-frame-pointer  -fno-strict-overflow -Wsign-compare -fno-omit-frame-pointer -mno-omit-leaf-frame-pointer -g -Og -Wall    -std=c11 -Wextra -Wno-unused-parameter -Wno-missing-field-initializers -Wstrict-prototypes -Werror=implicit-function-declaration -fvisibility=hidden -D_Py_TIER2=1 -D_Py_JIT  -I../../Include/internal -I../../Include/internal/mimalloc -IObjects -IInclude -IPython -I. -I../../Include    -DPy_BUILD_CORE_BUILTIN -c ../../Modules/_collectionsmodule.c -o Modules/_collectionsmodule.o
clang  -fsanitize=undefined -fsanitize=address -fno-omit-frame-pointer  -fno-strict-overflow -Wsign-compare -fno-omit-frame-pointer -mno-omit-leaf-frame-pointer -g -Og -Wall    -std=c11 -Wextra -Wno-unused-parameter -Wno-missing-field-initializers -Wstrict-prototypes -Werror=implicit-function-declaration -fvisibility=hidden -D_Py_TIER2=1 -D_Py_JIT  -I../../Include/internal -I../../Include/internal/mimalloc -IObjects -IInclude -IPython -I. -I../../Include    -DPy_BUILD_CORE_BUILTIN -c ../../Modules/errnomodule.c -o Modules/errnomodule.o
clang -I../../Modules/_io -fsanitize=undefined -fsanitize=address -fno-omit-frame-pointer  -fno-strict-overflow -Wsign-compare -fno-omit-frame-pointer -mno-omit-leaf-frame-pointer -g -Og -Wall    -std=c11 -Wextra -Wno-unused-parameter -Wno-missing-field-initializers -Wstrict-prototypes -Werror=implicit-function-declaration -fvisibility=hidden -D_Py_TIER2=1 -D_Py_JIT  -I../../Include/internal -I../../Include/internal/mimalloc -IObjects -IInclude -IPython -I. -I../../Include    -DPy_BUILD_CORE_BUILTIN -c ../../Modules/_io/_iomodule.c -o Modules/_io/_iomodule.o
clang -I../../Modules/_io -fsanitize=undefined -fsanitize=address -fno-omit-frame-pointer  -fno-strict-overflow -Wsign-compare -fno-omit-frame-pointer -mno-omit-leaf-frame-pointer -g -Og -Wall    -std=c11 -Wextra -Wno-unused-parameter -Wno-missing-field-initializers -Wstrict-prototypes -Werror=implicit-function-declaration -fvisibility=hidden -D_Py_TIER2=1 -D_Py_JIT  -I../../Include/internal -I../../Include/internal/mimalloc -IObjects -IInclude -IPython -I. -I../../Include    -DPy_BUILD_CORE_BUILTIN -c ../../Modules/_io/iobase.c -o Modules/_io/iobase.o
clang -I../../Modules/_io -fsanitize=undefined -fsanitize=address -fno-omit-frame-pointer  -fno-strict-overflow -Wsign-compare -fno-omit-frame-pointer -mno-omit-leaf-frame-pointer -g -Og -Wall    -std=c11 -Wextra -Wno-unused-parameter -Wno-missing-field-initializers -Wstrict-prototypes -Werror=implicit-function-declaration -fvisibility=hidden -D_Py_TIER2=1 -D_Py_JIT  -I../../Include/internal -I../../Include/internal/mimalloc -IObjects -IInclude -IPython -I. -I../../Include    -DPy_BUILD_CORE_BUILTIN -c ../../Modules/_io/fileio.c -o Modules/_io/fileio.o
clang -I../../Modules/_io -fsanitize=undefined -fsanitize=address -fno-omit-frame-pointer  -fno-strict-overflow -Wsign-compare -fno-omit-frame-pointer -mno-omit-leaf-frame-pointer -g -Og -Wall    -std=c11 -Wextra -Wno-unused-parameter -Wno-missing-field-initializers -Wstrict-prototypes -Werror=implicit-function-declaration -fvisibility=hidden -D_Py_TIER2=1 -D_Py_JIT  -I../../Include/internal -I../../Include/internal/mimalloc -IObjects -IInclude -IPython -I. -I../../Include    -DPy_BUILD_CORE_BUILTIN -c ../../Modules/_io/bytesio.c -o Modules/_io/bytesio.o
clang -I../../Modules/_io -fsanitize=undefined -fsanitize=address -fno-omit-frame-pointer  -fno-strict-overflow -Wsign-compare -fno-omit-frame-pointer -mno-omit-leaf-frame-pointer -g -Og -Wall    -std=c11 -Wextra -Wno-unused-parameter -Wno-missing-field-initializers -Wstrict-prototypes -Werror=implicit-function-declaration -fvisibility=hidden -D_Py_TIER2=1 -D_Py_JIT  -I../../Include/internal -I../../Include/internal/mimalloc -IObjects -IInclude -IPython -I. -I../../Include    -DPy_BUILD_CORE_BUILTIN -c ../../Modules/_io/bufferedio.c -o Modules/_io/bufferedio.o
clang -I../../Modules/_io -fsanitize=undefined -fsanitize=address -fno-omit-frame-pointer  -fno-strict-overflow -Wsign-compare -fno-omit-frame-pointer -mno-omit-leaf-frame-pointer -g -Og -Wall    -std=c11 -Wextra -Wno-unused-parameter -Wno-missing-field-initializers -Wstrict-prototypes -Werror=implicit-function-declaration -fvisibility=hidden -D_Py_TIER2=1 -D_Py_JIT  -I../../Include/internal -I../../Include/internal/mimalloc -IObjects -IInclude -IPython -I. -I../../Include    -DPy_BUILD_CORE_BUILTIN -c ../../Modules/_io/textio.c -o Modules/_io/textio.o
clang -I../../Modules/_io -fsanitize=undefined -fsanitize=address -fno-omit-frame-pointer  -fno-strict-overflow -Wsign-compare -fno-omit-frame-pointer -mno-omit-leaf-frame-pointer -g -Og -Wall    -std=c11 -Wextra -Wno-unused-parameter -Wno-missing-field-initializers -Wstrict-prototypes -Werror=implicit-function-declaration -fvisibility=hidden -D_Py_TIER2=1 -D_Py_JIT  -I../../Include/internal -I../../Include/internal/mimalloc -IObjects -IInclude -IPython -I. -I../../Include    -DPy_BUILD_CORE_BUILTIN -c ../../Modules/_io/stringio.c -o Modules/_io/stringio.o
clang  -fsanitize=undefined -fsanitize=address -fno-omit-frame-pointer  -fno-strict-overflow -Wsign-compare -fno-omit-frame-pointer -mno-omit-leaf-frame-pointer -g -Og -Wall    -std=c11 -Wextra -Wno-unused-parameter -Wno-missing-field-initializers -Wstrict-prototypes -Werror=implicit-function-declaration -fvisibility=hidden -D_Py_TIER2=1 -D_Py_JIT  -I../../Include/internal -I../../Include/internal/mimalloc -IObjects -IInclude -IPython -I. -I../../Include    -DPy_BUILD_CORE_BUILTIN -c ../../Modules/itertoolsmodule.c -o Modules/itertoolsmodule.o
clang  -fsanitize=undefined -fsanitize=address -fno-omit-frame-pointer  -fno-strict-overflow -Wsign-compare -fno-omit-frame-pointer -mno-omit-leaf-frame-pointer -g -Og -Wall    -std=c11 -Wextra -Wno-unused-parameter -Wno-missing-field-initializers -Wstrict-prototypes -Werror=implicit-function-declaration -fvisibility=hidden -D_Py_TIER2=1 -D_Py_JIT  -I../../Include/internal -I../../Include/internal/mimalloc -IObjects -IInclude -IPython -I. -I../../Include    -DPy_BUILD_CORE_BUILTIN -c ../../Modules/_sre/sre.c -o Modules/_sre/sre.o
clang  -fsanitize=undefined -fsanitize=address -fno-omit-frame-pointer  -fno-strict-overflow -Wsign-compare -fno-omit-frame-pointer -mno-omit-leaf-frame-pointer -g -Og -Wall    -std=c11 -Wextra -Wno-unused-parameter -Wno-missing-field-initializers -Wstrict-prototypes -Werror=implicit-function-declaration -fvisibility=hidden -D_Py_TIER2=1 -D_Py_JIT  -I../../Include/internal -I../../Include/internal/mimalloc -IObjects -IInclude -IPython -I. -I../../Include    -DPy_BUILD_CORE_BUILTIN -c ../../Modules/_sysconfig.c -o Modules/_sysconfig.o
clang  -fsanitize=undefined -fsanitize=address -fno-omit-frame-pointer  -fno-strict-overflow -Wsign-compare -fno-omit-frame-pointer -mno-omit-leaf-frame-pointer -g -Og -Wall    -std=c11 -Wextra -Wno-unused-parameter -Wno-missing-field-initializers -Wstrict-prototypes -Werror=implicit-function-declaration -fvisibility=hidden -D_Py_TIER2=1 -D_Py_JIT  -I../../Include/internal -I../../Include/internal/mimalloc -IObjects -IInclude -IPython -I. -I../../Include    -DPy_BUILD_CORE_BUILTIN -c ../../Modules/_threadmodule.c -o Modules/_threadmodule.o
clang  -fsanitize=undefined -fsanitize=address -fno-omit-frame-pointer  -fno-strict-overflow -Wsign-compare -fno-omit-frame-pointer -mno-omit-leaf-frame-pointer -g -Og -Wall    -std=c11 -Wextra -Wno-unused-parameter -Wno-missing-field-initializers -Wstrict-prototypes -Werror=implicit-function-declaration -fvisibility=hidden -D_Py_TIER2=1 -D_Py_JIT  -I../../Include/internal -I../../Include/internal/mimalloc -IObjects -IInclude -IPython -I. -I../../Include    -DPy_BUILD_CORE_BUILTIN -c ../../Modules/timemodule.c -o Modules/timemodule.o

===============================================================
JIT support for x86_64-unknown-linux-gnu is still experimental!
            Please report any issues you encounter.            
===============================================================

clang  -fsanitize=undefined -fsanitize=address -fno-omit-frame-pointer  -fno-strict-overflow -Wsign-compare -fno-omit-frame-pointer -mno-omit-leaf-frame-pointer -g -Og -Wall    -std=c11 -Wextra -Wno-unused-parameter -Wno-missing-field-initializers -Wstrict-prototypes -Werror=implicit-function-declaration -fvisibility=hidden -D_Py_TIER2=1 -D_Py_JIT  -I../../Include/internal -I../../Include/internal/mimalloc -IObjects -IInclude -IPython -I. -I../../Include    -DPy_BUILD_CORE_BUILTIN -c ../../Modules/_typesmodule.c -o Modules/_typesmodule.o
clang  -fsanitize=undefined -fsanitize=address -fno-omit-frame-pointer  -fno-strict-overflow -Wsign-compare -fno-omit-frame-pointer -mno-omit-leaf-frame-pointer -g -Og -Wall    -std=c11 -Wextra -Wno-unused-parameter -Wno-missing-field-initializers -Wstrict-prototypes -Werror=implicit-function-declaration -fvisibility=hidden -D_Py_TIER2=1 -D_Py_JIT  -I../../Include/internal -I../../Include/internal/mimalloc -IObjects -IInclude -IPython -I. -I../../Include    -DPy_BUILD_CORE_BUILTIN -c ../../Modules/_typingmodule.c -o Modules/_typingmodule.o
clang  -fsanitize=undefined -fsanitize=address -fno-omit-frame-pointer  -fno-strict-overflow -Wsign-compare -fno-omit-frame-pointer -mno-omit-leaf-frame-pointer -g -Og -Wall    -std=c11 -Wextra -Wno-unused-parameter -Wno-missing-field-initializers -Wstrict-prototypes -Werror=implicit-function-declaration -fvisibility=hidden -D_Py_TIER2=1 -D_Py_JIT  -I../../Include/internal -I../../Include/internal/mimalloc -IObjects -IInclude -IPython -I. -I../../Include    -DPy_BUILD_CORE_BUILTIN -c ../../Modules/_weakref.c -o Modules/_weakref.o
clang  -fsanitize=undefined -fsanitize=address -fno-omit-frame-pointer  -fno-strict-overflow -Wsign-compare -fno-omit-frame-pointer -mno-omit-leaf-frame-pointer -g -Og -Wall    -std=c11 -Wextra -Wno-unused-parameter -Wno-missing-field-initializers -Wstrict-prototypes -Werror=implicit-function-declaration -fvisibility=hidden -D_Py_TIER2=1 -D_Py_JIT  -I../../Include/internal -I../../Include/internal/mimalloc -IObjects -IInclude -IPython -I. -I../../Include    -DPy_BUILD_CORE_BUILTIN -c ../../Modules/_abc.c -o Modules/_abc.o
clang  -fsanitize=undefined -fsanitize=address -fno-omit-frame-pointer  -fno-strict-overflow -Wsign-compare -fno-omit-frame-pointer -mno-omit-leaf-frame-pointer -g -Og -Wall    -std=c11 -Wextra -Wno-unused-parameter -Wno-missing-field-initializers -Wstrict-prototypes -Werror=implicit-function-declaration -fvisibility=hidden -D_Py_TIER2=1 -D_Py_JIT  -I../../Include/internal -I../../Include/internal/mimalloc -IObjects -IInclude -IPython -I. -I../../Include    -DPy_BUILD_CORE_BUILTIN -c ../../Modules/_functoolsmodule.c -o Modules/_functoolsmodule.o
clang  -fsanitize=undefined -fsanitize=address -fno-omit-frame-pointer  -fno-strict-overflow -Wsign-compare -fno-omit-frame-pointer -mno-omit-leaf-frame-pointer -g -Og -Wall    -std=c11 -Wextra -Wno-unused-parameter -Wno-missing-field-initializers -Wstrict-prototypes -Werror=implicit-function-declaration -fvisibility=hidden -D_Py_TIER2=1 -D_Py_JIT  -I../../Include/internal -I../../Include/internal/mimalloc -IObjects -IInclude -IPython -I. -I../../Include    -DPy_BUILD_CORE_BUILTIN -c ../../Modules/_localemodule.c -o Modules/_localemodule.o
clang  -fsanitize=undefined -fsanitize=address -fno-omit-frame-pointer  -fno-strict-overflow -Wsign-compare -fno-omit-frame-pointer -mno-omit-leaf-frame-pointer -g -Og -Wall    -std=c11 -Wextra -Wno-unused-parameter -Wno-missing-field-initializers -Wstrict-prototypes -Werror=implicit-function-declaration -fvisibility=hidden -D_Py_TIER2=1 -D_Py_JIT  -I../../Include/internal -I../../Include/internal/mimalloc -IObjects -IInclude -IPython -I. -I../../Include    -DPy_BUILD_CORE_BUILTIN -c ../../Modules/_opcode.c -o Modules/_opcode.o
clang  -fsanitize=undefined -fsanitize=address -fno-omit-frame-pointer  -fno-strict-overflow -Wsign-compare -fno-omit-frame-pointer -mno-omit-leaf-frame-pointer -g -Og -Wall    -std=c11 -Wextra -Wno-unused-parameter -Wno-missing-field-initializers -Wstrict-prototypes -Werror=implicit-function-declaration -fvisibility=hidden -D_Py_TIER2=1 -D_Py_JIT  -I../../Include/internal -I../../Include/internal/mimalloc -IObjects -IInclude -IPython -I. -I../../Include    -DPy_BUILD_CORE_BUILTIN -c ../../Modules/_operator.c -o Modules/_operator.o
clang  -fsanitize=undefined -fsanitize=address -fno-omit-frame-pointer  -fno-strict-overflow -Wsign-compare -fno-omit-frame-pointer -mno-omit-leaf-frame-pointer -g -Og -Wall    -std=c11 -Wextra -Wno-unused-parameter -Wno-missing-field-initializers -Wstrict-prototypes -Werror=implicit-function-declaration -fvisibility=hidden -D_Py_TIER2=1 -D_Py_JIT  -I../../Include/internal -I../../Include/internal/mimalloc -IObjects -IInclude -IPython -I. -I../../Include    -DPy_BUILD_CORE_BUILTIN -c ../../Modules/_stat.c -o Modules/_stat.o
clang  -fsanitize=undefined -fsanitize=address -fno-omit-frame-pointer  -fno-strict-overflow -Wsign-compare -fno-omit-frame-pointer -mno-omit-leaf-frame-pointer -g -Og -Wall    -std=c11 -Wextra -Wno-unused-parameter -Wno-missing-field-initializers -Wstrict-prototypes -Werror=implicit-function-declaration -fvisibility=hidden -D_Py_TIER2=1 -D_Py_JIT  -I../../Include/internal -I../../Include/internal/mimalloc -IObjects -IInclude -IPython -I. -I../../Include    -DPy_BUILD_CORE_BUILTIN -c ../../Modules/symtablemodule.c -o Modules/symtablemodule.o
clang  -fsanitize=undefined -fsanitize=address -fno-omit-frame-pointer  -fno-strict-overflow -Wsign-compare -fno-omit-frame-pointer -mno-omit-leaf-frame-pointer -g -Og -Wall    -std=c11 -Wextra -Wno-unused-parameter -Wno-missing-field-initializers -Wstrict-prototypes -Werror=implicit-function-declaration -fvisibility=hidden -D_Py_TIER2=1 -D_Py_JIT  -I../../Include/internal -I../../Include/internal/mimalloc -IObjects -IInclude -IPython -I. -I../../Include    -DPy_BUILD_CORE_BUILTIN -c ../../Modules/pwdmodule.c -o Modules/pwdmodule.o
clang -c -fsanitize=undefined -fsanitize=address -fno-omit-frame-pointer  -fno-strict-overflow -Wsign-compare -fno-omit-frame-pointer -mno-omit-leaf-frame-pointer -g -Og -Wall    -std=c11 -Wextra -Wno-unused-parameter -Wno-missing-field-initializers -Wstrict-prototypes -Werror=implicit-function-declaration -fvisibility=hidden -D_Py_TIER2=1 -D_Py_JIT  -I../../Include/internal -I../../Include/internal/mimalloc -IObjects -IInclude -IPython -I. -I../../Include    -DPy_BUILD_CORE -o Programs/_freeze_module.o ../../Programs/_freeze_module.c
clang -c -fsanitize=undefined -fsanitize=address -fno-omit-frame-pointer  -fno-strict-overflow -Wsign-compare -fno-omit-frame-pointer -mno-omit-leaf-frame-pointer -g -Og -Wall    -std=c11 -Wextra -Wno-unused-parameter -Wno-missing-field-initializers -Wstrict-prototypes -Werror=implicit-function-declaration -fvisibility=hidden -D_Py_TIER2=1 -D_Py_JIT  -I../../Include/internal -I../../Include/internal/mimalloc -IObjects -IInclude -IPython -I. -I../../Include    -DPy_BUILD_CORE -o Modules/getpath_noop.o ../../Modules/getpath_noop.c
clang  -fsanitize=undefined -fsanitize=address -fno-omit-frame-pointer  -fno-strict-overflow -Wsign-compare -fno-omit-frame-pointer -mno-omit-leaf-frame-pointer -g -Og -Wall    -std=c11 -Wextra -Wno-unused-parameter -Wno-missing-field-initializers -Wstrict-prototypes -Werror=implicit-function-declaration -fvisibility=hidden -D_Py_TIER2=1 -D_Py_JIT  -I../../Include/internal -I../../Include/internal/mimalloc -IObjects -IInclude -IPython -I. -I../../Include    -fPIC -c ../../Modules/arraymodule.c -o Modules/arraymodule.o
clang  -fsanitize=undefined -fsanitize=address -fno-omit-frame-pointer  -fno-strict-overflow -Wsign-compare -fno-omit-frame-pointer -mno-omit-leaf-frame-pointer -g -Og -Wall    -std=c11 -Wextra -Wno-unused-parameter -Wno-missing-field-initializers -Wstrict-prototypes -Werror=implicit-function-declaration -fvisibility=hidden -D_Py_TIER2=1 -D_Py_JIT  -I../../Include/internal -I../../Include/internal/mimalloc -IObjects -IInclude -IPython -I. -I../../Include    -fPIC -c ../../Modules/_bisectmodule.c -o Modules/_bisectmodule.o
clang  -fsanitize=undefined -fsanitize=address -fno-omit-frame-pointer  -fno-strict-overflow -Wsign-compare -fno-omit-frame-pointer -mno-omit-leaf-frame-pointer -g -Og -Wall    -std=c11 -Wextra -Wno-unused-parameter -Wno-missing-field-initializers -Wstrict-prototypes -Werror=implicit-function-declaration -fvisibility=hidden -D_Py_TIER2=1 -D_Py_JIT  -I../../Include/internal -I../../Include/internal/mimalloc -IObjects -IInclude -IPython -I. -I../../Include    -fPIC -c ../../Modules/_csv.c -o Modules/_csv.o
clang  -fsanitize=undefined -fsanitize=address -fno-omit-frame-pointer  -fno-strict-overflow -Wsign-compare -fno-omit-frame-pointer -mno-omit-leaf-frame-pointer -g -Og -Wall    -std=c11 -Wextra -Wno-unused-parameter -Wno-missing-field-initializers -Wstrict-prototypes -Werror=implicit-function-declaration -fvisibility=hidden -D_Py_TIER2=1 -D_Py_JIT  -I../../Include/internal -I../../Include/internal/mimalloc -IObjects -IInclude -IPython -I. -I../../Include    -fPIC -c ../../Modules/_heapqmodule.c -o Modules/_heapqmodule.o
clang  -fsanitize=undefined -fsanitize=address -fno-omit-frame-pointer  -fno-strict-overflow -Wsign-compare -fno-omit-frame-pointer -mno-omit-leaf-frame-pointer -g -Og -Wall    -std=c11 -Wextra -Wno-unused-parameter -Wno-missing-field-initializers -Wstrict-prototypes -Werror=implicit-function-declaration -fvisibility=hidden -D_Py_TIER2=1 -D_Py_JIT  -I../../Include/internal -I../../Include/internal/mimalloc -IObjects -IInclude -IPython -I. -I../../Include    -fPIC -c ../../Modules/_json.c -o Modules/_json.o
clang  -fsanitize=undefined -fsanitize=address -fno-omit-frame-pointer  -fno-strict-overflow -Wsign-compare -fno-omit-frame-pointer -mno-omit-leaf-frame-pointer -g -Og -Wall    -std=c11 -Wextra -Wno-unused-parameter -Wno-missing-field-initializers -Wstrict-prototypes -Werror=implicit-function-declaration -fvisibility=hidden -D_Py_TIER2=1 -D_Py_JIT  -I../../Include/internal -I../../Include/internal/mimalloc -IObjects -IInclude -IPython -I. -I../../Include    -fPIC -c ../../Modules/_lsprof.c -o Modules/_lsprof.o
clang  -fsanitize=undefined -fsanitize=address -fno-omit-frame-pointer  -fno-strict-overflow -Wsign-compare -fno-omit-frame-pointer -mno-omit-leaf-frame-pointer -g -Og -Wall    -std=c11 -Wextra -Wno-unused-parameter -Wno-missing-field-initializers -Wstrict-prototypes -Werror=implicit-function-declaration -fvisibility=hidden -D_Py_TIER2=1 -D_Py_JIT  -I../../Include/internal -I../../Include/internal/mimalloc -IObjects -IInclude -IPython -I. -I../../Include    -fPIC -c ../../Modules/rotatingtree.c -o Modules/rotatingtree.o
clang  -fsanitize=undefined -fsanitize=address -fno-omit-frame-pointer  -fno-strict-overflow -Wsign-compare -fno-omit-frame-pointer -mno-omit-leaf-frame-pointer -g -Og -Wall    -std=c11 -Wextra -Wno-unused-parameter -Wno-missing-field-initializers -Wstrict-prototypes -Werror=implicit-function-declaration -fvisibility=hidden -D_Py_TIER2=1 -D_Py_JIT  -I../../Include/internal -I../../Include/internal/mimalloc -IObjects -IInclude -IPython -I. -I../../Include    -fPIC -c ../../Modules/mathintegermodule.c -o Modules/mathintegermodule.o
clang  -fsanitize=undefined -fsanitize=address -fno-omit-frame-pointer  -fno-strict-overflow -Wsign-compare -fno-omit-frame-pointer -mno-omit-leaf-frame-pointer -g -Og -Wall    -std=c11 -Wextra -Wno-unused-parameter -Wno-missing-field-initializers -Wstrict-prototypes -Werror=implicit-function-declaration -fvisibility=hidden -D_Py_TIER2=1 -D_Py_JIT  -I../../Include/internal -I../../Include/internal/mimalloc -IObjects -IInclude -IPython -I. -I../../Include    -fPIC -c ../../Modules/_pickle.c -o Modules/_pickle.o
clang  -fsanitize=undefined -fsanitize=address -fno-omit-frame-pointer  -fno-strict-overflow -Wsign-compare -fno-omit-frame-pointer -mno-omit-leaf-frame-pointer -g -Og -Wall    -std=c11 -Wextra -Wno-unused-parameter -Wno-missing-field-initializers -Wstrict-prototypes -Werror=implicit-function-declaration -fvisibility=hidden -D_Py_TIER2=1 -D_Py_JIT  -I../../Include/internal -I../../Include/internal/mimalloc -IObjects -IInclude -IPython -I. -I../../Include    -fPIC -c ../../Modules/_queuemodule.c -o Modules/_queuemodule.o
clang  -fsanitize=undefined -fsanitize=address -fno-omit-frame-pointer  -fno-strict-overflow -Wsign-compare -fno-omit-frame-pointer -mno-omit-leaf-frame-pointer -g -Og -Wall    -std=c11 -Wextra -Wno-unused-parameter -Wno-missing-field-initializers -Wstrict-prototypes -Werror=implicit-function-declaration -fvisibility=hidden -D_Py_TIER2=1 -D_Py_JIT  -I../../Include/internal -I../../Include/internal/mimalloc -IObjects -IInclude -IPython -I. -I../../Include    -fPIC -c ../../Modules/_randommodule.c -o Modules/_randommodule.o
clang  -fsanitize=undefined -fsanitize=address -fno-omit-frame-pointer  -fno-strict-overflow -Wsign-compare -fno-omit-frame-pointer -mno-omit-leaf-frame-pointer -g -Og -Wall    -std=c11 -Wextra -Wno-unused-parameter -Wno-missing-field-initializers -Wstrict-prototypes -Werror=implicit-function-declaration -fvisibility=hidden -D_Py_TIER2=1 -D_Py_JIT  -I../../Include/internal -I../../Include/internal/mimalloc -IObjects -IInclude -IPython -I. -I../../Include    -fPIC -c ../../Modules/_remote_debugging_module.c -o Modules/_remote_debugging_module.o
clang  -fsanitize=undefined -fsanitize=address -fno-omit-frame-pointer  -fno-strict-overflow -Wsign-compare -fno-omit-frame-pointer -mno-omit-leaf-frame-pointer -g -Og -Wall    -std=c11 -Wextra -Wno-unused-parameter -Wno-missing-field-initializers -Wstrict-prototypes -Werror=implicit-function-declaration -fvisibility=hidden -D_Py_TIER2=1 -D_Py_JIT  -I../../Include/internal -I../../Include/internal/mimalloc -IObjects -IInclude -IPython -I. -I../../Include    -fPIC -c ../../Modules/_struct.c -o Modules/_struct.o
clang  -fsanitize=undefined -fsanitize=address -fno-omit-frame-pointer  -fno-strict-overflow -Wsign-compare -fno-omit-frame-pointer -mno-omit-leaf-frame-pointer -g -Og -Wall    -std=c11 -Wextra -Wno-unused-parameter -Wno-missing-field-initializers -Wstrict-prototypes -Werror=implicit-function-declaration -fvisibility=hidden -D_Py_TIER2=1 -D_Py_JIT  -I../../Include/internal -I../../Include/internal/mimalloc -IObjects -IInclude -IPython -I. -I../../Include    -fPIC -c ../../Modules/_interpretersmodule.c -o Modules/_interpretersmodule.o
clang  -fsanitize=undefined -fsanitize=address -fno-omit-frame-pointer  -fno-strict-overflow -Wsign-compare -fno-omit-frame-pointer -mno-omit-leaf-frame-pointer -g -Og -Wall    -std=c11 -Wextra -Wno-unused-parameter -Wno-missing-field-initializers -Wstrict-prototypes -Werror=implicit-function-declaration -fvisibility=hidden -D_Py_TIER2=1 -D_Py_JIT  -I../../Include/internal -I../../Include/internal/mimalloc -IObjects -IInclude -IPython -I. -I../../Include    -fPIC -c ../../Modules/_interpchannelsmodule.c -o Modules/_interpchannelsmodule.o
clang  -fsanitize=undefined -fsanitize=address -fno-omit-frame-pointer  -fno-strict-overflow -Wsign-compare -fno-omit-frame-pointer -mno-omit-leaf-frame-pointer -g -Og -Wall    -std=c11 -Wextra -Wno-unused-parameter -Wno-missing-field-initializers -Wstrict-prototypes -Werror=implicit-function-declaration -fvisibility=hidden -D_Py_TIER2=1 -D_Py_JIT  -I../../Include/internal -I../../Include/internal/mimalloc -IObjects -IInclude -IPython -I. -I../../Include    -fPIC -c ../../Modules/_interpqueuesmodule.c -o Modules/_interpqueuesmodule.o
clang  -fsanitize=undefined -fsanitize=address -fno-omit-frame-pointer  -fno-strict-overflow -Wsign-compare -fno-omit-frame-pointer -mno-omit-leaf-frame-pointer -g -Og -Wall    -std=c11 -Wextra -Wno-unused-parameter -Wno-missing-field-initializers -Wstrict-prototypes -Werror=implicit-function-declaration -fvisibility=hidden -D_Py_TIER2=1 -D_Py_JIT  -I../../Include/internal -I../../Include/internal/mimalloc -IObjects -IInclude -IPython -I. -I../../Include    -fPIC -c ../../Modules/_zoneinfo.c -o Modules/_zoneinfo.o
clang  -fsanitize=undefined -fsanitize=address -fno-omit-frame-pointer  -fno-strict-overflow -Wsign-compare -fno-omit-frame-pointer -mno-omit-leaf-frame-pointer -g -Og -Wall    -std=c11 -Wextra -Wno-unused-parameter -Wno-missing-field-initializers -Wstrict-prototypes -Werror=implicit-function-declaration -fvisibility=hidden -D_Py_TIER2=1 -D_Py_JIT  -I../../Include/internal -I../../Include/internal/mimalloc -IObjects -IInclude -IPython -I. -I../../Include    -fPIC -c ../../Modules/mathmodule.c -o Modules/mathmodule.o
clang  -fsanitize=undefined -fsanitize=address -fno-omit-frame-pointer  -fno-strict-overflow -Wsign-compare -fno-omit-frame-pointer -mno-omit-leaf-frame-pointer -g -Og -Wall    -std=c11 -Wextra -Wno-unused-parameter -Wno-missing-field-initializers -Wstrict-prototypes -Werror=implicit-function-declaration -fvisibility=hidden -D_Py_TIER2=1 -D_Py_JIT  -I../../Include/internal -I../../Include/internal/mimalloc -IObjects -IInclude -IPython -I. -I../../Include    -fPIC -c ../../Modules/cmathmodule.c -o Modules/cmathmodule.o
clang  -fsanitize=undefined -fsanitize=address -fno-omit-frame-pointer  -fno-strict-overflow -Wsign-compare -fno-omit-frame-pointer -mno-omit-leaf-frame-pointer -g -Og -Wall    -std=c11 -Wextra -Wno-unused-parameter -Wno-missing-field-initializers -Wstrict-prototypes -Werror=implicit-function-declaration -fvisibility=hidden -D_Py_TIER2=1 -D_Py_JIT  -I../../Include/internal -I../../Include/internal/mimalloc -IObjects -IInclude -IPython -I. -I../../Include    -fPIC -c ../../Modules/_statisticsmodule.c -o Modules/_statisticsmodule.o
clang -I/usr/include/x86_64-linux-gnu  -DTEST_COVERAGE -fsanitize=undefined -fsanitize=address -fno-omit-frame-pointer  -fno-strict-overflow -Wsign-compare -fno-omit-frame-pointer -mno-omit-leaf-frame-pointer -g -Og -Wall    -std=c11 -Wextra -Wno-unused-parameter -Wno-missing-field-initializers -Wstrict-prototypes -Werror=implicit-function-declaration -fvisibility=hidden -D_Py_TIER2=1 -D_Py_JIT  -I../../Include/internal -I../../Include/internal/mimalloc -IObjects -IInclude -IPython -I. -I../../Include    -fPIC -c ../../Modules/_decimal/_decimal.c -o Modules/_decimal/_decimal.o
clang -DUSE_ZLIB_CRC32  -fsanitize=undefined -fsanitize=address -fno-omit-frame-pointer  -fno-strict-overflow -Wsign-compare -fno-omit-frame-pointer -mno-omit-leaf-frame-pointer -g -Og -Wall    -std=c11 -Wextra -Wno-unused-parameter -Wno-missing-field-initializers -Wstrict-prototypes -Werror=implicit-function-declaration -fvisibility=hidden -D_Py_TIER2=1 -D_Py_JIT  -I../../Include/internal -I../../Include/internal/mimalloc -IObjects -IInclude -IPython -I. -I../../Include    -fPIC -c ../../Modules/binascii.c -o Modules/binascii.o
clang  -fsanitize=undefined -fsanitize=address -fno-omit-frame-pointer  -fno-strict-overflow -Wsign-compare -fno-omit-frame-pointer -mno-omit-leaf-frame-pointer -g -Og -Wall    -std=c11 -Wextra -Wno-unused-parameter -Wno-missing-field-initializers -Wstrict-prototypes -Werror=implicit-function-declaration -fvisibility=hidden -D_Py_TIER2=1 -D_Py_JIT  -I../../Include/internal -I../../Include/internal/mimalloc -IObjects -IInclude -IPython -I. -I../../Include    -fPIC -c ../../Modules/_bz2module.c -o Modules/_bz2module.o
clang  -fsanitize=undefined -fsanitize=address -fno-omit-frame-pointer  -fno-strict-overflow -Wsign-compare -fno-omit-frame-pointer -mno-omit-leaf-frame-pointer -g -Og -Wall    -std=c11 -Wextra -Wno-unused-parameter -Wno-missing-field-initializers -Wstrict-prototypes -Werror=implicit-function-declaration -fvisibility=hidden -D_Py_TIER2=1 -D_Py_JIT  -I../../Include/internal -I../../Include/internal/mimalloc -IObjects -IInclude -IPython -I. -I../../Include    -fPIC -c ../../Modules/_lzmamodule.c -o Modules/_lzmamodule.o
clang  -fsanitize=undefined -fsanitize=address -fno-omit-frame-pointer  -fno-strict-overflow -Wsign-compare -fno-omit-frame-pointer -mno-omit-leaf-frame-pointer -g -Og -Wall    -std=c11 -Wextra -Wno-unused-parameter -Wno-missing-field-initializers -Wstrict-prototypes -Werror=implicit-function-declaration -fvisibility=hidden -D_Py_TIER2=1 -D_Py_JIT  -I../../Include/internal -I../../Include/internal/mimalloc -IObjects -IInclude -IPython -I. -I../../Include    -fPIC -c ../../Modules/_zstd/_zstdmodule.c -o Modules/_zstd/_zstdmodule.o
clang  -fsanitize=undefined -fsanitize=address -fno-omit-frame-pointer  -fno-strict-overflow -Wsign-compare -fno-omit-frame-pointer -mno-omit-leaf-frame-pointer -g -Og -Wall    -std=c11 -Wextra -Wno-unused-parameter -Wno-missing-field-initializers -Wstrict-prototypes -Werror=implicit-function-declaration -fvisibility=hidden -D_Py_TIER2=1 -D_Py_JIT  -I../../Include/internal -I../../Include/internal/mimalloc -IObjects -IInclude -IPython -I. -I../../Include    -fPIC -c ../../Modules/_zstd/zstddict.c -o Modules/_zstd/zstddict.o
clang  -fsanitize=undefined -fsanitize=address -fno-omit-frame-pointer  -fno-strict-overflow -Wsign-compare -fno-omit-frame-pointer -mno-omit-leaf-frame-pointer -g -Og -Wall    -std=c11 -Wextra -Wno-unused-parameter -Wno-missing-field-initializers -Wstrict-prototypes -Werror=implicit-function-declaration -fvisibility=hidden -D_Py_TIER2=1 -D_Py_JIT  -I../../Include/internal -I../../Include/internal/mimalloc -IObjects -IInclude -IPython -I. -I../../Include    -fPIC -c ../../Modules/_zstd/compressor.c -o Modules/_zstd/compressor.o
clang  -fsanitize=undefined -fsanitize=address -fno-omit-frame-pointer  -fno-strict-overflow -Wsign-compare -fno-omit-frame-pointer -mno-omit-leaf-frame-pointer -g -Og -Wall    -std=c11 -Wextra -Wno-unused-parameter -Wno-missing-field-initializers -Wstrict-prototypes -Werror=implicit-function-declaration -fvisibility=hidden -D_Py_TIER2=1 -D_Py_JIT  -I../../Include/internal -I../../Include/internal/mimalloc -IObjects -IInclude -IPython -I. -I../../Include    -fPIC -c ../../Modules/_zstd/decompressor.c -o Modules/_zstd/decompressor.o
clang  -fsanitize=undefined -fsanitize=address -fno-omit-frame-pointer  -fno-strict-overflow -Wsign-compare -fno-omit-frame-pointer -mno-omit-leaf-frame-pointer -g -Og -Wall    -std=c11 -Wextra -Wno-unused-parameter -Wno-missing-field-initializers -Wstrict-prototypes -Werror=implicit-function-declaration -fvisibility=hidden -D_Py_TIER2=1 -D_Py_JIT  -I../../Include/internal -I../../Include/internal/mimalloc -IObjects -IInclude -IPython -I. -I../../Include    -fPIC -c ../../Modules/zlibmodule.c -o Modules/zlibmodule.o
clang -DUSE_GDBM_COMPAT -fsanitize=undefined -fsanitize=address -fno-omit-frame-pointer  -fno-strict-overflow -Wsign-compare -fno-omit-frame-pointer -mno-omit-leaf-frame-pointer -g -Og -Wall    -std=c11 -Wextra -Wno-unused-parameter -Wno-missing-field-initializers -Wstrict-prototypes -Werror=implicit-function-declaration -fvisibility=hidden -D_Py_TIER2=1 -D_Py_JIT  -I../../Include/internal -I../../Include/internal/mimalloc -IObjects -IInclude -IPython -I. -I../../Include    -fPIC -c ../../Modules/_dbmmodule.c -o Modules/_dbmmodule.o
clang  -fsanitize=undefined -fsanitize=address -fno-omit-frame-pointer  -fno-strict-overflow -Wsign-compare -fno-omit-frame-pointer -mno-omit-leaf-frame-pointer -g -Og -Wall    -std=c11 -Wextra -Wno-unused-parameter -Wno-missing-field-initializers -Wstrict-prototypes -Werror=implicit-function-declaration -fvisibility=hidden -D_Py_TIER2=1 -D_Py_JIT  -I../../Include/internal -I../../Include/internal/mimalloc -IObjects -IInclude -IPython -I. -I../../Include    -fPIC -c ../../Modules/_gdbmmodule.c -o Modules/_gdbmmodule.o
clang -D_DEFAULT_SOURCE  -fsanitize=undefined -fsanitize=address -fno-omit-frame-pointer  -fno-strict-overflow -Wsign-compare -fno-omit-frame-pointer -mno-omit-leaf-frame-pointer -g -Og -Wall    -std=c11 -Wextra -Wno-unused-parameter -Wno-missing-field-initializers -Wstrict-prototypes -Werror=implicit-function-declaration -fvisibility=hidden -D_Py_TIER2=1 -D_Py_JIT  -I../../Include/internal -I../../Include/internal/mimalloc -IObjects -IInclude -IPython -I. -I../../Include    -fPIC -c ../../Modules/readline.c -o Modules/readline.o
clang -c -I../../Modules/_hacl -I../../Modules/_hacl/include -D_BSD_SOURCE -D_DEFAULT_SOURCE -fsanitize=undefined -fsanitize=address -fno-omit-frame-pointer  -fno-strict-overflow -Wsign-compare -fno-omit-frame-pointer -mno-omit-leaf-frame-pointer -g -Og -Wall    -std=c11 -Wextra -Wno-unused-parameter -Wno-missing-field-initializers -Wstrict-prototypes -Werror=implicit-function-declaration -fvisibility=hidden -D_Py_TIER2=1 -D_Py_JIT  -I../../Include/internal -I../../Include/internal/mimalloc -IObjects -IInclude -IPython -I. -I../../Include    -fPIC -o Modules/_hacl/Hacl_Hash_MD5.o ../../Modules/_hacl/Hacl_Hash_MD5.c
clang -c -I../../Modules/_hacl -I../../Modules/_hacl/include -D_BSD_SOURCE -D_DEFAULT_SOURCE -fsanitize=undefined -fsanitize=address -fno-omit-frame-pointer  -fno-strict-overflow -Wsign-compare -fno-omit-frame-pointer -mno-omit-leaf-frame-pointer -g -Og -Wall    -std=c11 -Wextra -Wno-unused-parameter -Wno-missing-field-initializers -Wstrict-prototypes -Werror=implicit-function-declaration -fvisibility=hidden -D_Py_TIER2=1 -D_Py_JIT  -I../../Include/internal -I../../Include/internal/mimalloc -IObjects -IInclude -IPython -I. -I../../Include    -fPIC -o Modules/_hacl/Hacl_Hash_SHA1.o ../../Modules/_hacl/Hacl_Hash_SHA1.c
clang -c -I../../Modules/_hacl -I../../Modules/_hacl/include -D_BSD_SOURCE -D_DEFAULT_SOURCE -fsanitize=undefined -fsanitize=address -fno-omit-frame-pointer  -fno-strict-overflow -Wsign-compare -fno-omit-frame-pointer -mno-omit-leaf-frame-pointer -g -Og -Wall    -std=c11 -Wextra -Wno-unused-parameter -Wno-missing-field-initializers -Wstrict-prototypes -Werror=implicit-function-declaration -fvisibility=hidden -D_Py_TIER2=1 -D_Py_JIT  -I../../Include/internal -I../../Include/internal/mimalloc -IObjects -IInclude -IPython -I. -I../../Include    -fPIC -o Modules/_hacl/Hacl_Hash_SHA2.o ../../Modules/_hacl/Hacl_Hash_SHA2.c
clang -c -I../../Modules/_hacl -I../../Modules/_hacl/include -D_BSD_SOURCE -D_DEFAULT_SOURCE -fsanitize=undefined -fsanitize=address -fno-omit-frame-pointer  -fno-strict-overflow -Wsign-compare -fno-omit-frame-pointer -mno-omit-leaf-frame-pointer -g -Og -Wall    -std=c11 -Wextra -Wno-unused-parameter -Wno-missing-field-initializers -Wstrict-prototypes -Werror=implicit-function-declaration -fvisibility=hidden -D_Py_TIER2=1 -D_Py_JIT  -I../../Include/internal -I../../Include/internal/mimalloc -IObjects -IInclude -IPython -I. -I../../Include    -fPIC -o Modules/_hacl/Hacl_Hash_SHA3.o ../../Modules/_hacl/Hacl_Hash_SHA3.c
clang -c -I../../Modules/_hacl -I../../Modules/_hacl/include -D_BSD_SOURCE -D_DEFAULT_SOURCE -fsanitize=undefined -fsanitize=address -fno-omit-frame-pointer  -fno-strict-overflow -Wsign-compare -fno-omit-frame-pointer -mno-omit-leaf-frame-pointer -g -Og -Wall    -std=c11 -Wextra -Wno-unused-parameter -Wno-missing-field-initializers -Wstrict-prototypes -Werror=implicit-function-declaration -fvisibility=hidden -D_Py_TIER2=1 -D_Py_JIT  -I../../Include/internal -I../../Include/internal/mimalloc -IObjects -IInclude -IPython -I. -I../../Include    -fPIC -o Modules/_hacl/Hacl_Hash_Blake2s.o ../../Modules/_hacl/Hacl_Hash_Blake2s.c
clang -c -I../../Modules/_hacl -I../../Modules/_hacl/include -D_BSD_SOURCE -D_DEFAULT_SOURCE -fsanitize=undefined -fsanitize=address -fno-omit-frame-pointer  -fno-strict-overflow -Wsign-compare -fno-omit-frame-pointer -mno-omit-leaf-frame-pointer -g -Og -Wall    -std=c11 -Wextra -Wno-unused-parameter -Wno-missing-field-initializers -Wstrict-prototypes -Werror=implicit-function-declaration -fvisibility=hidden -D_Py_TIER2=1 -D_Py_JIT  -I../../Include/internal -I../../Include/internal/mimalloc -IObjects -IInclude -IPython -I. -I../../Include    -fPIC -o Modules/_hacl/Hacl_Hash_Blake2b.o ../../Modules/_hacl/Hacl_Hash_Blake2b.c
clang -c -I../../Modules/_hacl -I../../Modules/_hacl/include -D_BSD_SOURCE -D_DEFAULT_SOURCE -fsanitize=undefined -fsanitize=address -fno-omit-frame-pointer  -fno-strict-overflow -Wsign-compare -fno-omit-frame-pointer -mno-omit-leaf-frame-pointer -g -Og -Wall    -std=c11 -Wextra -Wno-unused-parameter -Wno-missing-field-initializers -Wstrict-prototypes -Werror=implicit-function-declaration -fvisibility=hidden -D_Py_TIER2=1 -D_Py_JIT  -I../../Include/internal -I../../Include/internal/mimalloc -IObjects -IInclude -IPython -I. -I../../Include    -fPIC -o Modules/_hacl/Lib_Memzero0.o ../../Modules/_hacl/Lib_Memzero0.c
clang -c -I../../Modules/_hacl -I../../Modules/_hacl/include -D_BSD_SOURCE -D_DEFAULT_SOURCE -fsanitize=undefined -fsanitize=address -fno-omit-frame-pointer  -fno-strict-overflow -Wsign-compare -fno-omit-frame-pointer -mno-omit-leaf-frame-pointer -g -Og -Wall    -std=c11 -Wextra -Wno-unused-parameter -Wno-missing-field-initializers -Wstrict-prototypes -Werror=implicit-function-declaration -fvisibility=hidden -D_Py_TIER2=1 -D_Py_JIT  -I../../Include/internal -I../../Include/internal/mimalloc -IObjects -IInclude -IPython -I. -I../../Include    -fPIC -msse -msse2 -msse3 -msse4.1 -msse4.2 -DHACL_CAN_COMPILE_VEC128 -o Modules/_hacl/Hacl_Hash_Blake2s_Simd128.o ../../Modules/_hacl/Hacl_Hash_Blake2s_Simd128.c
clang -c -I../../Modules/_hacl -I../../Modules/_hacl/include -D_BSD_SOURCE -D_DEFAULT_SOURCE -fsanitize=undefined -fsanitize=address -fno-omit-frame-pointer  -fno-strict-overflow -Wsign-compare -fno-omit-frame-pointer -mno-omit-leaf-frame-pointer -g -Og -Wall    -std=c11 -Wextra -Wno-unused-parameter -Wno-missing-field-initializers -Wstrict-prototypes -Werror=implicit-function-declaration -fvisibility=hidden -D_Py_TIER2=1 -D_Py_JIT  -I../../Include/internal -I../../Include/internal/mimalloc -IObjects -IInclude -IPython -I. -I../../Include    -fPIC -mavx2 -DHACL_CAN_COMPILE_VEC256 -o Modules/_hacl/Hacl_Hash_Blake2b_Simd256.o ../../Modules/_hacl/Hacl_Hash_Blake2b_Simd256.c
clang -c -I../../Modules/_hacl -I../../Modules/_hacl/include -D_BSD_SOURCE -D_DEFAULT_SOURCE -fsanitize=undefined -fsanitize=address -fno-omit-frame-pointer  -fno-strict-overflow -Wsign-compare -fno-omit-frame-pointer -mno-omit-leaf-frame-pointer -g -Og -Wall    -std=c11 -Wextra -Wno-unused-parameter -Wno-missing-field-initializers -Wstrict-prototypes -Werror=implicit-function-declaration -fvisibility=hidden -D_Py_TIER2=1 -D_Py_JIT  -I../../Include/internal -I../../Include/internal/mimalloc -IObjects -IInclude -IPython -I. -I../../Include    -fPIC -o Modules/_hacl/Hacl_HMAC.o ../../Modules/_hacl/Hacl_HMAC.c
clang -Wno-unused-variable -c -I../../Modules/_hacl -I../../Modules/_hacl/include -D_BSD_SOURCE -D_DEFAULT_SOURCE -fsanitize=undefined -fsanitize=address -fno-omit-frame-pointer  -fno-strict-overflow -Wsign-compare -fno-omit-frame-pointer -mno-omit-leaf-frame-pointer -g -Og -Wall    -std=c11 -Wextra -Wno-unused-parameter -Wno-missing-field-initializers -Wstrict-prototypes -Werror=implicit-function-declaration -fvisibility=hidden -D_Py_TIER2=1 -D_Py_JIT  -I../../Include/internal -I../../Include/internal/mimalloc -IObjects -IInclude -IPython -I. -I../../Include    -fPIC -o Modules/_hacl/Hacl_Streaming_HMAC.o ../../Modules/_hacl/Hacl_Streaming_HMAC.c
clang -c -I../../Modules/expat -fsanitize=undefined -fsanitize=address -fno-omit-frame-pointer  -fno-strict-overflow -Wsign-compare -fno-omit-frame-pointer -mno-omit-leaf-frame-pointer -g -Og -Wall    -std=c11 -Wextra -Wno-unused-parameter -Wno-missing-field-initializers -Wstrict-prototypes -Werror=implicit-function-declaration -fvisibility=hidden -D_Py_TIER2=1 -D_Py_JIT  -I../../Include/internal -I../../Include/internal/mimalloc -IObjects -IInclude -IPython -I. -I../../Include    -fPIC -o Modules/expat/xmlparse.o ../../Modules/expat/xmlparse.c
clang -c -I../../Modules/expat -fsanitize=undefined -fsanitize=address -fno-omit-frame-pointer  -fno-strict-overflow -Wsign-compare -fno-omit-frame-pointer -mno-omit-leaf-frame-pointer -g -Og -Wall    -std=c11 -Wextra -Wno-unused-parameter -Wno-missing-field-initializers -Wstrict-prototypes -Werror=implicit-function-declaration -fvisibility=hidden -D_Py_TIER2=1 -D_Py_JIT  -I../../Include/internal -I../../Include/internal/mimalloc -IObjects -IInclude -IPython -I. -I../../Include    -fPIC -o Modules/expat/xmlrole.o ../../Modules/expat/xmlrole.c
clang -c -I../../Modules/expat -fsanitize=undefined -fsanitize=address -fno-omit-frame-pointer  -fno-strict-overflow -Wsign-compare -fno-omit-frame-pointer -mno-omit-leaf-frame-pointer -g -Og -Wall    -std=c11 -Wextra -Wno-unused-parameter -Wno-missing-field-initializers -Wstrict-prototypes -Werror=implicit-function-declaration -fvisibility=hidden -D_Py_TIER2=1 -D_Py_JIT  -I../../Include/internal -I../../Include/internal/mimalloc -IObjects -IInclude -IPython -I. -I../../Include    -fPIC -o Modules/expat/xmltok.o ../../Modules/expat/xmltok.c
clang  -fsanitize=undefined -fsanitize=address -fno-omit-frame-pointer  -fno-strict-overflow -Wsign-compare -fno-omit-frame-pointer -mno-omit-leaf-frame-pointer -g -Og -Wall    -std=c11 -Wextra -Wno-unused-parameter -Wno-missing-field-initializers -Wstrict-prototypes -Werror=implicit-function-declaration -fvisibility=hidden -D_Py_TIER2=1 -D_Py_JIT  -I../../Include/internal -I../../Include/internal/mimalloc -IObjects -IInclude -IPython -I. -I../../Include    -fPIC -c ../../Modules/cjkcodecs/_codecs_cn.c -o Modules/cjkcodecs/_codecs_cn.o
clang  -fsanitize=undefined -fsanitize=address -fno-omit-frame-pointer  -fno-strict-overflow -Wsign-compare -fno-omit-frame-pointer -mno-omit-leaf-frame-pointer -g -Og -Wall    -std=c11 -Wextra -Wno-unused-parameter -Wno-missing-field-initializers -Wstrict-prototypes -Werror=implicit-function-declaration -fvisibility=hidden -D_Py_TIER2=1 -D_Py_JIT  -I../../Include/internal -I../../Include/internal/mimalloc -IObjects -IInclude -IPython -I. -I../../Include    -fPIC -c ../../Modules/cjkcodecs/_codecs_hk.c -o Modules/cjkcodecs/_codecs_hk.o
clang  -fsanitize=undefined -fsanitize=address -fno-omit-frame-pointer  -fno-strict-overflow -Wsign-compare -fno-omit-frame-pointer -mno-omit-leaf-frame-pointer -g -Og -Wall    -std=c11 -Wextra -Wno-unused-parameter -Wno-missing-field-initializers -Wstrict-prototypes -Werror=implicit-function-declaration -fvisibility=hidden -D_Py_TIER2=1 -D_Py_JIT  -I../../Include/internal -I../../Include/internal/mimalloc -IObjects -IInclude -IPython -I. -I../../Include    -fPIC -c ../../Modules/cjkcodecs/_codecs_iso2022.c -o Modules/cjkcodecs/_codecs_iso2022.o
clang  -fsanitize=undefined -fsanitize=address -fno-omit-frame-pointer  -fno-strict-overflow -Wsign-compare -fno-omit-frame-pointer -mno-omit-leaf-frame-pointer -g -Og -Wall    -std=c11 -Wextra -Wno-unused-parameter -Wno-missing-field-initializers -Wstrict-prototypes -Werror=implicit-function-declaration -fvisibility=hidden -D_Py_TIER2=1 -D_Py_JIT  -I../../Include/internal -I../../Include/internal/mimalloc -IObjects -IInclude -IPython -I. -I../../Include    -fPIC -c ../../Modules/cjkcodecs/_codecs_jp.c -o Modules/cjkcodecs/_codecs_jp.o
clang  -fsanitize=undefined -fsanitize=address -fno-omit-frame-pointer  -fno-strict-overflow -Wsign-compare -fno-omit-frame-pointer -mno-omit-leaf-frame-pointer -g -Og -Wall    -std=c11 -Wextra -Wno-unused-parameter -Wno-missing-field-initializers -Wstrict-prototypes -Werror=implicit-function-declaration -fvisibility=hidden -D_Py_TIER2=1 -D_Py_JIT  -I../../Include/internal -I../../Include/internal/mimalloc -IObjects -IInclude -IPython -I. -I../../Include    -fPIC -c ../../Modules/cjkcodecs/_codecs_kr.c -o Modules/cjkcodecs/_codecs_kr.o
clang  -fsanitize=undefined -fsanitize=address -fno-omit-frame-pointer  -fno-strict-overflow -Wsign-compare -fno-omit-frame-pointer -mno-omit-leaf-frame-pointer -g -Og -Wall    -std=c11 -Wextra -Wno-unused-parameter -Wno-missing-field-initializers -Wstrict-prototypes -Werror=implicit-function-declaration -fvisibility=hidden -D_Py_TIER2=1 -D_Py_JIT  -I../../Include/internal -I../../Include/internal/mimalloc -IObjects -IInclude -IPython -I. -I../../Include    -fPIC -c ../../Modules/cjkcodecs/_codecs_tw.c -o Modules/cjkcodecs/_codecs_tw.o
clang  -fsanitize=undefined -fsanitize=address -fno-omit-frame-pointer  -fno-strict-overflow -Wsign-compare -fno-omit-frame-pointer -mno-omit-leaf-frame-pointer -g -Og -Wall    -std=c11 -Wextra -Wno-unused-parameter -Wno-missing-field-initializers -Wstrict-prototypes -Werror=implicit-function-declaration -fvisibility=hidden -D_Py_TIER2=1 -D_Py_JIT  -I../../Include/internal -I../../Include/internal/mimalloc -IObjects -IInclude -IPython -I. -I../../Include    -fPIC -c ../../Modules/cjkcodecs/multibytecodec.c -o Modules/cjkcodecs/multibytecodec.o
clang  -fsanitize=undefined -fsanitize=address -fno-omit-frame-pointer  -fno-strict-overflow -Wsign-compare -fno-omit-frame-pointer -mno-omit-leaf-frame-pointer -g -Og -Wall    -std=c11 -Wextra -Wno-unused-parameter -Wno-missing-field-initializers -Wstrict-prototypes -Werror=implicit-function-declaration -fvisibility=hidden -D_Py_TIER2=1 -D_Py_JIT  -I../../Include/internal -I../../Include/internal/mimalloc -IObjects -IInclude -IPython -I. -I../../Include    -fPIC -c ../../Modules/unicodedata.c -o Modules/unicodedata.o
clang  -fsanitize=undefined -fsanitize=address -fno-omit-frame-pointer  -fno-strict-overflow -Wsign-compare -fno-omit-frame-pointer -mno-omit-leaf-frame-pointer -g -Og -Wall    -std=c11 -Wextra -Wno-unused-parameter -Wno-missing-field-initializers -Wstrict-prototypes -Werror=implicit-function-declaration -fvisibility=hidden -D_Py_TIER2=1 -D_Py_JIT  -I../../Include/internal -I../../Include/internal/mimalloc -IObjects -IInclude -IPython -I. -I../../Include    -fPIC -c ../../Modules/fcntlmodule.c -o Modules/fcntlmodule.o
clang  -fsanitize=undefined -fsanitize=address -fno-omit-frame-pointer  -fno-strict-overflow -Wsign-compare -fno-omit-frame-pointer -mno-omit-leaf-frame-pointer -g -Og -Wall    -std=c11 -Wextra -Wno-unused-parameter -Wno-missing-field-initializers -Wstrict-prototypes -Werror=implicit-function-declaration -fvisibility=hidden -D_Py_TIER2=1 -D_Py_JIT  -I../../Include/internal -I../../Include/internal/mimalloc -IObjects -IInclude -IPython -I. -I../../Include    -fPIC -c ../../Modules/grpmodule.c -o Modules/grpmodule.o
clang  -fsanitize=undefined -fsanitize=address -fno-omit-frame-pointer  -fno-strict-overflow -Wsign-compare -fno-omit-frame-pointer -mno-omit-leaf-frame-pointer -g -Og -Wall    -std=c11 -Wextra -Wno-unused-parameter -Wno-missing-field-initializers -Wstrict-prototypes -Werror=implicit-function-declaration -fvisibility=hidden -D_Py_TIER2=1 -D_Py_JIT  -I../../Include/internal -I../../Include/internal/mimalloc -IObjects -IInclude -IPython -I. -I../../Include    -fPIC -c ../../Modules/mmapmodule.c -o Modules/mmapmodule.o
clang  -fsanitize=undefined -fsanitize=address -fno-omit-frame-pointer  -fno-strict-overflow -Wsign-compare -fno-omit-frame-pointer -mno-omit-leaf-frame-pointer -g -Og -Wall    -std=c11 -Wextra -Wno-unused-parameter -Wno-missing-field-initializers -Wstrict-prototypes -Werror=implicit-function-declaration -fvisibility=hidden -D_Py_TIER2=1 -D_Py_JIT  -I../../Include/internal -I../../Include/internal/mimalloc -IObjects -IInclude -IPython -I. -I../../Include    -fPIC -c ../../Modules/_posixsubprocess.c -o Modules/_posixsubprocess.o
clang  -fsanitize=undefined -fsanitize=address -fno-omit-frame-pointer  -fno-strict-overflow -Wsign-compare -fno-omit-frame-pointer -mno-omit-leaf-frame-pointer -g -Og -Wall    -std=c11 -Wextra -Wno-unused-parameter -Wno-missing-field-initializers -Wstrict-prototypes -Werror=implicit-function-declaration -fvisibility=hidden -D_Py_TIER2=1 -D_Py_JIT  -I../../Include/internal -I../../Include/internal/mimalloc -IObjects -IInclude -IPython -I. -I../../Include    -fPIC -c ../../Modules/resource.c -o Modules/resource.o
clang  -fsanitize=undefined -fsanitize=address -fno-omit-frame-pointer  -fno-strict-overflow -Wsign-compare -fno-omit-frame-pointer -mno-omit-leaf-frame-pointer -g -Og -Wall    -std=c11 -Wextra -Wno-unused-parameter -Wno-missing-field-initializers -Wstrict-prototypes -Werror=implicit-function-declaration -fvisibility=hidden -D_Py_TIER2=1 -D_Py_JIT  -I../../Include/internal -I../../Include/internal/mimalloc -IObjects -IInclude -IPython -I. -I../../Include    -fPIC -c ../../Modules/selectmodule.c -o Modules/selectmodule.o
clang  -fsanitize=undefined -fsanitize=address -fno-omit-frame-pointer  -fno-strict-overflow -Wsign-compare -fno-omit-frame-pointer -mno-omit-leaf-frame-pointer -g -Og -Wall    -std=c11 -Wextra -Wno-unused-parameter -Wno-missing-field-initializers -Wstrict-prototypes -Werror=implicit-function-declaration -fvisibility=hidden -D_Py_TIER2=1 -D_Py_JIT  -I../../Include/internal -I../../Include/internal/mimalloc -IObjects -IInclude -IPython -I. -I../../Include    -fPIC -c ../../Modules/socketmodule.c -o Modules/socketmodule.o
clang  -fsanitize=undefined -fsanitize=address -fno-omit-frame-pointer  -fno-strict-overflow -Wsign-compare -fno-omit-frame-pointer -mno-omit-leaf-frame-pointer -g -Og -Wall    -std=c11 -Wextra -Wno-unused-parameter -Wno-missing-field-initializers -Wstrict-prototypes -Werror=implicit-function-declaration -fvisibility=hidden -D_Py_TIER2=1 -D_Py_JIT  -I../../Include/internal -I../../Include/internal/mimalloc -IObjects -IInclude -IPython -I. -I../../Include    -fPIC -c ../../Modules/syslogmodule.c -o Modules/syslogmodule.o
clang  -fsanitize=undefined -fsanitize=address -fno-omit-frame-pointer  -fno-strict-overflow -Wsign-compare -fno-omit-frame-pointer -mno-omit-leaf-frame-pointer -g -Og -Wall    -std=c11 -Wextra -Wno-unused-parameter -Wno-missing-field-initializers -Wstrict-prototypes -Werror=implicit-function-declaration -fvisibility=hidden -D_Py_TIER2=1 -D_Py_JIT  -I../../Include/internal -I../../Include/internal/mimalloc -IObjects -IInclude -IPython -I. -I../../Include    -fPIC -c ../../Modules/termios.c -o Modules/termios.o
clang -I../../Modules/_multiprocessing -fsanitize=undefined -fsanitize=address -fno-omit-frame-pointer  -fno-strict-overflow -Wsign-compare -fno-omit-frame-pointer -mno-omit-leaf-frame-pointer -g -Og -Wall    -std=c11 -Wextra -Wno-unused-parameter -Wno-missing-field-initializers -Wstrict-prototypes -Werror=implicit-function-declaration -fvisibility=hidden -D_Py_TIER2=1 -D_Py_JIT  -I../../Include/internal -I../../Include/internal/mimalloc -IObjects -IInclude -IPython -I. -I../../Include    -fPIC -c ../../Modules/_multiprocessing/posixshmem.c -o Modules/_multiprocessing/posixshmem.o
clang -I../../Modules/_multiprocessing -fsanitize=undefined -fsanitize=address -fno-omit-frame-pointer  -fno-strict-overflow -Wsign-compare -fno-omit-frame-pointer -mno-omit-leaf-frame-pointer -g -Og -Wall    -std=c11 -Wextra -Wno-unused-parameter -Wno-missing-field-initializers -Wstrict-prototypes -Werror=implicit-function-declaration -fvisibility=hidden -D_Py_TIER2=1 -D_Py_JIT  -I../../Include/internal -I../../Include/internal/mimalloc -IObjects -IInclude -IPython -I. -I../../Include    -fPIC -c ../../Modules/_multiprocessing/multiprocessing.c -o Modules/_multiprocessing/multiprocessing.o
clang -I../../Modules/_multiprocessing -fsanitize=undefined -fsanitize=address -fno-omit-frame-pointer  -fno-strict-overflow -Wsign-compare -fno-omit-frame-pointer -mno-omit-leaf-frame-pointer -g -Og -Wall    -std=c11 -Wextra -Wno-unused-parameter -Wno-missing-field-initializers -Wstrict-prototypes -Werror=implicit-function-declaration -fvisibility=hidden -D_Py_TIER2=1 -D_Py_JIT  -I../../Include/internal -I../../Include/internal/mimalloc -IObjects -IInclude -IPython -I. -I../../Include    -fPIC -c ../../Modules/_multiprocessing/semaphore.c -o Modules/_multiprocessing/semaphore.o
clang -fno-strict-overflow  -fsanitize=undefined -fsanitize=address -fno-omit-frame-pointer  -fno-strict-overflow -Wsign-compare -fno-omit-frame-pointer -mno-omit-leaf-frame-pointer -g -Og -Wall    -std=c11 -Wextra -Wno-unused-parameter -Wno-missing-field-initializers -Wstrict-prototypes -Werror=implicit-function-declaration -fvisibility=hidden -D_Py_TIER2=1 -D_Py_JIT  -I../../Include/internal -I../../Include/internal/mimalloc -IObjects -IInclude -IPython -I. -I../../Include    -fPIC -c ../../Modules/_ctypes/_ctypes.c -o Modules/_ctypes/_ctypes.o
clang -fno-strict-overflow  -fsanitize=undefined -fsanitize=address -fno-omit-frame-pointer  -fno-strict-overflow -Wsign-compare -fno-omit-frame-pointer -mno-omit-leaf-frame-pointer -g -Og -Wall    -std=c11 -Wextra -Wno-unused-parameter -Wno-missing-field-initializers -Wstrict-prototypes -Werror=implicit-function-declaration -fvisibility=hidden -D_Py_TIER2=1 -D_Py_JIT  -I../../Include/internal -I../../Include/internal/mimalloc -IObjects -IInclude -IPython -I. -I../../Include    -fPIC -c ../../Modules/_ctypes/callbacks.c -o Modules/_ctypes/callbacks.o
clang -fno-strict-overflow  -fsanitize=undefined -fsanitize=address -fno-omit-frame-pointer  -fno-strict-overflow -Wsign-compare -fno-omit-frame-pointer -mno-omit-leaf-frame-pointer -g -Og -Wall    -std=c11 -Wextra -Wno-unused-parameter -Wno-missing-field-initializers -Wstrict-prototypes -Werror=implicit-function-declaration -fvisibility=hidden -D_Py_TIER2=1 -D_Py_JIT  -I../../Include/internal -I../../Include/internal/mimalloc -IObjects -IInclude -IPython -I. -I../../Include    -fPIC -c ../../Modules/_ctypes/callproc.c -o Modules/_ctypes/callproc.o
clang -fno-strict-overflow  -fsanitize=undefined -fsanitize=address -fno-omit-frame-pointer  -fno-strict-overflow -Wsign-compare -fno-omit-frame-pointer -mno-omit-leaf-frame-pointer -g -Og -Wall    -std=c11 -Wextra -Wno-unused-parameter -Wno-missing-field-initializers -Wstrict-prototypes -Werror=implicit-function-declaration -fvisibility=hidden -D_Py_TIER2=1 -D_Py_JIT  -I../../Include/internal -I../../Include/internal/mimalloc -IObjects -IInclude -IPython -I. -I../../Include    -fPIC -c ../../Modules/_ctypes/stgdict.c -o Modules/_ctypes/stgdict.o
clang -fno-strict-overflow  -fsanitize=undefined -fsanitize=address -fno-omit-frame-pointer  -fno-strict-overflow -Wsign-compare -fno-omit-frame-pointer -mno-omit-leaf-frame-pointer -g -Og -Wall    -std=c11 -Wextra -Wno-unused-parameter -Wno-missing-field-initializers -Wstrict-prototypes -Werror=implicit-function-declaration -fvisibility=hidden -D_Py_TIER2=1 -D_Py_JIT  -I../../Include/internal -I../../Include/internal/mimalloc -IObjects -IInclude -IPython -I. -I../../Include    -fPIC -c ../../Modules/_ctypes/cfield.c -o Modules/_ctypes/cfield.o
clang -D_DEFAULT_SOURCE  -fsanitize=undefined -fsanitize=address -fno-omit-frame-pointer  -fno-strict-overflow -Wsign-compare -fno-omit-frame-pointer -mno-omit-leaf-frame-pointer -g -Og -Wall    -std=c11 -Wextra -Wno-unused-parameter -Wno-missing-field-initializers -Wstrict-prototypes -Werror=implicit-function-declaration -fvisibility=hidden -D_Py_TIER2=1 -D_Py_JIT  -I../../Include/internal -I../../Include/internal/mimalloc -IObjects -IInclude -IPython -I. -I../../Include    -fPIC -c ../../Modules/_cursesmodule.c -o Modules/_cursesmodule.o
clang -D_DEFAULT_SOURCE  -D_DEFAULT_SOURCE  -fsanitize=undefined -fsanitize=address -fno-omit-frame-pointer  -fno-strict-overflow -Wsign-compare -fno-omit-frame-pointer -mno-omit-leaf-frame-pointer -g -Og -Wall    -std=c11 -Wextra -Wno-unused-parameter -Wno-missing-field-initializers -Wstrict-prototypes -Werror=implicit-function-declaration -fvisibility=hidden -D_Py_TIER2=1 -D_Py_JIT  -I../../Include/internal -I../../Include/internal/mimalloc -IObjects -IInclude -IPython -I. -I../../Include    -fPIC -c ../../Modules/_curses_panel.c -o Modules/_curses_panel.o
clang -I../../Modules/_sqlite -fsanitize=undefined -fsanitize=address -fno-omit-frame-pointer  -fno-strict-overflow -Wsign-compare -fno-omit-frame-pointer -mno-omit-leaf-frame-pointer -g -Og -Wall    -std=c11 -Wextra -Wno-unused-parameter -Wno-missing-field-initializers -Wstrict-prototypes -Werror=implicit-function-declaration -fvisibility=hidden -D_Py_TIER2=1 -D_Py_JIT  -I../../Include/internal -I../../Include/internal/mimalloc -IObjects -IInclude -IPython -I. -I../../Include    -fPIC -c ../../Modules/_sqlite/blob.c -o Modules/_sqlite/blob.o
clang -I../../Modules/_sqlite -fsanitize=undefined -fsanitize=address -fno-omit-frame-pointer  -fno-strict-overflow -Wsign-compare -fno-omit-frame-pointer -mno-omit-leaf-frame-pointer -g -Og -Wall    -std=c11 -Wextra -Wno-unused-parameter -Wno-missing-field-initializers -Wstrict-prototypes -Werror=implicit-function-declaration -fvisibility=hidden -D_Py_TIER2=1 -D_Py_JIT  -I../../Include/internal -I../../Include/internal/mimalloc -IObjects -IInclude -IPython -I. -I../../Include    -fPIC -c ../../Modules/_sqlite/connection.c -o Modules/_sqlite/connection.o
clang -I../../Modules/_sqlite -fsanitize=undefined -fsanitize=address -fno-omit-frame-pointer  -fno-strict-overflow -Wsign-compare -fno-omit-frame-pointer -mno-omit-leaf-frame-pointer -g -Og -Wall    -std=c11 -Wextra -Wno-unused-parameter -Wno-missing-field-initializers -Wstrict-prototypes -Werror=implicit-function-declaration -fvisibility=hidden -D_Py_TIER2=1 -D_Py_JIT  -I../../Include/internal -I../../Include/internal/mimalloc -IObjects -IInclude -IPython -I. -I../../Include    -fPIC -c ../../Modules/_sqlite/cursor.c -o Modules/_sqlite/cursor.o
clang -I../../Modules/_sqlite -fsanitize=undefined -fsanitize=address -fno-omit-frame-pointer  -fno-strict-overflow -Wsign-compare -fno-omit-frame-pointer -mno-omit-leaf-frame-pointer -g -Og -Wall    -std=c11 -Wextra -Wno-unused-parameter -Wno-missing-field-initializers -Wstrict-prototypes -Werror=implicit-function-declaration -fvisibility=hidden -D_Py_TIER2=1 -D_Py_JIT  -I../../Include/internal -I../../Include/internal/mimalloc -IObjects -IInclude -IPython -I. -I../../Include    -fPIC -c ../../Modules/_sqlite/microprotocols.c -o Modules/_sqlite/microprotocols.o
clang -I../../Modules/_sqlite -fsanitize=undefined -fsanitize=address -fno-omit-frame-pointer  -fno-strict-overflow -Wsign-compare -fno-omit-frame-pointer -mno-omit-leaf-frame-pointer -g -Og -Wall    -std=c11 -Wextra -Wno-unused-parameter -Wno-missing-field-initializers -Wstrict-prototypes -Werror=implicit-function-declaration -fvisibility=hidden -D_Py_TIER2=1 -D_Py_JIT  -I../../Include/internal -I../../Include/internal/mimalloc -IObjects -IInclude -IPython -I. -I../../Include    -fPIC -c ../../Modules/_sqlite/module.c -o Modules/_sqlite/module.o
clang -I../../Modules/_sqlite -fsanitize=undefined -fsanitize=address -fno-omit-frame-pointer  -fno-strict-overflow -Wsign-compare -fno-omit-frame-pointer -mno-omit-leaf-frame-pointer -g -Og -Wall    -std=c11 -Wextra -Wno-unused-parameter -Wno-missing-field-initializers -Wstrict-prototypes -Werror=implicit-function-declaration -fvisibility=hidden -D_Py_TIER2=1 -D_Py_JIT  -I../../Include/internal -I../../Include/internal/mimalloc -IObjects -IInclude -IPython -I. -I../../Include    -fPIC -c ../../Modules/_sqlite/prepare_protocol.c -o Modules/_sqlite/prepare_protocol.o
clang -I../../Modules/_sqlite -fsanitize=undefined -fsanitize=address -fno-omit-frame-pointer  -fno-strict-overflow -Wsign-compare -fno-omit-frame-pointer -mno-omit-leaf-frame-pointer -g -Og -Wall    -std=c11 -Wextra -Wno-unused-parameter -Wno-missing-field-initializers -Wstrict-prototypes -Werror=implicit-function-declaration -fvisibility=hidden -D_Py_TIER2=1 -D_Py_JIT  -I../../Include/internal -I../../Include/internal/mimalloc -IObjects -IInclude -IPython -I. -I../../Include    -fPIC -c ../../Modules/_sqlite/row.c -o Modules/_sqlite/row.o
clang -I../../Modules/_sqlite -fsanitize=undefined -fsanitize=address -fno-omit-frame-pointer  -fno-strict-overflow -Wsign-compare -fno-omit-frame-pointer -mno-omit-leaf-frame-pointer -g -Og -Wall    -std=c11 -Wextra -Wno-unused-parameter -Wno-missing-field-initializers -Wstrict-prototypes -Werror=implicit-function-declaration -fvisibility=hidden -D_Py_TIER2=1 -D_Py_JIT  -I../../Include/internal -I../../Include/internal/mimalloc -IObjects -IInclude -IPython -I. -I../../Include    -fPIC -c ../../Modules/_sqlite/statement.c -o Modules/_sqlite/statement.o
clang -I../../Modules/_sqlite -fsanitize=undefined -fsanitize=address -fno-omit-frame-pointer  -fno-strict-overflow -Wsign-compare -fno-omit-frame-pointer -mno-omit-leaf-frame-pointer -g -Og -Wall    -std=c11 -Wextra -Wno-unused-parameter -Wno-missing-field-initializers -Wstrict-prototypes -Werror=implicit-function-declaration -fvisibility=hidden -D_Py_TIER2=1 -D_Py_JIT  -I../../Include/internal -I../../Include/internal/mimalloc -IObjects -IInclude -IPython -I. -I../../Include    -fPIC -c ../../Modules/_sqlite/util.c -o Modules/_sqlite/util.o
clang  -fsanitize=undefined -fsanitize=address -fno-omit-frame-pointer  -fno-strict-overflow -Wsign-compare -fno-omit-frame-pointer -mno-omit-leaf-frame-pointer -g -Og -Wall    -std=c11 -Wextra -Wno-unused-parameter -Wno-missing-field-initializers -Wstrict-prototypes -Werror=implicit-function-declaration -fvisibility=hidden -D_Py_TIER2=1 -D_Py_JIT  -I../../Include/internal -I../../Include/internal/mimalloc -IObjects -IInclude -IPython -I. -I../../Include    -fPIC -c ../../Modules/_ssl.c -o Modules/_ssl.o
clang  -fsanitize=undefined -fsanitize=address -fno-omit-frame-pointer  -fno-strict-overflow -Wsign-compare -fno-omit-frame-pointer -mno-omit-leaf-frame-pointer -g -Og -Wall    -std=c11 -Wextra -Wno-unused-parameter -Wno-missing-field-initializers -Wstrict-prototypes -Werror=implicit-function-declaration -fvisibility=hidden -D_Py_TIER2=1 -D_Py_JIT  -I../../Include/internal -I../../Include/internal/mimalloc -IObjects -IInclude -IPython -I. -I../../Include    -fPIC -c ../../Modules/_hashopenssl.c -o Modules/_hashopenssl.o
clang -I/usr/include/uuid  -fsanitize=undefined -fsanitize=address -fno-omit-frame-pointer  -fno-strict-overflow -Wsign-compare -fno-omit-frame-pointer -mno-omit-leaf-frame-pointer -g -Og -Wall    -std=c11 -Wextra -Wno-unused-parameter -Wno-missing-field-initializers -Wstrict-prototypes -Werror=implicit-function-declaration -fvisibility=hidden -D_Py_TIER2=1 -D_Py_JIT  -I../../Include/internal -I../../Include/internal/mimalloc -IObjects -IInclude -IPython -I. -I../../Include    -fPIC -c ../../Modules/_uuidmodule.c -o Modules/_uuidmodule.o
clang -I/usr/include/tcl8.6  -Wno-strict-prototypes -DWITH_APPINIT=1 -fsanitize=undefined -fsanitize=address -fno-omit-frame-pointer  -fno-strict-overflow -Wsign-compare -fno-omit-frame-pointer -mno-omit-leaf-frame-pointer -g -Og -Wall    -std=c11 -Wextra -Wno-unused-parameter -Wno-missing-field-initializers -Wstrict-prototypes -Werror=implicit-function-declaration -fvisibility=hidden -D_Py_TIER2=1 -D_Py_JIT  -I../../Include/internal -I../../Include/internal/mimalloc -IObjects -IInclude -IPython -I. -I../../Include    -fPIC -c ../../Modules/_tkinter.c -o Modules/_tkinter.o
clang -I/usr/include/tcl8.6  -Wno-strict-prototypes -DWITH_APPINIT=1 -fsanitize=undefined -fsanitize=address -fno-omit-frame-pointer  -fno-strict-overflow -Wsign-compare -fno-omit-frame-pointer -mno-omit-leaf-frame-pointer -g -Og -Wall    -std=c11 -Wextra -Wno-unused-parameter -Wno-missing-field-initializers -Wstrict-prototypes -Werror=implicit-function-declaration -fvisibility=hidden -D_Py_TIER2=1 -D_Py_JIT  -I../../Include/internal -I../../Include/internal/mimalloc -IObjects -IInclude -IPython -I. -I../../Include    -fPIC -c ../../Modules/tkappinit.c -o Modules/tkappinit.o
clang  -fsanitize=undefined -fsanitize=address -fno-omit-frame-pointer  -fno-strict-overflow -Wsign-compare -fno-omit-frame-pointer -mno-omit-leaf-frame-pointer -g -Og -Wall    -std=c11 -Wextra -Wno-unused-parameter -Wno-missing-field-initializers -Wstrict-prototypes -Werror=implicit-function-declaration -fvisibility=hidden -D_Py_TIER2=1 -D_Py_JIT  -I../../Include/internal -I../../Include/internal/mimalloc -IObjects -IInclude -IPython -I. -I../../Include    -fPIC -c ../../Modules/xxsubtype.c -o Modules/xxsubtype.o
clang  -fsanitize=undefined -fsanitize=address -fno-omit-frame-pointer  -fno-strict-overflow -Wsign-compare -fno-omit-frame-pointer -mno-omit-leaf-frame-pointer -g -Og -Wall    -std=c11 -Wextra -Wno-unused-parameter -Wno-missing-field-initializers -Wstrict-prototypes -Werror=implicit-function-declaration -fvisibility=hidden -D_Py_TIER2=1 -D_Py_JIT  -I../../Include/internal -I../../Include/internal/mimalloc -IObjects -IInclude -IPython -I. -I../../Include    -fPIC -c ../../Modules/_xxtestfuzz/_xxtestfuzz.c -o Modules/_xxtestfuzz/_xxtestfuzz.o
clang  -fsanitize=undefined -fsanitize=address -fno-omit-frame-pointer  -fno-strict-overflow -Wsign-compare -fno-omit-frame-pointer -mno-omit-leaf-frame-pointer -g -Og -Wall    -std=c11 -Wextra -Wno-unused-parameter -Wno-missing-field-initializers -Wstrict-prototypes -Werror=implicit-function-declaration -fvisibility=hidden -D_Py_TIER2=1 -D_Py_JIT  -I../../Include/internal -I../../Include/internal/mimalloc -IObjects -IInclude -IPython -I. -I../../Include    -fPIC -c ../../Modules/_xxtestfuzz/fuzzer.c -o Modules/_xxtestfuzz/fuzzer.o
clang  -fsanitize=undefined -fsanitize=address -fno-omit-frame-pointer  -fno-strict-overflow -Wsign-compare -fno-omit-frame-pointer -mno-omit-leaf-frame-pointer -g -Og -Wall    -std=c11 -Wextra -Wno-unused-parameter -Wno-missing-field-initializers -Wstrict-prototypes -Werror=implicit-function-declaration -fvisibility=hidden -D_Py_TIER2=1 -D_Py_JIT  -I../../Include/internal -I../../Include/internal/mimalloc -IObjects -IInclude -IPython -I. -I../../Include    -fPIC -c ../../Modules/_testbuffer.c -o Modules/_testbuffer.o
clang  -fsanitize=undefined -fsanitize=address -fno-omit-frame-pointer  -fno-strict-overflow -Wsign-compare -fno-omit-frame-pointer -mno-omit-leaf-frame-pointer -g -Og -Wall    -std=c11 -Wextra -Wno-unused-parameter -Wno-missing-field-initializers -Wstrict-prototypes -Werror=implicit-function-declaration -fvisibility=hidden -D_Py_TIER2=1 -D_Py_JIT  -I../../Include/internal -I../../Include/internal/mimalloc -IObjects -IInclude -IPython -I. -I../../Include    -fPIC -c ../../Modules/_testinternalcapi.c -o Modules/_testinternalcapi.o
clang  -fsanitize=undefined -fsanitize=address -fno-omit-frame-pointer  -fno-strict-overflow -Wsign-compare -fno-omit-frame-pointer -mno-omit-leaf-frame-pointer -g -Og -Wall    -std=c11 -Wextra -Wno-unused-parameter -Wno-missing-field-initializers -Wstrict-prototypes -Werror=implicit-function-declaration -fvisibility=hidden -D_Py_TIER2=1 -D_Py_JIT  -I../../Include/internal -I../../Include/internal/mimalloc -IObjects -IInclude -IPython -I. -I../../Include    -fPIC -c ../../Modules/_testinternalcapi/test_lock.c -o Modules/_testinternalcapi/test_lock.o
clang  -fsanitize=undefined -fsanitize=address -fno-omit-frame-pointer  -fno-strict-overflow -Wsign-compare -fno-omit-frame-pointer -mno-omit-leaf-frame-pointer -g -Og -Wall    -std=c11 -Wextra -Wno-unused-parameter -Wno-missing-field-initializers -Wstrict-prototypes -Werror=implicit-function-declaration -fvisibility=hidden -D_Py_TIER2=1 -D_Py_JIT  -I../../Include/internal -I../../Include/internal/mimalloc -IObjects -IInclude -IPython -I. -I../../Include    -fPIC -c ../../Modules/_testinternalcapi/pytime.c -o Modules/_testinternalcapi/pytime.o
clang  -fsanitize=undefined -fsanitize=address -fno-omit-frame-pointer  -fno-strict-overflow -Wsign-compare -fno-omit-frame-pointer -mno-omit-leaf-frame-pointer -g -Og -Wall    -std=c11 -Wextra -Wno-unused-parameter -Wno-missing-field-initializers -Wstrict-prototypes -Werror=implicit-function-declaration -fvisibility=hidden -D_Py_TIER2=1 -D_Py_JIT  -I../../Include/internal -I../../Include/internal/mimalloc -IObjects -IInclude -IPython -I. -I../../Include    -fPIC -c ../../Modules/_testinternalcapi/set.c -o Modules/_testinternalcapi/set.o
clang  -fsanitize=undefined -fsanitize=address -fno-omit-frame-pointer  -fno-strict-overflow -Wsign-compare -fno-omit-frame-pointer -mno-omit-leaf-frame-pointer -g -Og -Wall    -std=c11 -Wextra -Wno-unused-parameter -Wno-missing-field-initializers -Wstrict-prototypes -Werror=implicit-function-declaration -fvisibility=hidden -D_Py_TIER2=1 -D_Py_JIT  -I../../Include/internal -I../../Include/internal/mimalloc -IObjects -IInclude -IPython -I. -I../../Include    -fPIC -c ../../Modules/_testinternalcapi/test_critical_sections.c -o Modules/_testinternalcapi/test_critical_sections.o
clang  -fsanitize=undefined -fsanitize=address -fno-omit-frame-pointer  -fno-strict-overflow -Wsign-compare -fno-omit-frame-pointer -mno-omit-leaf-frame-pointer -g -Og -Wall    -std=c11 -Wextra -Wno-unused-parameter -Wno-missing-field-initializers -Wstrict-prototypes -Werror=implicit-function-declaration -fvisibility=hidden -D_Py_TIER2=1 -D_Py_JIT  -I../../Include/internal -I../../Include/internal/mimalloc -IObjects -IInclude -IPython -I. -I../../Include    -fPIC -c ../../Modules/_testinternalcapi/complex.c -o Modules/_testinternalcapi/complex.o
clang  -fsanitize=undefined -fsanitize=address -fno-omit-frame-pointer  -fno-strict-overflow -Wsign-compare -fno-omit-frame-pointer -mno-omit-leaf-frame-pointer -g -Og -Wall    -std=c11 -Wextra -Wno-unused-parameter -Wno-missing-field-initializers -Wstrict-prototypes -Werror=implicit-function-declaration -fvisibility=hidden -D_Py_TIER2=1 -D_Py_JIT  -I../../Include/internal -I../../Include/internal/mimalloc -IObjects -IInclude -IPython -I. -I../../Include    -fPIC -c ../../Modules/_testcapimodule.c -o Modules/_testcapimodule.o
clang  -fsanitize=undefined -fsanitize=address -fno-omit-frame-pointer  -fno-strict-overflow -Wsign-compare -fno-omit-frame-pointer -mno-omit-leaf-frame-pointer -g -Og -Wall    -std=c11 -Wextra -Wno-unused-parameter -Wno-missing-field-initializers -Wstrict-prototypes -Werror=implicit-function-declaration -fvisibility=hidden -D_Py_TIER2=1 -D_Py_JIT  -I../../Include/internal -I../../Include/internal/mimalloc -IObjects -IInclude -IPython -I. -I../../Include    -fPIC -c ../../Modules/_testcapi/vectorcall.c -o Modules/_testcapi/vectorcall.o
clang  -fsanitize=undefined -fsanitize=address -fno-omit-frame-pointer  -fno-strict-overflow -Wsign-compare -fno-omit-frame-pointer -mno-omit-leaf-frame-pointer -g -Og -Wall    -std=c11 -Wextra -Wno-unused-parameter -Wno-missing-field-initializers -Wstrict-prototypes -Werror=implicit-function-declaration -fvisibility=hidden -D_Py_TIER2=1 -D_Py_JIT  -I../../Include/internal -I../../Include/internal/mimalloc -IObjects -IInclude -IPython -I. -I../../Include    -fPIC -c ../../Modules/_testcapi/heaptype.c -o Modules/_testcapi/heaptype.o
clang  -fsanitize=undefined -fsanitize=address -fno-omit-frame-pointer  -fno-strict-overflow -Wsign-compare -fno-omit-frame-pointer -mno-omit-leaf-frame-pointer -g -Og -Wall    -std=c11 -Wextra -Wno-unused-parameter -Wno-missing-field-initializers -Wstrict-prototypes -Werror=implicit-function-declaration -fvisibility=hidden -D_Py_TIER2=1 -D_Py_JIT  -I../../Include/internal -I../../Include/internal/mimalloc -IObjects -IInclude -IPython -I. -I../../Include    -fPIC -c ../../Modules/_testcapi/abstract.c -o Modules/_testcapi/abstract.o
clang  -fsanitize=undefined -fsanitize=address -fno-omit-frame-pointer  -fno-strict-overflow -Wsign-compare -fno-omit-frame-pointer -mno-omit-leaf-frame-pointer -g -Og -Wall    -std=c11 -Wextra -Wno-unused-parameter -Wno-missing-field-initializers -Wstrict-prototypes -Werror=implicit-function-declaration -fvisibility=hidden -D_Py_TIER2=1 -D_Py_JIT  -I../../Include/internal -I../../Include/internal/mimalloc -IObjects -IInclude -IPython -I. -I../../Include    -fPIC -c ../../Modules/_testcapi/unicode.c -o Modules/_testcapi/unicode.o
clang  -fsanitize=undefined -fsanitize=address -fno-omit-frame-pointer  -fno-strict-overflow -Wsign-compare -fno-omit-frame-pointer -mno-omit-leaf-frame-pointer -g -Og -Wall    -std=c11 -Wextra -Wno-unused-parameter -Wno-missing-field-initializers -Wstrict-prototypes -Werror=implicit-function-declaration -fvisibility=hidden -D_Py_TIER2=1 -D_Py_JIT  -I../../Include/internal -I../../Include/internal/mimalloc -IObjects -IInclude -IPython -I. -I../../Include    -fPIC -c ../../Modules/_testcapi/dict.c -o Modules/_testcapi/dict.o
clang  -fsanitize=undefined -fsanitize=address -fno-omit-frame-pointer  -fno-strict-overflow -Wsign-compare -fno-omit-frame-pointer -mno-omit-leaf-frame-pointer -g -Og -Wall    -std=c11 -Wextra -Wno-unused-parameter -Wno-missing-field-initializers -Wstrict-prototypes -Werror=implicit-function-declaration -fvisibility=hidden -D_Py_TIER2=1 -D_Py_JIT  -I../../Include/internal -I../../Include/internal/mimalloc -IObjects -IInclude -IPython -I. -I../../Include    -fPIC -c ../../Modules/_testcapi/set.c -o Modules/_testcapi/set.o
clang  -fsanitize=undefined -fsanitize=address -fno-omit-frame-pointer  -fno-strict-overflow -Wsign-compare -fno-omit-frame-pointer -mno-omit-leaf-frame-pointer -g -Og -Wall    -std=c11 -Wextra -Wno-unused-parameter -Wno-missing-field-initializers -Wstrict-prototypes -Werror=implicit-function-declaration -fvisibility=hidden -D_Py_TIER2=1 -D_Py_JIT  -I../../Include/internal -I../../Include/internal/mimalloc -IObjects -IInclude -IPython -I. -I../../Include    -fPIC -c ../../Modules/_testcapi/list.c -o Modules/_testcapi/list.o
clang  -fsanitize=undefined -fsanitize=address -fno-omit-frame-pointer  -fno-strict-overflow -Wsign-compare -fno-omit-frame-pointer -mno-omit-leaf-frame-pointer -g -Og -Wall    -std=c11 -Wextra -Wno-unused-parameter -Wno-missing-field-initializers -Wstrict-prototypes -Werror=implicit-function-declaration -fvisibility=hidden -D_Py_TIER2=1 -D_Py_JIT  -I../../Include/internal -I../../Include/internal/mimalloc -IObjects -IInclude -IPython -I. -I../../Include    -fPIC -c ../../Modules/_testcapi/tuple.c -o Modules/_testcapi/tuple.o
clang  -fsanitize=undefined -fsanitize=address -fno-omit-frame-pointer  -fno-strict-overflow -Wsign-compare -fno-omit-frame-pointer -mno-omit-leaf-frame-pointer -g -Og -Wall    -std=c11 -Wextra -Wno-unused-parameter -Wno-missing-field-initializers -Wstrict-prototypes -Werror=implicit-function-declaration -fvisibility=hidden -D_Py_TIER2=1 -D_Py_JIT  -I../../Include/internal -I../../Include/internal/mimalloc -IObjects -IInclude -IPython -I. -I../../Include    -fPIC -c ../../Modules/_testcapi/getargs.c -o Modules/_testcapi/getargs.o
clang  -fsanitize=undefined -fsanitize=address -fno-omit-frame-pointer  -fno-strict-overflow -Wsign-compare -fno-omit-frame-pointer -mno-omit-leaf-frame-pointer -g -Og -Wall    -std=c11 -Wextra -Wno-unused-parameter -Wno-missing-field-initializers -Wstrict-prototypes -Werror=implicit-function-declaration -fvisibility=hidden -D_Py_TIER2=1 -D_Py_JIT  -I../../Include/internal -I../../Include/internal/mimalloc -IObjects -IInclude -IPython -I. -I../../Include    -fPIC -c ../../Modules/_testcapi/datetime.c -o Modules/_testcapi/datetime.o
clang  -fsanitize=undefined -fsanitize=address -fno-omit-frame-pointer  -fno-strict-overflow -Wsign-compare -fno-omit-frame-pointer -mno-omit-leaf-frame-pointer -g -Og -Wall    -std=c11 -Wextra -Wno-unused-parameter -Wno-missing-field-initializers -Wstrict-prototypes -Werror=implicit-function-declaration -fvisibility=hidden -D_Py_TIER2=1 -D_Py_JIT  -I../../Include/internal -I../../Include/internal/mimalloc -IObjects -IInclude -IPython -I. -I../../Include    -fPIC -c ../../Modules/_testcapi/docstring.c -o Modules/_testcapi/docstring.o
clang  -fsanitize=undefined -fsanitize=address -fno-omit-frame-pointer  -fno-strict-overflow -Wsign-compare -fno-omit-frame-pointer -mno-omit-leaf-frame-pointer -g -Og -Wall    -std=c11 -Wextra -Wno-unused-parameter -Wno-missing-field-initializers -Wstrict-prototypes -Werror=implicit-function-declaration -fvisibility=hidden -D_Py_TIER2=1 -D_Py_JIT  -I../../Include/internal -I../../Include/internal/mimalloc -IObjects -IInclude -IPython -I. -I../../Include    -fPIC -c ../../Modules/_testcapi/mem.c -o Modules/_testcapi/mem.o
clang  -fsanitize=undefined -fsanitize=address -fno-omit-frame-pointer  -fno-strict-overflow -Wsign-compare -fno-omit-frame-pointer -mno-omit-leaf-frame-pointer -g -Og -Wall    -std=c11 -Wextra -Wno-unused-parameter -Wno-missing-field-initializers -Wstrict-prototypes -Werror=implicit-function-declaration -fvisibility=hidden -D_Py_TIER2=1 -D_Py_JIT  -I../../Include/internal -I../../Include/internal/mimalloc -IObjects -IInclude -IPython -I. -I../../Include    -fPIC -c ../../Modules/_testcapi/watchers.c -o Modules/_testcapi/watchers.o
clang  -fsanitize=undefined -fsanitize=address -fno-omit-frame-pointer  -fno-strict-overflow -Wsign-compare -fno-omit-frame-pointer -mno-omit-leaf-frame-pointer -g -Og -Wall    -std=c11 -Wextra -Wno-unused-parameter -Wno-missing-field-initializers -Wstrict-prototypes -Werror=implicit-function-declaration -fvisibility=hidden -D_Py_TIER2=1 -D_Py_JIT  -I../../Include/internal -I../../Include/internal/mimalloc -IObjects -IInclude -IPython -I. -I../../Include    -fPIC -c ../../Modules/_testcapi/long.c -o Modules/_testcapi/long.o
clang  -fsanitize=undefined -fsanitize=address -fno-omit-frame-pointer  -fno-strict-overflow -Wsign-compare -fno-omit-frame-pointer -mno-omit-leaf-frame-pointer -g -Og -Wall    -std=c11 -Wextra -Wno-unused-parameter -Wno-missing-field-initializers -Wstrict-prototypes -Werror=implicit-function-declaration -fvisibility=hidden -D_Py_TIER2=1 -D_Py_JIT  -I../../Include/internal -I../../Include/internal/mimalloc -IObjects -IInclude -IPython -I. -I../../Include    -fPIC -c ../../Modules/_testcapi/float.c -o Modules/_testcapi/float.o
clang  -fsanitize=undefined -fsanitize=address -fno-omit-frame-pointer  -fno-strict-overflow -Wsign-compare -fno-omit-frame-pointer -mno-omit-leaf-frame-pointer -g -Og -Wall    -std=c11 -Wextra -Wno-unused-parameter -Wno-missing-field-initializers -Wstrict-prototypes -Werror=implicit-function-declaration -fvisibility=hidden -D_Py_TIER2=1 -D_Py_JIT  -I../../Include/internal -I../../Include/internal/mimalloc -IObjects -IInclude -IPython -I. -I../../Include    -fPIC -c ../../Modules/_testcapi/complex.c -o Modules/_testcapi/complex.o
clang  -fsanitize=undefined -fsanitize=address -fno-omit-frame-pointer  -fno-strict-overflow -Wsign-compare -fno-omit-frame-pointer -mno-omit-leaf-frame-pointer -g -Og -Wall    -std=c11 -Wextra -Wno-unused-parameter -Wno-missing-field-initializers -Wstrict-prototypes -Werror=implicit-function-declaration -fvisibility=hidden -D_Py_TIER2=1 -D_Py_JIT  -I../../Include/internal -I../../Include/internal/mimalloc -IObjects -IInclude -IPython -I. -I../../Include    -fPIC -c ../../Modules/_testcapi/numbers.c -o Modules/_testcapi/numbers.o
clang  -fsanitize=undefined -fsanitize=address -fno-omit-frame-pointer  -fno-strict-overflow -Wsign-compare -fno-omit-frame-pointer -mno-omit-leaf-frame-pointer -g -Og -Wall    -std=c11 -Wextra -Wno-unused-parameter -Wno-missing-field-initializers -Wstrict-prototypes -Werror=implicit-function-declaration -fvisibility=hidden -D_Py_TIER2=1 -D_Py_JIT  -I../../Include/internal -I../../Include/internal/mimalloc -IObjects -IInclude -IPython -I. -I../../Include    -fPIC -c ../../Modules/_testcapi/structmember.c -o Modules/_testcapi/structmember.o
clang  -fsanitize=undefined -fsanitize=address -fno-omit-frame-pointer  -fno-strict-overflow -Wsign-compare -fno-omit-frame-pointer -mno-omit-leaf-frame-pointer -g -Og -Wall    -std=c11 -Wextra -Wno-unused-parameter -Wno-missing-field-initializers -Wstrict-prototypes -Werror=implicit-function-declaration -fvisibility=hidden -D_Py_TIER2=1 -D_Py_JIT  -I../../Include/internal -I../../Include/internal/mimalloc -IObjects -IInclude -IPython -I. -I../../Include    -fPIC -c ../../Modules/_testcapi/exceptions.c -o Modules/_testcapi/exceptions.o
clang  -fsanitize=undefined -fsanitize=address -fno-omit-frame-pointer  -fno-strict-overflow -Wsign-compare -fno-omit-frame-pointer -mno-omit-leaf-frame-pointer -g -Og -Wall    -std=c11 -Wextra -Wno-unused-parameter -Wno-missing-field-initializers -Wstrict-prototypes -Werror=implicit-function-declaration -fvisibility=hidden -D_Py_TIER2=1 -D_Py_JIT  -I../../Include/internal -I../../Include/internal/mimalloc -IObjects -IInclude -IPython -I. -I../../Include    -fPIC -c ../../Modules/_testcapi/code.c -o Modules/_testcapi/code.o
clang  -fsanitize=undefined -fsanitize=address -fno-omit-frame-pointer  -fno-strict-overflow -Wsign-compare -fno-omit-frame-pointer -mno-omit-leaf-frame-pointer -g -Og -Wall    -std=c11 -Wextra -Wno-unused-parameter -Wno-missing-field-initializers -Wstrict-prototypes -Werror=implicit-function-declaration -fvisibility=hidden -D_Py_TIER2=1 -D_Py_JIT  -I../../Include/internal -I../../Include/internal/mimalloc -IObjects -IInclude -IPython -I. -I../../Include    -fPIC -c ../../Modules/_testcapi/buffer.c -o Modules/_testcapi/buffer.o
clang  -fsanitize=undefined -fsanitize=address -fno-omit-frame-pointer  -fno-strict-overflow -Wsign-compare -fno-omit-frame-pointer -mno-omit-leaf-frame-pointer -g -Og -Wall    -std=c11 -Wextra -Wno-unused-parameter -Wno-missing-field-initializers -Wstrict-prototypes -Werror=implicit-function-declaration -fvisibility=hidden -D_Py_TIER2=1 -D_Py_JIT  -I../../Include/internal -I../../Include/internal/mimalloc -IObjects -IInclude -IPython -I. -I../../Include    -fPIC -c ../../Modules/_testcapi/pyatomic.c -o Modules/_testcapi/pyatomic.o
clang  -fsanitize=undefined -fsanitize=address -fno-omit-frame-pointer  -fno-strict-overflow -Wsign-compare -fno-omit-frame-pointer -mno-omit-leaf-frame-pointer -g -Og -Wall    -std=c11 -Wextra -Wno-unused-parameter -Wno-missing-field-initializers -Wstrict-prototypes -Werror=implicit-function-declaration -fvisibility=hidden -D_Py_TIER2=1 -D_Py_JIT  -I../../Include/internal -I../../Include/internal/mimalloc -IObjects -IInclude -IPython -I. -I../../Include    -fPIC -c ../../Modules/_testcapi/run.c -o Modules/_testcapi/run.o
clang  -fsanitize=undefined -fsanitize=address -fno-omit-frame-pointer  -fno-strict-overflow -Wsign-compare -fno-omit-frame-pointer -mno-omit-leaf-frame-pointer -g -Og -Wall    -std=c11 -Wextra -Wno-unused-parameter -Wno-missing-field-initializers -Wstrict-prototypes -Werror=implicit-function-declaration -fvisibility=hidden -D_Py_TIER2=1 -D_Py_JIT  -I../../Include/internal -I../../Include/internal/mimalloc -IObjects -IInclude -IPython -I. -I../../Include    -fPIC -c ../../Modules/_testcapi/file.c -o Modules/_testcapi/file.o
clang  -fsanitize=undefined -fsanitize=address -fno-omit-frame-pointer  -fno-strict-overflow -Wsign-compare -fno-omit-frame-pointer -mno-omit-leaf-frame-pointer -g -Og -Wall    -std=c11 -Wextra -Wno-unused-parameter -Wno-missing-field-initializers -Wstrict-prototypes -Werror=implicit-function-declaration -fvisibility=hidden -D_Py_TIER2=1 -D_Py_JIT  -I../../Include/internal -I../../Include/internal/mimalloc -IObjects -IInclude -IPython -I. -I../../Include    -fPIC -c ../../Modules/_testcapi/codec.c -o Modules/_testcapi/codec.o
clang  -fsanitize=undefined -fsanitize=address -fno-omit-frame-pointer  -fno-strict-overflow -Wsign-compare -fno-omit-frame-pointer -mno-omit-leaf-frame-pointer -g -Og -Wall    -std=c11 -Wextra -Wno-unused-parameter -Wno-missing-field-initializers -Wstrict-prototypes -Werror=implicit-function-declaration -fvisibility=hidden -D_Py_TIER2=1 -D_Py_JIT  -I../../Include/internal -I../../Include/internal/mimalloc -IObjects -IInclude -IPython -I. -I../../Include    -fPIC -c ../../Modules/_testcapi/immortal.c -o Modules/_testcapi/immortal.o
clang  -fsanitize=undefined -fsanitize=address -fno-omit-frame-pointer  -fno-strict-overflow -Wsign-compare -fno-omit-frame-pointer -mno-omit-leaf-frame-pointer -g -Og -Wall    -std=c11 -Wextra -Wno-unused-parameter -Wno-missing-field-initializers -Wstrict-prototypes -Werror=implicit-function-declaration -fvisibility=hidden -D_Py_TIER2=1 -D_Py_JIT  -I../../Include/internal -I../../Include/internal/mimalloc -IObjects -IInclude -IPython -I. -I../../Include    -fPIC -c ../../Modules/_testcapi/gc.c -o Modules/_testcapi/gc.o
clang  -fsanitize=undefined -fsanitize=address -fno-omit-frame-pointer  -fno-strict-overflow -Wsign-compare -fno-omit-frame-pointer -mno-omit-leaf-frame-pointer -g -Og -Wall    -std=c11 -Wextra -Wno-unused-parameter -Wno-missing-field-initializers -Wstrict-prototypes -Werror=implicit-function-declaration -fvisibility=hidden -D_Py_TIER2=1 -D_Py_JIT  -I../../Include/internal -I../../Include/internal/mimalloc -IObjects -IInclude -IPython -I. -I../../Include    -fPIC -c ../../Modules/_testcapi/hash.c -o Modules/_testcapi/hash.o
clang  -fsanitize=undefined -fsanitize=address -fno-omit-frame-pointer  -fno-strict-overflow -Wsign-compare -fno-omit-frame-pointer -mno-omit-leaf-frame-pointer -g -Og -Wall    -std=c11 -Wextra -Wno-unused-parameter -Wno-missing-field-initializers -Wstrict-prototypes -Werror=implicit-function-declaration -fvisibility=hidden -D_Py_TIER2=1 -D_Py_JIT  -I../../Include/internal -I../../Include/internal/mimalloc -IObjects -IInclude -IPython -I. -I../../Include    -fPIC -c ../../Modules/_testcapi/time.c -o Modules/_testcapi/time.o
clang  -fsanitize=undefined -fsanitize=address -fno-omit-frame-pointer  -fno-strict-overflow -Wsign-compare -fno-omit-frame-pointer -mno-omit-leaf-frame-pointer -g -Og -Wall    -std=c11 -Wextra -Wno-unused-parameter -Wno-missing-field-initializers -Wstrict-prototypes -Werror=implicit-function-declaration -fvisibility=hidden -D_Py_TIER2=1 -D_Py_JIT  -I../../Include/internal -I../../Include/internal/mimalloc -IObjects -IInclude -IPython -I. -I../../Include    -fPIC -c ../../Modules/_testcapi/bytes.c -o Modules/_testcapi/bytes.o
clang  -fsanitize=undefined -fsanitize=address -fno-omit-frame-pointer  -fno-strict-overflow -Wsign-compare -fno-omit-frame-pointer -mno-omit-leaf-frame-pointer -g -Og -Wall    -std=c11 -Wextra -Wno-unused-parameter -Wno-missing-field-initializers -Wstrict-prototypes -Werror=implicit-function-declaration -fvisibility=hidden -D_Py_TIER2=1 -D_Py_JIT  -I../../Include/internal -I../../Include/internal/mimalloc -IObjects -IInclude -IPython -I. -I../../Include    -fPIC -c ../../Modules/_testcapi/object.c -o Modules/_testcapi/object.o
clang  -fsanitize=undefined -fsanitize=address -fno-omit-frame-pointer  -fno-strict-overflow -Wsign-compare -fno-omit-frame-pointer -mno-omit-leaf-frame-pointer -g -Og -Wall    -std=c11 -Wextra -Wno-unused-parameter -Wno-missing-field-initializers -Wstrict-prototypes -Werror=implicit-function-declaration -fvisibility=hidden -D_Py_TIER2=1 -D_Py_JIT  -I../../Include/internal -I../../Include/internal/mimalloc -IObjects -IInclude -IPython -I. -I../../Include    -fPIC -c ../../Modules/_testcapi/modsupport.c -o Modules/_testcapi/modsupport.o
clang  -fsanitize=undefined -fsanitize=address -fno-omit-frame-pointer  -fno-strict-overflow -Wsign-compare -fno-omit-frame-pointer -mno-omit-leaf-frame-pointer -g -Og -Wall    -std=c11 -Wextra -Wno-unused-parameter -Wno-missing-field-initializers -Wstrict-prototypes -Werror=implicit-function-declaration -fvisibility=hidden -D_Py_TIER2=1 -D_Py_JIT  -I../../Include/internal -I../../Include/internal/mimalloc -IObjects -IInclude -IPython -I. -I../../Include    -fPIC -c ../../Modules/_testcapi/monitoring.c -o Modules/_testcapi/monitoring.o
clang  -fsanitize=undefined -fsanitize=address -fno-omit-frame-pointer  -fno-strict-overflow -Wsign-compare -fno-omit-frame-pointer -mno-omit-leaf-frame-pointer -g -Og -Wall    -std=c11 -Wextra -Wno-unused-parameter -Wno-missing-field-initializers -Wstrict-prototypes -Werror=implicit-function-declaration -fvisibility=hidden -D_Py_TIER2=1 -D_Py_JIT  -I../../Include/internal -I../../Include/internal/mimalloc -IObjects -IInclude -IPython -I. -I../../Include    -fPIC -c ../../Modules/_testcapi/config.c -o Modules/_testcapi/config.o
clang  -fsanitize=undefined -fsanitize=address -fno-omit-frame-pointer  -fno-strict-overflow -Wsign-compare -fno-omit-frame-pointer -mno-omit-leaf-frame-pointer -g -Og -Wall    -std=c11 -Wextra -Wno-unused-parameter -Wno-missing-field-initializers -Wstrict-prototypes -Werror=implicit-function-declaration -fvisibility=hidden -D_Py_TIER2=1 -D_Py_JIT  -I../../Include/internal -I../../Include/internal/mimalloc -IObjects -IInclude -IPython -I. -I../../Include    -fPIC -c ../../Modules/_testcapi/import.c -o Modules/_testcapi/import.o
clang  -fsanitize=undefined -fsanitize=address -fno-omit-frame-pointer  -fno-strict-overflow -Wsign-compare -fno-omit-frame-pointer -mno-omit-leaf-frame-pointer -g -Og -Wall    -std=c11 -Wextra -Wno-unused-parameter -Wno-missing-field-initializers -Wstrict-prototypes -Werror=implicit-function-declaration -fvisibility=hidden -D_Py_TIER2=1 -D_Py_JIT  -I../../Include/internal -I../../Include/internal/mimalloc -IObjects -IInclude -IPython -I. -I../../Include    -fPIC -c ../../Modules/_testcapi/frame.c -o Modules/_testcapi/frame.o
clang  -fsanitize=undefined -fsanitize=address -fno-omit-frame-pointer  -fno-strict-overflow -Wsign-compare -fno-omit-frame-pointer -mno-omit-leaf-frame-pointer -g -Og -Wall    -std=c11 -Wextra -Wno-unused-parameter -Wno-missing-field-initializers -Wstrict-prototypes -Werror=implicit-function-declaration -fvisibility=hidden -D_Py_TIER2=1 -D_Py_JIT  -I../../Include/internal -I../../Include/internal/mimalloc -IObjects -IInclude -IPython -I. -I../../Include    -fPIC -c ../../Modules/_testcapi/type.c -o Modules/_testcapi/type.o
clang  -fsanitize=undefined -fsanitize=address -fno-omit-frame-pointer  -fno-strict-overflow -Wsign-compare -fno-omit-frame-pointer -mno-omit-leaf-frame-pointer -g -Og -Wall    -std=c11 -Wextra -Wno-unused-parameter -Wno-missing-field-initializers -Wstrict-prototypes -Werror=implicit-function-declaration -fvisibility=hidden -D_Py_TIER2=1 -D_Py_JIT  -I../../Include/internal -I../../Include/internal/mimalloc -IObjects -IInclude -IPython -I. -I../../Include    -fPIC -c ../../Modules/_testcapi/function.c -o Modules/_testcapi/function.o
clang  -fsanitize=undefined -fsanitize=address -fno-omit-frame-pointer  -fno-strict-overflow -Wsign-compare -fno-omit-frame-pointer -mno-omit-leaf-frame-pointer -g -Og -Wall    -std=c11 -Wextra -Wno-unused-parameter -Wno-missing-field-initializers -Wstrict-prototypes -Werror=implicit-function-declaration -fvisibility=hidden -D_Py_TIER2=1 -D_Py_JIT  -I../../Include/internal -I../../Include/internal/mimalloc -IObjects -IInclude -IPython -I. -I../../Include    -fPIC -c ../../Modules/_testcapi/module.c -o Modules/_testcapi/module.o
clang  -fsanitize=undefined -fsanitize=address -fno-omit-frame-pointer  -fno-strict-overflow -Wsign-compare -fno-omit-frame-pointer -mno-omit-leaf-frame-pointer -g -Og -Wall    -std=c11 -Wextra -Wno-unused-parameter -Wno-missing-field-initializers -Wstrict-prototypes -Werror=implicit-function-declaration -fvisibility=hidden -D_Py_TIER2=1 -D_Py_JIT  -I../../Include/internal -I../../Include/internal/mimalloc -IObjects -IInclude -IPython -I. -I../../Include    -fPIC -c ../../Modules/_testlimitedcapi.c -o Modules/_testlimitedcapi.o
clang  -fsanitize=undefined -fsanitize=address -fno-omit-frame-pointer  -fno-strict-overflow -Wsign-compare -fno-omit-frame-pointer -mno-omit-leaf-frame-pointer -g -Og -Wall    -std=c11 -Wextra -Wno-unused-parameter -Wno-missing-field-initializers -Wstrict-prototypes -Werror=implicit-function-declaration -fvisibility=hidden -D_Py_TIER2=1 -D_Py_JIT  -I../../Include/internal -I../../Include/internal/mimalloc -IObjects -IInclude -IPython -I. -I../../Include    -fPIC -c ../../Modules/_testlimitedcapi/abstract.c -o Modules/_testlimitedcapi/abstract.o
clang  -fsanitize=undefined -fsanitize=address -fno-omit-frame-pointer  -fno-strict-overflow -Wsign-compare -fno-omit-frame-pointer -mno-omit-leaf-frame-pointer -g -Og -Wall    -std=c11 -Wextra -Wno-unused-parameter -Wno-missing-field-initializers -Wstrict-prototypes -Werror=implicit-function-declaration -fvisibility=hidden -D_Py_TIER2=1 -D_Py_JIT  -I../../Include/internal -I../../Include/internal/mimalloc -IObjects -IInclude -IPython -I. -I../../Include    -fPIC -c ../../Modules/_testlimitedcapi/bytearray.c -o Modules/_testlimitedcapi/bytearray.o
clang  -fsanitize=undefined -fsanitize=address -fno-omit-frame-pointer  -fno-strict-overflow -Wsign-compare -fno-omit-frame-pointer -mno-omit-leaf-frame-pointer -g -Og -Wall    -std=c11 -Wextra -Wno-unused-parameter -Wno-missing-field-initializers -Wstrict-prototypes -Werror=implicit-function-declaration -fvisibility=hidden -D_Py_TIER2=1 -D_Py_JIT  -I../../Include/internal -I../../Include/internal/mimalloc -IObjects -IInclude -IPython -I. -I../../Include    -fPIC -c ../../Modules/_testlimitedcapi/bytes.c -o Modules/_testlimitedcapi/bytes.o
clang  -fsanitize=undefined -fsanitize=address -fno-omit-frame-pointer  -fno-strict-overflow -Wsign-compare -fno-omit-frame-pointer -mno-omit-leaf-frame-pointer -g -Og -Wall    -std=c11 -Wextra -Wno-unused-parameter -Wno-missing-field-initializers -Wstrict-prototypes -Werror=implicit-function-declaration -fvisibility=hidden -D_Py_TIER2=1 -D_Py_JIT  -I../../Include/internal -I../../Include/internal/mimalloc -IObjects -IInclude -IPython -I. -I../../Include    -fPIC -c ../../Modules/_testlimitedcapi/codec.c -o Modules/_testlimitedcapi/codec.o
clang  -fsanitize=undefined -fsanitize=address -fno-omit-frame-pointer  -fno-strict-overflow -Wsign-compare -fno-omit-frame-pointer -mno-omit-leaf-frame-pointer -g -Og -Wall    -std=c11 -Wextra -Wno-unused-parameter -Wno-missing-field-initializers -Wstrict-prototypes -Werror=implicit-function-declaration -fvisibility=hidden -D_Py_TIER2=1 -D_Py_JIT  -I../../Include/internal -I../../Include/internal/mimalloc -IObjects -IInclude -IPython -I. -I../../Include    -fPIC -c ../../Modules/_testlimitedcapi/complex.c -o Modules/_testlimitedcapi/complex.o
clang  -fsanitize=undefined -fsanitize=address -fno-omit-frame-pointer  -fno-strict-overflow -Wsign-compare -fno-omit-frame-pointer -mno-omit-leaf-frame-pointer -g -Og -Wall    -std=c11 -Wextra -Wno-unused-parameter -Wno-missing-field-initializers -Wstrict-prototypes -Werror=implicit-function-declaration -fvisibility=hidden -D_Py_TIER2=1 -D_Py_JIT  -I../../Include/internal -I../../Include/internal/mimalloc -IObjects -IInclude -IPython -I. -I../../Include    -fPIC -c ../../Modules/_testlimitedcapi/dict.c -o Modules/_testlimitedcapi/dict.o
clang  -fsanitize=undefined -fsanitize=address -fno-omit-frame-pointer  -fno-strict-overflow -Wsign-compare -fno-omit-frame-pointer -mno-omit-leaf-frame-pointer -g -Og -Wall    -std=c11 -Wextra -Wno-unused-parameter -Wno-missing-field-initializers -Wstrict-prototypes -Werror=implicit-function-declaration -fvisibility=hidden -D_Py_TIER2=1 -D_Py_JIT  -I../../Include/internal -I../../Include/internal/mimalloc -IObjects -IInclude -IPython -I. -I../../Include    -fPIC -c ../../Modules/_testlimitedcapi/eval.c -o Modules/_testlimitedcapi/eval.o
clang  -fsanitize=undefined -fsanitize=address -fno-omit-frame-pointer  -fno-strict-overflow -Wsign-compare -fno-omit-frame-pointer -mno-omit-leaf-frame-pointer -g -Og -Wall    -std=c11 -Wextra -Wno-unused-parameter -Wno-missing-field-initializers -Wstrict-prototypes -Werror=implicit-function-declaration -fvisibility=hidden -D_Py_TIER2=1 -D_Py_JIT  -I../../Include/internal -I../../Include/internal/mimalloc -IObjects -IInclude -IPython -I. -I../../Include    -fPIC -c ../../Modules/_testlimitedcapi/float.c -o Modules/_testlimitedcapi/float.o
clang  -fsanitize=undefined -fsanitize=address -fno-omit-frame-pointer  -fno-strict-overflow -Wsign-compare -fno-omit-frame-pointer -mno-omit-leaf-frame-pointer -g -Og -Wall    -std=c11 -Wextra -Wno-unused-parameter -Wno-missing-field-initializers -Wstrict-prototypes -Werror=implicit-function-declaration -fvisibility=hidden -D_Py_TIER2=1 -D_Py_JIT  -I../../Include/internal -I../../Include/internal/mimalloc -IObjects -IInclude -IPython -I. -I../../Include    -fPIC -c ../../Modules/_testlimitedcapi/heaptype_relative.c -o Modules/_testlimitedcapi/heaptype_relative.o
clang  -fsanitize=undefined -fsanitize=address -fno-omit-frame-pointer  -fno-strict-overflow -Wsign-compare -fno-omit-frame-pointer -mno-omit-leaf-frame-pointer -g -Og -Wall    -std=c11 -Wextra -Wno-unused-parameter -Wno-missing-field-initializers -Wstrict-prototypes -Werror=implicit-function-declaration -fvisibility=hidden -D_Py_TIER2=1 -D_Py_JIT  -I../../Include/internal -I../../Include/internal/mimalloc -IObjects -IInclude -IPython -I. -I../../Include    -fPIC -c ../../Modules/_testlimitedcapi/import.c -o Modules/_testlimitedcapi/import.o
clang  -fsanitize=undefined -fsanitize=address -fno-omit-frame-pointer  -fno-strict-overflow -Wsign-compare -fno-omit-frame-pointer -mno-omit-leaf-frame-pointer -g -Og -Wall    -std=c11 -Wextra -Wno-unused-parameter -Wno-missing-field-initializers -Wstrict-prototypes -Werror=implicit-function-declaration -fvisibility=hidden -D_Py_TIER2=1 -D_Py_JIT  -I../../Include/internal -I../../Include/internal/mimalloc -IObjects -IInclude -IPython -I. -I../../Include    -fPIC -c ../../Modules/_testlimitedcapi/list.c -o Modules/_testlimitedcapi/list.o
clang  -fsanitize=undefined -fsanitize=address -fno-omit-frame-pointer  -fno-strict-overflow -Wsign-compare -fno-omit-frame-pointer -mno-omit-leaf-frame-pointer -g -Og -Wall    -std=c11 -Wextra -Wno-unused-parameter -Wno-missing-field-initializers -Wstrict-prototypes -Werror=implicit-function-declaration -fvisibility=hidden -D_Py_TIER2=1 -D_Py_JIT  -I../../Include/internal -I../../Include/internal/mimalloc -IObjects -IInclude -IPython -I. -I../../Include    -fPIC -c ../../Modules/_testlimitedcapi/long.c -o Modules/_testlimitedcapi/long.o
clang  -fsanitize=undefined -fsanitize=address -fno-omit-frame-pointer  -fno-strict-overflow -Wsign-compare -fno-omit-frame-pointer -mno-omit-leaf-frame-pointer -g -Og -Wall    -std=c11 -Wextra -Wno-unused-parameter -Wno-missing-field-initializers -Wstrict-prototypes -Werror=implicit-function-declaration -fvisibility=hidden -D_Py_TIER2=1 -D_Py_JIT  -I../../Include/internal -I../../Include/internal/mimalloc -IObjects -IInclude -IPython -I. -I../../Include    -fPIC -c ../../Modules/_testlimitedcapi/object.c -o Modules/_testlimitedcapi/object.o
clang  -fsanitize=undefined -fsanitize=address -fno-omit-frame-pointer  -fno-strict-overflow -Wsign-compare -fno-omit-frame-pointer -mno-omit-leaf-frame-pointer -g -Og -Wall    -std=c11 -Wextra -Wno-unused-parameter -Wno-missing-field-initializers -Wstrict-prototypes -Werror=implicit-function-declaration -fvisibility=hidden -D_Py_TIER2=1 -D_Py_JIT  -I../../Include/internal -I../../Include/internal/mimalloc -IObjects -IInclude -IPython -I. -I../../Include    -fPIC -c ../../Modules/_testlimitedcapi/pyos.c -o Modules/_testlimitedcapi/pyos.o
clang  -fsanitize=undefined -fsanitize=address -fno-omit-frame-pointer  -fno-strict-overflow -Wsign-compare -fno-omit-frame-pointer -mno-omit-leaf-frame-pointer -g -Og -Wall    -std=c11 -Wextra -Wno-unused-parameter -Wno-missing-field-initializers -Wstrict-prototypes -Werror=implicit-function-declaration -fvisibility=hidden -D_Py_TIER2=1 -D_Py_JIT  -I../../Include/internal -I../../Include/internal/mimalloc -IObjects -IInclude -IPython -I. -I../../Include    -fPIC -c ../../Modules/_testlimitedcapi/set.c -o Modules/_testlimitedcapi/set.o
clang  -fsanitize=undefined -fsanitize=address -fno-omit-frame-pointer  -fno-strict-overflow -Wsign-compare -fno-omit-frame-pointer -mno-omit-leaf-frame-pointer -g -Og -Wall    -std=c11 -Wextra -Wno-unused-parameter -Wno-missing-field-initializers -Wstrict-prototypes -Werror=implicit-function-declaration -fvisibility=hidden -D_Py_TIER2=1 -D_Py_JIT  -I../../Include/internal -I../../Include/internal/mimalloc -IObjects -IInclude -IPython -I. -I../../Include    -fPIC -c ../../Modules/_testlimitedcapi/sys.c -o Modules/_testlimitedcapi/sys.o
clang  -fsanitize=undefined -fsanitize=address -fno-omit-frame-pointer  -fno-strict-overflow -Wsign-compare -fno-omit-frame-pointer -mno-omit-leaf-frame-pointer -g -Og -Wall    -std=c11 -Wextra -Wno-unused-parameter -Wno-missing-field-initializers -Wstrict-prototypes -Werror=implicit-function-declaration -fvisibility=hidden -D_Py_TIER2=1 -D_Py_JIT  -I../../Include/internal -I../../Include/internal/mimalloc -IObjects -IInclude -IPython -I. -I../../Include    -fPIC -c ../../Modules/_testlimitedcapi/tuple.c -o Modules/_testlimitedcapi/tuple.o
clang  -fsanitize=undefined -fsanitize=address -fno-omit-frame-pointer  -fno-strict-overflow -Wsign-compare -fno-omit-frame-pointer -mno-omit-leaf-frame-pointer -g -Og -Wall    -std=c11 -Wextra -Wno-unused-parameter -Wno-missing-field-initializers -Wstrict-prototypes -Werror=implicit-function-declaration -fvisibility=hidden -D_Py_TIER2=1 -D_Py_JIT  -I../../Include/internal -I../../Include/internal/mimalloc -IObjects -IInclude -IPython -I. -I../../Include    -fPIC -c ../../Modules/_testlimitedcapi/unicode.c -o Modules/_testlimitedcapi/unicode.o
clang  -fsanitize=undefined -fsanitize=address -fno-omit-frame-pointer  -fno-strict-overflow -Wsign-compare -fno-omit-frame-pointer -mno-omit-leaf-frame-pointer -g -Og -Wall    -std=c11 -Wextra -Wno-unused-parameter -Wno-missing-field-initializers -Wstrict-prototypes -Werror=implicit-function-declaration -fvisibility=hidden -D_Py_TIER2=1 -D_Py_JIT  -I../../Include/internal -I../../Include/internal/mimalloc -IObjects -IInclude -IPython -I. -I../../Include    -fPIC -c ../../Modules/_testlimitedcapi/vectorcall_limited.c -o Modules/_testlimitedcapi/vectorcall_limited.o
clang  -fsanitize=undefined -fsanitize=address -fno-omit-frame-pointer  -fno-strict-overflow -Wsign-compare -fno-omit-frame-pointer -mno-omit-leaf-frame-pointer -g -Og -Wall    -std=c11 -Wextra -Wno-unused-parameter -Wno-missing-field-initializers -Wstrict-prototypes -Werror=implicit-function-declaration -fvisibility=hidden -D_Py_TIER2=1 -D_Py_JIT  -I../../Include/internal -I../../Include/internal/mimalloc -IObjects -IInclude -IPython -I. -I../../Include    -fPIC -c ../../Modules/_testlimitedcapi/version.c -o Modules/_testlimitedcapi/version.o
clang  -fsanitize=undefined -fsanitize=address -fno-omit-frame-pointer  -fno-strict-overflow -Wsign-compare -fno-omit-frame-pointer -mno-omit-leaf-frame-pointer -g -Og -Wall    -std=c11 -Wextra -Wno-unused-parameter -Wno-missing-field-initializers -Wstrict-prototypes -Werror=implicit-function-declaration -fvisibility=hidden -D_Py_TIER2=1 -D_Py_JIT  -I../../Include/internal -I../../Include/internal/mimalloc -IObjects -IInclude -IPython -I. -I../../Include    -fPIC -c ../../Modules/_testlimitedcapi/file.c -o Modules/_testlimitedcapi/file.o
clang  -fsanitize=undefined -fsanitize=address -fno-omit-frame-pointer  -fno-strict-overflow -Wsign-compare -fno-omit-frame-pointer -mno-omit-leaf-frame-pointer -g -Og -Wall    -std=c11 -Wextra -Wno-unused-parameter -Wno-missing-field-initializers -Wstrict-prototypes -Werror=implicit-function-declaration -fvisibility=hidden -D_Py_TIER2=1 -D_Py_JIT  -I../../Include/internal -I../../Include/internal/mimalloc -IObjects -IInclude -IPython -I. -I../../Include    -fPIC -c ../../Modules/_testclinic.c -o Modules/_testclinic.o
clang  -fsanitize=undefined -fsanitize=address -fno-omit-frame-pointer  -fno-strict-overflow -Wsign-compare -fno-omit-frame-pointer -mno-omit-leaf-frame-pointer -g -Og -Wall    -std=c11 -Wextra -Wno-unused-parameter -Wno-missing-field-initializers -Wstrict-prototypes -Werror=implicit-function-declaration -fvisibility=hidden -D_Py_TIER2=1 -D_Py_JIT  -I../../Include/internal -I../../Include/internal/mimalloc -IObjects -IInclude -IPython -I. -I../../Include    -fPIC -c ../../Modules/_testclinic_limited.c -o Modules/_testclinic_limited.o
clang  -fsanitize=undefined -fsanitize=address -fno-omit-frame-pointer  -fno-strict-overflow -Wsign-compare -fno-omit-frame-pointer -mno-omit-leaf-frame-pointer -g -Og -Wall    -std=c11 -Wextra -Wno-unused-parameter -Wno-missing-field-initializers -Wstrict-prototypes -Werror=implicit-function-declaration -fvisibility=hidden -D_Py_TIER2=1 -D_Py_JIT  -I../../Include/internal -I../../Include/internal/mimalloc -IObjects -IInclude -IPython -I. -I../../Include    -fPIC -c ../../Modules/_testimportmultiple.c -o Modules/_testimportmultiple.o
clang  -fsanitize=undefined -fsanitize=address -fno-omit-frame-pointer  -fno-strict-overflow -Wsign-compare -fno-omit-frame-pointer -mno-omit-leaf-frame-pointer -g -Og -Wall    -std=c11 -Wextra -Wno-unused-parameter -Wno-missing-field-initializers -Wstrict-prototypes -Werror=implicit-function-declaration -fvisibility=hidden -D_Py_TIER2=1 -D_Py_JIT  -I../../Include/internal -I../../Include/internal/mimalloc -IObjects -IInclude -IPython -I. -I../../Include    -fPIC -c ../../Modules/_testmultiphase.c -o Modules/_testmultiphase.o
clang  -fsanitize=undefined -fsanitize=address -fno-omit-frame-pointer  -fno-strict-overflow -Wsign-compare -fno-omit-frame-pointer -mno-omit-leaf-frame-pointer -g -Og -Wall    -std=c11 -Wextra -Wno-unused-parameter -Wno-missing-field-initializers -Wstrict-prototypes -Werror=implicit-function-declaration -fvisibility=hidden -D_Py_TIER2=1 -D_Py_JIT  -I../../Include/internal -I../../Include/internal/mimalloc -IObjects -IInclude -IPython -I. -I../../Include    -fPIC -c ../../Modules/_testsinglephase.c -o Modules/_testsinglephase.o
clang  -fsanitize=undefined -fsanitize=address -fno-omit-frame-pointer  -fno-strict-overflow -Wsign-compare -fno-omit-frame-pointer -mno-omit-leaf-frame-pointer -g -Og -Wall    -std=c11 -Wextra -Wno-unused-parameter -Wno-missing-field-initializers -Wstrict-prototypes -Werror=implicit-function-declaration -fvisibility=hidden -D_Py_TIER2=1 -D_Py_JIT  -I../../Include/internal -I../../Include/internal/mimalloc -IObjects -IInclude -IPython -I. -I../../Include    -fPIC -c ../../Modules/_ctypes/_ctypes_test.c -o Modules/_ctypes/_ctypes_test.o
clang  -fsanitize=undefined -fsanitize=address -fno-omit-frame-pointer  -fno-strict-overflow -Wsign-compare -fno-omit-frame-pointer -mno-omit-leaf-frame-pointer -g -Og -Wall    -std=c11 -Wextra -Wno-unused-parameter -Wno-missing-field-initializers -Wstrict-prototypes -Werror=implicit-function-declaration -fvisibility=hidden -D_Py_TIER2=1 -D_Py_JIT  -I../../Include/internal -I../../Include/internal/mimalloc -IObjects -IInclude -IPython -I. -I../../Include    -fPIC -c ../../Modules/xxlimited.c -o Modules/xxlimited.o
clang  -fsanitize=undefined -fsanitize=address -fno-omit-frame-pointer  -fno-strict-overflow -Wsign-compare -fno-omit-frame-pointer -mno-omit-leaf-frame-pointer -g -Og -Wall    -std=c11 -Wextra -Wno-unused-parameter -Wno-missing-field-initializers -Wstrict-prototypes -Werror=implicit-function-declaration -fvisibility=hidden -D_Py_TIER2=1 -D_Py_JIT  -I../../Include/internal -I../../Include/internal/mimalloc -IObjects -IInclude -IPython -I. -I../../Include    -fPIC -c ../../Modules/xxlimited_35.c -o Modules/xxlimited_35.o
/bin/install -c -m 644 ../../Tools/gdb/libpython.py python-gdb.py
clang -c -fsanitize=undefined -fsanitize=address -fno-omit-frame-pointer  -fno-strict-overflow -Wsign-compare -fno-omit-frame-pointer -mno-omit-leaf-frame-pointer -g -Og -Wall    -std=c11 -Wextra -Wno-unused-parameter -Wno-missing-field-initializers -Wstrict-prototypes -Werror=implicit-function-declaration -fvisibility=hidden -D_Py_TIER2=1 -D_Py_JIT  -I../../Include/internal -I../../Include/internal/mimalloc -IObjects -IInclude -IPython -I. -I../../Include    -DPy_BUILD_CORE -o Programs/_testembed.o ../../Programs/_testembed.c
sed -e "s,/usr/bin/env python3,/usr/local/bin/python3.15d," < ../../Tools/scripts/idle3 > build/scripts-3.15/idle3.15
sed -e "s,/usr/bin/env python3,/usr/local/bin/python3.15d," < ../../Tools/scripts/pydoc3 > build/scripts-3.15/pydoc3.15
sed -e "s,@EXENAME@,/usr/local/bin/python3.15d," < ../../Misc/python-config.in >python-config.py
LC_ALL=C sed -e 's,\$(\([A-Za-z0-9_]*\)),\$\{\1\},g' < Misc/python-config.sh >python-config
clang -c -fsanitize=undefined -fsanitize=address -fno-omit-frame-pointer  -fno-strict-overflow -Wsign-compare -fno-omit-frame-pointer -mno-omit-leaf-frame-pointer -g -Og -Wall    -std=c11 -Wextra -Wno-unused-parameter -Wno-missing-field-initializers -Wstrict-prototypes -Werror=implicit-function-declaration -fvisibility=hidden -D_Py_TIER2=1 -D_Py_JIT  -I../../Include/internal -I../../Include/internal/mimalloc -IObjects -IInclude -IPython -I. -I../../Include    -DPy_BUILD_CORE -o Python/jit.o ../../Python/jit.c
clang -shared -fsanitize=undefined -fsanitize=address      Modules/arraymodule.o   -o Modules/array.cpython-315d-x86_64-linux-gnu.so
clang -shared -fsanitize=undefined -fsanitize=address      Modules/_bisectmodule.o   -o Modules/_bisect.cpython-315d-x86_64-linux-gnu.so
clang -shared -fsanitize=undefined -fsanitize=address      Modules/_csv.o   -o Modules/_csv.cpython-315d-x86_64-linux-gnu.so
clang -shared -fsanitize=undefined -fsanitize=address      Modules/_heapqmodule.o   -o Modules/_heapq.cpython-315d-x86_64-linux-gnu.so
clang -shared -fsanitize=undefined -fsanitize=address      Modules/_json.o   -o Modules/_json.cpython-315d-x86_64-linux-gnu.so
clang -shared -fsanitize=undefined -fsanitize=address      Modules/_lsprof.o Modules/rotatingtree.o   -o Modules/_lsprof.cpython-315d-x86_64-linux-gnu.so
clang -shared -fsanitize=undefined -fsanitize=address      Modules/mathintegermodule.o   -o Modules/_math_integer.cpython-315d-x86_64-linux-gnu.so
clang -shared -fsanitize=undefined -fsanitize=address      Modules/_pickle.o   -o Modules/_pickle.cpython-315d-x86_64-linux-gnu.so
clang -shared -fsanitize=undefined -fsanitize=address      Modules/_queuemodule.o   -o Modules/_queue.cpython-315d-x86_64-linux-gnu.so
clang -shared -fsanitize=undefined -fsanitize=address      Modules/_randommodule.o   -o Modules/_random.cpython-315d-x86_64-linux-gnu.so
clang -shared -fsanitize=undefined -fsanitize=address      Modules/_remote_debugging_module.o   -o Modules/_remote_debugging.cpython-315d-x86_64-linux-gnu.so
clang -shared -fsanitize=undefined -fsanitize=address      Modules/_struct.o   -o Modules/_struct.cpython-315d-x86_64-linux-gnu.so
clang -shared -fsanitize=undefined -fsanitize=address      Modules/_interpretersmodule.o   -o Modules/_interpreters.cpython-315d-x86_64-linux-gnu.so
clang -shared -fsanitize=undefined -fsanitize=address      Modules/_interpchannelsmodule.o   -o Modules/_interpchannels.cpython-315d-x86_64-linux-gnu.so
clang -shared -fsanitize=undefined -fsanitize=address      Modules/_interpqueuesmodule.o   -o Modules/_interpqueues.cpython-315d-x86_64-linux-gnu.so
clang -shared -fsanitize=undefined -fsanitize=address      Modules/_zoneinfo.o   -o Modules/_zoneinfo.cpython-315d-x86_64-linux-gnu.so
clang -shared -fsanitize=undefined -fsanitize=address      Modules/mathmodule.o -lm  -o Modules/math.cpython-315d-x86_64-linux-gnu.so
clang -shared -fsanitize=undefined -fsanitize=address      Modules/cmathmodule.o -lm  -o Modules/cmath.cpython-315d-x86_64-linux-gnu.so
clang -shared -fsanitize=undefined -fsanitize=address      Modules/_statisticsmodule.o -lm  -o Modules/_statistics.cpython-315d-x86_64-linux-gnu.so
clang -shared -fsanitize=undefined -fsanitize=address      Modules/_decimal/_decimal.o -lmpdec -lm   -o Modules/_decimal.cpython-315d-x86_64-linux-gnu.so
clang -shared -fsanitize=undefined -fsanitize=address      Modules/binascii.o -lz   -o Modules/binascii.cpython-315d-x86_64-linux-gnu.so
clang -shared -fsanitize=undefined -fsanitize=address      Modules/_bz2module.o -lbz2   -o Modules/_bz2.cpython-315d-x86_64-linux-gnu.so
clang -shared -fsanitize=undefined -fsanitize=address      Modules/_lzmamodule.o -llzma   -o Modules/_lzma.cpython-315d-x86_64-linux-gnu.so
clang -shared -fsanitize=undefined -fsanitize=address      Modules/_zstd/_zstdmodule.o Modules/_zstd/zstddict.o Modules/_zstd/compressor.o Modules/_zstd/decompressor.o -lzstd   -o Modules/_zstd.cpython-315d-x86_64-linux-gnu.so
clang -shared -fsanitize=undefined -fsanitize=address      Modules/zlibmodule.o -lz   -o Modules/zlib.cpython-315d-x86_64-linux-gnu.so
clang -shared -fsanitize=undefined -fsanitize=address      Modules/_dbmmodule.o -lgdbm_compat  -o Modules/_dbm.cpython-315d-x86_64-linux-gnu.so
clang -shared -fsanitize=undefined -fsanitize=address      Modules/_gdbmmodule.o -lgdbm  -o Modules/_gdbm.cpython-315d-x86_64-linux-gnu.so
clang -shared -fsanitize=undefined -fsanitize=address      Modules/readline.o -lreadline   -o Modules/readline.cpython-315d-x86_64-linux-gnu.so
clang -I../../Modules/_hacl -I../../Modules/_hacl/include -D_BSD_SOURCE -D_DEFAULT_SOURCE -fsanitize=undefined -fsanitize=address -fno-omit-frame-pointer  -fno-strict-overflow -Wsign-compare -fno-omit-frame-pointer -mno-omit-leaf-frame-pointer -g -Og -Wall    -std=c11 -Wextra -Wno-unused-parameter -Wno-missing-field-initializers -Wstrict-prototypes -Werror=implicit-function-declaration -fvisibility=hidden -D_Py_TIER2=1 -D_Py_JIT  -I../../Include/internal -I../../Include/internal/mimalloc -IObjects -IInclude -IPython -I. -I../../Include    -fPIC -fsanitize=undefined -fsanitize=address -fno-omit-frame-pointer  -fno-strict-overflow -Wsign-compare -fno-omit-frame-pointer -mno-omit-leaf-frame-pointer -g -Og -Wall    -std=c11 -Wextra -Wno-unused-parameter -Wno-missing-field-initializers -Wstrict-prototypes -Werror=implicit-function-declaration -fvisibility=hidden -D_Py_TIER2=1 -D_Py_JIT  -I../../Include/internal -I../../Include/internal/mimalloc -IObjects -IInclude -IPython -I. -I../../Include    -fPIC -c ../../Modules/md5module.c -o Modules/md5module.o
clang -I../../Modules/_hacl -I../../Modules/_hacl/include -D_BSD_SOURCE -D_DEFAULT_SOURCE -fsanitize=undefined -fsanitize=address -fno-omit-frame-pointer  -fno-strict-overflow -Wsign-compare -fno-omit-frame-pointer -mno-omit-leaf-frame-pointer -g -Og -Wall    -std=c11 -Wextra -Wno-unused-parameter -Wno-missing-field-initializers -Wstrict-prototypes -Werror=implicit-function-declaration -fvisibility=hidden -D_Py_TIER2=1 -D_Py_JIT  -I../../Include/internal -I../../Include/internal/mimalloc -IObjects -IInclude -IPython -I. -I../../Include    -fPIC -fsanitize=undefined -fsanitize=address -fno-omit-frame-pointer  -fno-strict-overflow -Wsign-compare -fno-omit-frame-pointer -mno-omit-leaf-frame-pointer -g -Og -Wall    -std=c11 -Wextra -Wno-unused-parameter -Wno-missing-field-initializers -Wstrict-prototypes -Werror=implicit-function-declaration -fvisibility=hidden -D_Py_TIER2=1 -D_Py_JIT  -I../../Include/internal -I../../Include/internal/mimalloc -IObjects -IInclude -IPython -I. -I../../Include    -fPIC -c ../../Modules/sha1module.c -o Modules/sha1module.o
clang -I../../Modules/_hacl -I../../Modules/_hacl/include -D_BSD_SOURCE -D_DEFAULT_SOURCE -fsanitize=undefined -fsanitize=address -fno-omit-frame-pointer  -fno-strict-overflow -Wsign-compare -fno-omit-frame-pointer -mno-omit-leaf-frame-pointer -g -Og -Wall    -std=c11 -Wextra -Wno-unused-parameter -Wno-missing-field-initializers -Wstrict-prototypes -Werror=implicit-function-declaration -fvisibility=hidden -D_Py_TIER2=1 -D_Py_JIT  -I../../Include/internal -I../../Include/internal/mimalloc -IObjects -IInclude -IPython -I. -I../../Include    -fPIC -fsanitize=undefined -fsanitize=address -fno-omit-frame-pointer  -fno-strict-overflow -Wsign-compare -fno-omit-frame-pointer -mno-omit-leaf-frame-pointer -g -Og -Wall    -std=c11 -Wextra -Wno-unused-parameter -Wno-missing-field-initializers -Wstrict-prototypes -Werror=implicit-function-declaration -fvisibility=hidden -D_Py_TIER2=1 -D_Py_JIT  -I../../Include/internal -I../../Include/internal/mimalloc -IObjects -IInclude -IPython -I. -I../../Include    -fPIC -c ../../Modules/sha2module.c -o Modules/sha2module.o
clang -I../../Modules/_hacl -I../../Modules/_hacl/include -D_BSD_SOURCE -D_DEFAULT_SOURCE -fsanitize=undefined -fsanitize=address -fno-omit-frame-pointer  -fno-strict-overflow -Wsign-compare -fno-omit-frame-pointer -mno-omit-leaf-frame-pointer -g -Og -Wall    -std=c11 -Wextra -Wno-unused-parameter -Wno-missing-field-initializers -Wstrict-prototypes -Werror=implicit-function-declaration -fvisibility=hidden -D_Py_TIER2=1 -D_Py_JIT  -I../../Include/internal -I../../Include/internal/mimalloc -IObjects -IInclude -IPython -I. -I../../Include    -fPIC -fsanitize=undefined -fsanitize=address -fno-omit-frame-pointer  -fno-strict-overflow -Wsign-compare -fno-omit-frame-pointer -mno-omit-leaf-frame-pointer -g -Og -Wall    -std=c11 -Wextra -Wno-unused-parameter -Wno-missing-field-initializers -Wstrict-prototypes -Werror=implicit-function-declaration -fvisibility=hidden -D_Py_TIER2=1 -D_Py_JIT  -I../../Include/internal -I../../Include/internal/mimalloc -IObjects -IInclude -IPython -I. -I../../Include    -fPIC -c ../../Modules/sha3module.c -o Modules/sha3module.o
clang -I../../Modules/_hacl -I../../Modules/_hacl/include -D_BSD_SOURCE -D_DEFAULT_SOURCE -fsanitize=undefined -fsanitize=address -fno-omit-frame-pointer  -fno-strict-overflow -Wsign-compare -fno-omit-frame-pointer -mno-omit-leaf-frame-pointer -g -Og -Wall    -std=c11 -Wextra -Wno-unused-parameter -Wno-missing-field-initializers -Wstrict-prototypes -Werror=implicit-function-declaration -fvisibility=hidden -D_Py_TIER2=1 -D_Py_JIT  -I../../Include/internal -I../../Include/internal/mimalloc -IObjects -IInclude -IPython -I. -I../../Include    -fPIC -fsanitize=undefined -fsanitize=address -fno-omit-frame-pointer  -fno-strict-overflow -Wsign-compare -fno-omit-frame-pointer -mno-omit-leaf-frame-pointer -g -Og -Wall    -std=c11 -Wextra -Wno-unused-parameter -Wno-missing-field-initializers -Wstrict-prototypes -Werror=implicit-function-declaration -fvisibility=hidden -D_Py_TIER2=1 -D_Py_JIT  -I../../Include/internal -I../../Include/internal/mimalloc -IObjects -IInclude -IPython -I. -I../../Include    -fPIC -c ../../Modules/blake2module.c -o Modules/blake2module.o
clang -I../../Modules/_hacl -I../../Modules/_hacl/include -D_BSD_SOURCE -D_DEFAULT_SOURCE -fsanitize=undefined -fsanitize=address -fno-omit-frame-pointer  -fno-strict-overflow -Wsign-compare -fno-omit-frame-pointer -mno-omit-leaf-frame-pointer -g -Og -Wall    -std=c11 -Wextra -Wno-unused-parameter -Wno-missing-field-initializers -Wstrict-prototypes -Werror=implicit-function-declaration -fvisibility=hidden -D_Py_TIER2=1 -D_Py_JIT  -I../../Include/internal -I../../Include/internal/mimalloc -IObjects -IInclude -IPython -I. -I../../Include    -fPIC -fsanitize=undefined -fsanitize=address -fno-omit-frame-pointer  -fno-strict-overflow -Wsign-compare -fno-omit-frame-pointer -mno-omit-leaf-frame-pointer -g -Og -Wall    -std=c11 -Wextra -Wno-unused-parameter -Wno-missing-field-initializers -Wstrict-prototypes -Werror=implicit-function-declaration -fvisibility=hidden -D_Py_TIER2=1 -D_Py_JIT  -I../../Include/internal -I../../Include/internal/mimalloc -IObjects -IInclude -IPython -I. -I../../Include    -fPIC -c ../../Modules/hmacmodule.c -o Modules/hmacmodule.o
rm -f Modules/expat/libexpat.a
ar rcs Modules/expat/libexpat.a Modules/expat/xmlparse.o Modules/expat/xmlrole.o Modules/expat/xmltok.o
clang -shared -fsanitize=undefined -fsanitize=address      Modules/cjkcodecs/_codecs_cn.o   -o Modules/_codecs_cn.cpython-315d-x86_64-linux-gnu.so
clang -shared -fsanitize=undefined -fsanitize=address      Modules/cjkcodecs/_codecs_hk.o   -o Modules/_codecs_hk.cpython-315d-x86_64-linux-gnu.so
clang -shared -fsanitize=undefined -fsanitize=address      Modules/cjkcodecs/_codecs_iso2022.o   -o Modules/_codecs_iso2022.cpython-315d-x86_64-linux-gnu.so
clang -shared -fsanitize=undefined -fsanitize=address      Modules/cjkcodecs/_codecs_jp.o   -o Modules/_codecs_jp.cpython-315d-x86_64-linux-gnu.so
clang -shared -fsanitize=undefined -fsanitize=address      Modules/cjkcodecs/_codecs_kr.o   -o Modules/_codecs_kr.cpython-315d-x86_64-linux-gnu.so
clang -shared -fsanitize=undefined -fsanitize=address      Modules/cjkcodecs/_codecs_tw.o   -o Modules/_codecs_tw.cpython-315d-x86_64-linux-gnu.so
clang -shared -fsanitize=undefined -fsanitize=address      Modules/cjkcodecs/multibytecodec.o   -o Modules/_multibytecodec.cpython-315d-x86_64-linux-gnu.so
clang -shared -fsanitize=undefined -fsanitize=address      Modules/unicodedata.o   -o Modules/unicodedata.cpython-315d-x86_64-linux-gnu.so
clang -shared -fsanitize=undefined -fsanitize=address      Modules/fcntlmodule.o   -o Modules/fcntl.cpython-315d-x86_64-linux-gnu.so
clang -shared -fsanitize=undefined -fsanitize=address      Modules/grpmodule.o   -o Modules/grp.cpython-315d-x86_64-linux-gnu.so
clang -shared -fsanitize=undefined -fsanitize=address      Modules/mmapmodule.o   -o Modules/mmap.cpython-315d-x86_64-linux-gnu.so
clang -shared -fsanitize=undefined -fsanitize=address      Modules/_posixsubprocess.o   -o Modules/_posixsubprocess.cpython-315d-x86_64-linux-gnu.so
clang -shared -fsanitize=undefined -fsanitize=address      Modules/resource.o   -o Modules/resource.cpython-315d-x86_64-linux-gnu.so
clang -shared -fsanitize=undefined -fsanitize=address      Modules/selectmodule.o   -o Modules/select.cpython-315d-x86_64-linux-gnu.so
clang -shared -fsanitize=undefined -fsanitize=address      Modules/socketmodule.o   -o Modules/_socket.cpython-315d-x86_64-linux-gnu.so
clang -shared -fsanitize=undefined -fsanitize=address      Modules/syslogmodule.o   -o Modules/syslog.cpython-315d-x86_64-linux-gnu.so
clang -shared -fsanitize=undefined -fsanitize=address      Modules/termios.o   -o Modules/termios.cpython-315d-x86_64-linux-gnu.so
clang -shared -fsanitize=undefined -fsanitize=address      Modules/_multiprocessing/posixshmem.o   -o Modules/_posixshmem.cpython-315d-x86_64-linux-gnu.so
clang -shared -fsanitize=undefined -fsanitize=address      Modules/_multiprocessing/multiprocessing.o Modules/_multiprocessing/semaphore.o   -o Modules/_multiprocessing.cpython-315d-x86_64-linux-gnu.so
clang -shared -fsanitize=undefined -fsanitize=address      Modules/_ctypes/_ctypes.o Modules/_ctypes/callbacks.o Modules/_ctypes/callproc.o Modules/_ctypes/stgdict.o Modules/_ctypes/cfield.o -lffi  -ldl  -o Modules/_ctypes.cpython-315d-x86_64-linux-gnu.so
clang -shared -fsanitize=undefined -fsanitize=address      Modules/_cursesmodule.o -lncursesw -ltinfo   -o Modules/_curses.cpython-315d-x86_64-linux-gnu.so
clang -shared -fsanitize=undefined -fsanitize=address      Modules/_curses_panel.o -lpanelw  -lncursesw -ltinfo   -o Modules/_curses_panel.cpython-315d-x86_64-linux-gnu.so
clang -shared -fsanitize=undefined -fsanitize=address      Modules/_sqlite/blob.o Modules/_sqlite/connection.o Modules/_sqlite/cursor.o Modules/_sqlite/microprotocols.o Modules/_sqlite/module.o Modules/_sqlite/prepare_protocol.o Modules/_sqlite/row.o Modules/_sqlite/statement.o Modules/_sqlite/util.o -lsqlite3   -o Modules/_sqlite3.cpython-315d-x86_64-linux-gnu.so
clang -shared -fsanitize=undefined -fsanitize=address      Modules/_ssl.o -lssl -lcrypto   -o Modules/_ssl.cpython-315d-x86_64-linux-gnu.so
clang -shared -fsanitize=undefined -fsanitize=address      Modules/_hashopenssl.o -lcrypto  -o Modules/_hashlib.cpython-315d-x86_64-linux-gnu.so
clang -shared -fsanitize=undefined -fsanitize=address      Modules/_uuidmodule.o -luuid   -o Modules/_uuid.cpython-315d-x86_64-linux-gnu.so
clang -shared -fsanitize=undefined -fsanitize=address      Modules/_tkinter.o Modules/tkappinit.o -ltk8.6 -ltkstub8.6 -ltcl8.6 -ltclstub8.6   -o Modules/_tkinter.cpython-315d-x86_64-linux-gnu.so
clang -shared -fsanitize=undefined -fsanitize=address      Modules/xxsubtype.o   -o Modules/xxsubtype.cpython-315d-x86_64-linux-gnu.so
clang -shared -fsanitize=undefined -fsanitize=address      Modules/_xxtestfuzz/_xxtestfuzz.o Modules/_xxtestfuzz/fuzzer.o   -o Modules/_xxtestfuzz.cpython-315d-x86_64-linux-gnu.so
clang -shared -fsanitize=undefined -fsanitize=address      Modules/_testbuffer.o   -o Modules/_testbuffer.cpython-315d-x86_64-linux-gnu.so
clang -shared -fsanitize=undefined -fsanitize=address      Modules/_testinternalcapi.o Modules/_testinternalcapi/test_lock.o Modules/_testinternalcapi/pytime.o Modules/_testinternalcapi/set.o Modules/_testinternalcapi/test_critical_sections.o Modules/_testinternalcapi/complex.o   -o Modules/_testinternalcapi.cpython-315d-x86_64-linux-gnu.so
clang -shared -fsanitize=undefined -fsanitize=address      Modules/_testcapimodule.o Modules/_testcapi/vectorcall.o Modules/_testcapi/heaptype.o Modules/_testcapi/abstract.o Modules/_testcapi/unicode.o Modules/_testcapi/dict.o Modules/_testcapi/set.o Modules/_testcapi/list.o Modules/_testcapi/tuple.o Modules/_testcapi/getargs.o Modules/_testcapi/datetime.o Modules/_testcapi/docstring.o Modules/_testcapi/mem.o Modules/_testcapi/watchers.o Modules/_testcapi/long.o Modules/_testcapi/float.o Modules/_testcapi/complex.o Modules/_testcapi/numbers.o Modules/_testcapi/structmember.o Modules/_testcapi/exceptions.o Modules/_testcapi/code.o Modules/_testcapi/buffer.o Modules/_testcapi/pyatomic.o Modules/_testcapi/run.o Modules/_testcapi/file.o Modules/_testcapi/codec.o Modules/_testcapi/immortal.o Modules/_testcapi/gc.o Modules/_testcapi/hash.o Modules/_testcapi/time.o Modules/_testcapi/bytes.o Modules/_testcapi/object.o Modules/_testcapi/modsupport.o Modules/_testcapi/monitoring.o Modules/_testcapi/config.o Modules/_testcapi/import.o Modules/_testcapi/frame.o Modules/_testcapi/type.o Modules/_testcapi/function.o Modules/_testcapi/module.o   -o Modules/_testcapi.cpython-315d-x86_64-linux-gnu.so
clang -shared -fsanitize=undefined -fsanitize=address      Modules/_testlimitedcapi.o Modules/_testlimitedcapi/abstract.o Modules/_testlimitedcapi/bytearray.o Modules/_testlimitedcapi/bytes.o Modules/_testlimitedcapi/codec.o Modules/_testlimitedcapi/complex.o Modules/_testlimitedcapi/dict.o Modules/_testlimitedcapi/eval.o Modules/_testlimitedcapi/float.o Modules/_testlimitedcapi/heaptype_relative.o Modules/_testlimitedcapi/import.o Modules/_testlimitedcapi/list.o Modules/_testlimitedcapi/long.o Modules/_testlimitedcapi/object.o Modules/_testlimitedcapi/pyos.o Modules/_testlimitedcapi/set.o Modules/_testlimitedcapi/sys.o Modules/_testlimitedcapi/tuple.o Modules/_testlimitedcapi/unicode.o Modules/_testlimitedcapi/vectorcall_limited.o Modules/_testlimitedcapi/version.o Modules/_testlimitedcapi/file.o   -o Modules/_testlimitedcapi.cpython-315d-x86_64-linux-gnu.so
clang -shared -fsanitize=undefined -fsanitize=address      Modules/_testclinic.o   -o Modules/_testclinic.cpython-315d-x86_64-linux-gnu.so
clang -shared -fsanitize=undefined -fsanitize=address      Modules/_testclinic_limited.o   -o Modules/_testclinic_limited.cpython-315d-x86_64-linux-gnu.so
clang -shared -fsanitize=undefined -fsanitize=address      Modules/_testimportmultiple.o   -o Modules/_testimportmultiple.cpython-315d-x86_64-linux-gnu.so
clang -shared -fsanitize=undefined -fsanitize=address      Modules/_testmultiphase.o   -o Modules/_testmultiphase.cpython-315d-x86_64-linux-gnu.so
clang -shared -fsanitize=undefined -fsanitize=address      Modules/_testsinglephase.o   -o Modules/_testsinglephase.cpython-315d-x86_64-linux-gnu.so
clang -shared -fsanitize=undefined -fsanitize=address      Modules/xxlimited.o   -o Modules/xxlimited.cpython-315d-x86_64-linux-gnu.so
clang -shared -fsanitize=undefined -fsanitize=address      Modules/xxlimited_35.o   -o Modules/xxlimited_35.cpython-315d-x86_64-linux-gnu.so
clang -shared -fsanitize=undefined -fsanitize=address      Modules/md5module.o Modules/_hacl/Hacl_Hash_MD5.o  -o Modules/_md5.cpython-315d-x86_64-linux-gnu.so
clang -shared -fsanitize=undefined -fsanitize=address      Modules/sha1module.o Modules/_hacl/Hacl_Hash_SHA1.o  -o Modules/_sha1.cpython-315d-x86_64-linux-gnu.so
clang -shared -fsanitize=undefined -fsanitize=address      Modules/sha2module.o Modules/_hacl/Hacl_Hash_SHA2.o  -o Modules/_sha2.cpython-315d-x86_64-linux-gnu.so
clang -shared -fsanitize=undefined -fsanitize=address      Modules/sha3module.o Modules/_hacl/Hacl_Hash_SHA3.o  -o Modules/_sha3.cpython-315d-x86_64-linux-gnu.so
clang -shared -fsanitize=undefined -fsanitize=address      Modules/blake2module.o Modules/_hacl/Hacl_Hash_Blake2s.o Modules/_hacl/Hacl_Hash_Blake2b.o Modules/_hacl/Lib_Memzero0.o Modules/_hacl/Hacl_Hash_Blake2s_Simd128.o Modules/_hacl/Hacl_Hash_Blake2b_Simd256.o  -o Modules/_blake2.cpython-315d-x86_64-linux-gnu.so
clang -shared -fsanitize=undefined -fsanitize=address      Modules/hmacmodule.o Modules/_hacl/Hacl_HMAC.o Modules/_hacl/Hacl_Streaming_HMAC.o Modules/_hacl/Hacl_Hash_MD5.o Modules/_hacl/Hacl_Hash_SHA1.o Modules/_hacl/Hacl_Hash_SHA2.o Modules/_hacl/Hacl_Hash_SHA3.o Modules/_hacl/Hacl_Hash_Blake2s.o Modules/_hacl/Hacl_Hash_Blake2b.o Modules/_hacl/Lib_Memzero0.o Modules/_hacl/Hacl_Hash_Blake2s_Simd128.o Modules/_hacl/Hacl_Hash_Blake2b_Simd256.o  -o Modules/_hmac.cpython-315d-x86_64-linux-gnu.so
clang -I../../Modules/expat -fsanitize=undefined -fsanitize=address -fno-omit-frame-pointer  -fno-strict-overflow -Wsign-compare -fno-omit-frame-pointer -mno-omit-leaf-frame-pointer -g -Og -Wall    -std=c11 -Wextra -Wno-unused-parameter -Wno-missing-field-initializers -Wstrict-prototypes -Werror=implicit-function-declaration -fvisibility=hidden -D_Py_TIER2=1 -D_Py_JIT  -I../../Include/internal -I../../Include/internal/mimalloc -IObjects -IInclude -IPython -I. -I../../Include    -fPIC -c ../../Modules/pyexpat.c -o Modules/pyexpat.o
clang -I../../Modules/expat -fsanitize=undefined -fsanitize=address -fno-omit-frame-pointer  -fno-strict-overflow -Wsign-compare -fno-omit-frame-pointer -mno-omit-leaf-frame-pointer -g -Og -Wall    -std=c11 -Wextra -Wno-unused-parameter -Wno-missing-field-initializers -Wstrict-prototypes -Werror=implicit-function-declaration -fvisibility=hidden -D_Py_TIER2=1 -D_Py_JIT  -I../../Include/internal -I../../Include/internal/mimalloc -IObjects -IInclude -IPython -I. -I../../Include    -fPIC -c ../../Modules/_elementtree.c -o Modules/_elementtree.o
clang -shared -fsanitize=undefined -fsanitize=address      Modules/_ctypes/_ctypes_test.o -lffi  -ldl -lm  -o Modules/_ctypes_test.cpython-315d-x86_64-linux-gnu.so
clang -shared -fsanitize=undefined -fsanitize=address      Modules/pyexpat.o -lm Modules/expat/libexpat.a  -o Modules/pyexpat.cpython-315d-x86_64-linux-gnu.so
clang -shared -fsanitize=undefined -fsanitize=address      Modules/_elementtree.o   -o Modules/_elementtree.cpython-315d-x86_64-linux-gnu.so
clang -c -fsanitize=undefined -fsanitize=address -fno-omit-frame-pointer  -fno-strict-overflow -Wsign-compare -fno-omit-frame-pointer -mno-omit-leaf-frame-pointer -g -Og -Wall    -std=c11 -Wextra -Wno-unused-parameter -Wno-missing-field-initializers -Wstrict-prototypes -Werror=implicit-function-declaration -fvisibility=hidden -D_Py_TIER2=1 -D_Py_JIT  -I../../Include/internal -I../../Include/internal/mimalloc -IObjects -IInclude -IPython -I. -I../../Include    -DPy_BUILD_CORE \
      -DGITVERSION="\"`LC_ALL=C git --git-dir ../../.git rev-parse --short HEAD`\"" \
      -DGITTAG="\"`LC_ALL=C git --git-dir ../../.git describe --all --always --dirty`\"" \
      -DGITBRANCH="\"`LC_ALL=C git --git-dir ../../.git name-rev --name-only HEAD`\"" \
      -o Modules/getbuildinfo.o ../../Modules/getbuildinfo.c
clang -fsanitize=undefined -fsanitize=address     -o Programs/_freeze_module Programs/_freeze_module.o Modules/getpath_noop.o Modules/getbuildinfo.o Parser/token.o  Parser/pegen.o Parser/pegen_errors.o Parser/action_helpers.o Parser/parser.o Parser/string_parser.o Parser/peg_api.o Parser/lexer/buffer.o Parser/lexer/lexer.o Parser/lexer/state.o Parser/tokenizer/file_tokenizer.o Parser/tokenizer/readline_tokenizer.o Parser/tokenizer/string_tokenizer.o Parser/tokenizer/utf8_tokenizer.o Parser/tokenizer/helpers.o Parser/myreadline.o Objects/abstract.o Objects/boolobject.o Objects/bytes_methods.o Objects/bytearrayobject.o Objects/bytesobject.o Objects/call.o Objects/capsule.o Objects/cellobject.o Objects/classobject.o Objects/codeobject.o Objects/complexobject.o Objects/descrobject.o Objects/enumobject.o Objects/exceptions.o Objects/genericaliasobject.o Objects/genobject.o Objects/fileobject.o Objects/floatobject.o Objects/frameobject.o Objects/funcobject.o Objects/interpolationobject.o Objects/iterobject.o Objects/listobject.o Objects/longobject.o Objects/dictobject.o Objects/odictobject.o Objects/memoryobject.o Objects/methodobject.o Objects/moduleobject.o Objects/namespaceobject.o Objects/object.o Objects/obmalloc.o Objects/picklebufobject.o Objects/rangeobject.o Objects/setobject.o Objects/sliceobject.o Objects/structseq.o Objects/templateobject.o Objects/tupleobject.o Objects/typeobject.o Objects/typevarobject.o Objects/unicode_format.o Objects/unicode_formatter.o Objects/unicode_writer.o Objects/unicodectype.o Objects/unicodeobject.o Objects/unionobject.o Objects/weakrefobject.o Python/asm_trampoline.o Python/_contextvars.o Python/_warnings.o Python/Python-ast.o Python/Python-tokenize.o Python/asdl.o Python/assemble.o Python/ast.o Python/ast_preprocess.o Python/ast_unparse.o Python/bltinmodule.o Python/brc.o Python/ceval.o Python/codecs.o Python/codegen.o Python/compile.o Python/context.o Python/critical_section.o Python/crossinterp.o Python/dynamic_annotations.o Python/errors.o Python/flowgraph.o Python/frame.o Python/frozenmain.o Python/future.o Python/gc.o Python/gc_free_threading.o Python/gc_gil.o Python/getargs.o Python/getcompiler.o Python/getcopyright.o Python/getplatform.o Python/getversion.o Python/ceval_gil.o Python/hamt.o Python/hashtable.o Python/import.o Python/importdl.o Python/index_pool.o Python/initconfig.o Python/interpconfig.o Python/instrumentation.o Python/instruction_sequence.o Python/intrinsics.o Python/jit.o Python/legacy_tracing.o Python/lock.o Python/marshal.o Python/modsupport.o Python/mysnprintf.o Python/mystrtoul.o Python/object_stack.o Python/optimizer.o Python/optimizer_analysis.o Python/optimizer_symbols.o Python/parking_lot.o Python/pathconfig.o Python/preconfig.o Python/pyarena.o Python/pyctype.o Python/pyfpe.o Python/pyhash.o Python/pylifecycle.o Python/pymath.o Python/pystate.o Python/pystats.o Python/pythonrun.o Python/pytime.o Python/qsbr.o Python/bootstrap_hash.o Python/specialize.o Python/stackrefs.o Python/structmember.o Python/symtable.o Python/sysmodule.o Python/thread.o Python/traceback.o Python/tracemalloc.o Python/uniqueid.o Python/getopt.o Python/pystrcmp.o Python/pystrtod.o Python/pystrhex.o Python/dtoa.o Python/fileutils.o Python/suggestions.o Python/perf_trampoline.o Python/perf_jit_trampoline.o Python/remote_debugging.o Python/dynload_shlib.o     Modules/config.o Modules/main.o Modules/gcmodule.o Modules/_asynciomodule.o  Modules/atexitmodule.o  Modules/faulthandler.o  Modules/posixmodule.o  Modules/signalmodule.o  Modules/_tracemalloc.o  Modules/_suggestions.o  Modules/_datetimemodule.o  Modules/_codecsmodule.o  Modules/_collectionsmodule.o  Modules/errnomodule.o  Modules/_io/_iomodule.o Modules/_io/iobase.o Modules/_io/fileio.o Modules/_io/bytesio.o Modules/_io/bufferedio.o Modules/_io/textio.o Modules/_io/stringio.o  Modules/itertoolsmodule.o  Modules/_sre/sre.o  Modules/_sysconfig.o  Modules/_threadmodule.o  Modules/timemodule.o  Modules/_typesmodule.o  Modules/_typingmodule.o  Modules/_weakref.o  Modules/_abc.o  Modules/_functoolsmodule.o  Modules/_localemodule.o  Modules/_opcode.o  Modules/_operator.o  Modules/_stat.o  Modules/symtablemodule.o  Modules/pwdmodule.o -ldl         -lm                      -lm 
./Programs/_freeze_module getpath ../../Modules/getpath.py Python/frozen_modules/getpath.h
./Programs/_freeze_module importlib._bootstrap ../../Lib/importlib/_bootstrap.py Python/frozen_modules/importlib._bootstrap.h
./Programs/_freeze_module importlib._bootstrap_external ../../Lib/importlib/_bootstrap_external.py Python/frozen_modules/importlib._bootstrap_external.h
./Programs/_freeze_module zipimport ../../Lib/zipimport.py Python/frozen_modules/zipimport.h
clang -c -fsanitize=undefined -fsanitize=address -fno-omit-frame-pointer  -fno-strict-overflow -Wsign-compare -fno-omit-frame-pointer -mno-omit-leaf-frame-pointer -g -Og -Wall    -std=c11 -Wextra -Wno-unused-parameter -Wno-missing-field-initializers -Wstrict-prototypes -Werror=implicit-function-declaration -fvisibility=hidden -D_Py_TIER2=1 -D_Py_JIT  -I../../Include/internal -I../../Include/internal/mimalloc -IObjects -IInclude -IPython -I. -I../../Include    -DPy_BUILD_CORE -DPYTHONPATH='""' \
	-DPREFIX='"/usr/local"' \
	-DEXEC_PREFIX='"/usr/local"' \
	-DVERSION='"3.15"' \
	-DVPATH='"../.."' \
	-DPLATLIBDIR='"lib"' \
	-DPYTHONFRAMEWORK='""' \
	-o Modules/getpath.o ../../Modules/getpath.c
clang -c -fsanitize=undefined -fsanitize=address -fno-omit-frame-pointer  -fno-strict-overflow -Wsign-compare -fno-omit-frame-pointer -mno-omit-leaf-frame-pointer -g -Og -Wall    -std=c11 -Wextra -Wno-unused-parameter -Wno-missing-field-initializers -Wstrict-prototypes -Werror=implicit-function-declaration -fvisibility=hidden -D_Py_TIER2=1 -D_Py_JIT  -I../../Include/internal -I../../Include/internal/mimalloc -IObjects -IInclude -IPython -I. -I../../Include    -DPy_BUILD_CORE -o Programs/_bootstrap_python.o ../../Programs/_bootstrap_python.c
clang -fsanitize=undefined -fsanitize=address     -o _bootstrap_python Modules/getbuildinfo.o Parser/token.o  Parser/pegen.o Parser/pegen_errors.o Parser/action_helpers.o Parser/parser.o Parser/string_parser.o Parser/peg_api.o Parser/lexer/buffer.o Parser/lexer/lexer.o Parser/lexer/state.o Parser/tokenizer/file_tokenizer.o Parser/tokenizer/readline_tokenizer.o Parser/tokenizer/string_tokenizer.o Parser/tokenizer/utf8_tokenizer.o Parser/tokenizer/helpers.o Parser/myreadline.o Objects/abstract.o Objects/boolobject.o Objects/bytes_methods.o Objects/bytearrayobject.o Objects/bytesobject.o Objects/call.o Objects/capsule.o Objects/cellobject.o Objects/classobject.o Objects/codeobject.o Objects/complexobject.o Objects/descrobject.o Objects/enumobject.o Objects/exceptions.o Objects/genericaliasobject.o Objects/genobject.o Objects/fileobject.o Objects/floatobject.o Objects/frameobject.o Objects/funcobject.o Objects/interpolationobject.o Objects/iterobject.o Objects/listobject.o Objects/longobject.o Objects/dictobject.o Objects/odictobject.o Objects/memoryobject.o Objects/methodobject.o Objects/moduleobject.o Objects/namespaceobject.o Objects/object.o Objects/obmalloc.o Objects/picklebufobject.o Objects/rangeobject.o Objects/setobject.o Objects/sliceobject.o Objects/structseq.o Objects/templateobject.o Objects/tupleobject.o Objects/typeobject.o Objects/typevarobject.o Objects/unicode_format.o Objects/unicode_formatter.o Objects/unicode_writer.o Objects/unicodectype.o Objects/unicodeobject.o Objects/unionobject.o Objects/weakrefobject.o Python/asm_trampoline.o Python/_contextvars.o Python/_warnings.o Python/Python-ast.o Python/Python-tokenize.o Python/asdl.o Python/assemble.o Python/ast.o Python/ast_preprocess.o Python/ast_unparse.o Python/bltinmodule.o Python/brc.o Python/ceval.o Python/codecs.o Python/codegen.o Python/compile.o Python/context.o Python/critical_section.o Python/crossinterp.o Python/dynamic_annotations.o Python/errors.o Python/flowgraph.o Python/frame.o Python/frozenmain.o Python/future.o Python/gc.o Python/gc_free_threading.o Python/gc_gil.o Python/getargs.o Python/getcompiler.o Python/getcopyright.o Python/getplatform.o Python/getversion.o Python/ceval_gil.o Python/hamt.o Python/hashtable.o Python/import.o Python/importdl.o Python/index_pool.o Python/initconfig.o Python/interpconfig.o Python/instrumentation.o Python/instruction_sequence.o Python/intrinsics.o Python/jit.o Python/legacy_tracing.o Python/lock.o Python/marshal.o Python/modsupport.o Python/mysnprintf.o Python/mystrtoul.o Python/object_stack.o Python/optimizer.o Python/optimizer_analysis.o Python/optimizer_symbols.o Python/parking_lot.o Python/pathconfig.o Python/preconfig.o Python/pyarena.o Python/pyctype.o Python/pyfpe.o Python/pyhash.o Python/pylifecycle.o Python/pymath.o Python/pystate.o Python/pystats.o Python/pythonrun.o Python/pytime.o Python/qsbr.o Python/bootstrap_hash.o Python/specialize.o Python/stackrefs.o Python/structmember.o Python/symtable.o Python/sysmodule.o Python/thread.o Python/traceback.o Python/tracemalloc.o Python/uniqueid.o Python/getopt.o Python/pystrcmp.o Python/pystrtod.o Python/pystrhex.o Python/dtoa.o Python/fileutils.o Python/suggestions.o Python/perf_trampoline.o Python/perf_jit_trampoline.o Python/remote_debugging.o Python/dynload_shlib.o     Modules/config.o Modules/main.o Modules/gcmodule.o Modules/_asynciomodule.o  Modules/atexitmodule.o  Modules/faulthandler.o  Modules/posixmodule.o  Modules/signalmodule.o  Modules/_tracemalloc.o  Modules/_suggestions.o  Modules/_datetimemodule.o  Modules/_codecsmodule.o  Modules/_collectionsmodule.o  Modules/errnomodule.o  Modules/_io/_iomodule.o Modules/_io/iobase.o Modules/_io/fileio.o Modules/_io/bytesio.o Modules/_io/bufferedio.o Modules/_io/textio.o Modules/_io/stringio.o  Modules/itertoolsmodule.o  Modules/_sre/sre.o  Modules/_sysconfig.o  Modules/_threadmodule.o  Modules/timemodule.o  Modules/_typesmodule.o  Modules/_typingmodule.o  Modules/_weakref.o  Modules/_abc.o  Modules/_functoolsmodule.o  Modules/_localemodule.o  Modules/_opcode.o  Modules/_operator.o  Modules/_stat.o  Modules/symtablemodule.o  Modules/pwdmodule.o \
	Programs/_bootstrap_python.o Modules/getpath.o -ldl         -lm                      -lm 
./_bootstrap_python ../../Programs/_freeze_module.py abc ../../Lib/abc.py Python/frozen_modules/abc.h
./_bootstrap_python ../../Programs/_freeze_module.py codecs ../../Lib/codecs.py Python/frozen_modules/codecs.h
./_bootstrap_python ../../Programs/_freeze_module.py io ../../Lib/io.py Python/frozen_modules/io.h
./_bootstrap_python ../../Programs/_freeze_module.py _collections_abc ../../Lib/_collections_abc.py Python/frozen_modules/_collections_abc.h
./_bootstrap_python ../../Programs/_freeze_module.py _sitebuiltins ../../Lib/_sitebuiltins.py Python/frozen_modules/_sitebuiltins.h
./_bootstrap_python ../../Programs/_freeze_module.py genericpath ../../Lib/genericpath.py Python/frozen_modules/genericpath.h
./_bootstrap_python ../../Programs/_freeze_module.py ntpath ../../Lib/ntpath.py Python/frozen_modules/ntpath.h
./_bootstrap_python ../../Programs/_freeze_module.py posixpath ../../Lib/posixpath.py Python/frozen_modules/posixpath.h
AddressSanitizer:DEADLYSIGNAL
=================================================================
==27889==ERROR: AddressSanitizer: SEGV on unknown address 0x760b82244ff8 (pc 0x640dff9082d7 bp 0x7ffcd83a7e30 sp 0x7ffcd83a2000 T0)
==27889==The signal is caused by a READ memory access.
AddressSanitizer:DEADLYSIGNAL
=================================================================
==27893==ERROR: AddressSanitizer: SEGV on unknown address 0x7a095dc5eff8 (pc 0x6287c78902d7 bp 0x7ffdadfb9110 sp 0x7ffdadfb32e0 T0)
==27893==The signal is caused by a READ memory access.
AddressSanitizer:DEADLYSIGNAL
=================================================================
==27895==ERROR: AddressSanitizer: SEGV on unknown address 0x7f6b38042ff8 (pc 0x596366bb82d7 bp 0x7fff99192db0 sp 0x7fff9918cf80 T0)
==27895==The signal is caused by a READ memory access.
AddressSanitizer:DEADLYSIGNAL
=================================================================
==27884==ERROR: AddressSanitizer: SEGV on unknown address 0x738f3230cff8 (pc 0x60a57e4d22d7 bp 0x7ffd2fc05390 sp 0x7ffd2fbff560 T0)
==27884==The signal is caused by a READ memory access.
AddressSanitizer:DEADLYSIGNAL
=================================================================
==27897==ERROR: AddressSanitizer: SEGV on unknown address 0x7d01b2e44ff8 (pc 0x6303dbefd2d7 bp 0x7ffef3132ed0 sp 0x7ffef312d0a0 T0)
==27897==The signal is caused by a READ memory access.
AddressSanitizer:DEADLYSIGNAL
=================================================================
==27886==ERROR: AddressSanitizer: SEGV on unknown address 0x7ab159846ff8 (pc 0x5e27955282d7 bp 0x7ffc1be494f0 sp 0x7ffc1be436c0 T0)
==27886==The signal is caused by a READ memory access.
AddressSanitizer:DEADLYSIGNAL
=================================================================
==27896==ERROR: AddressSanitizer: SEGV on unknown address 0x7bfdd2b20ff8 (pc 0x640df62892d7 bp 0x7fff68ce51b0 sp 0x7fff68cdf380 T0)
==27896==The signal is caused by a READ memory access.
    #0 0x640dff9082d7 in _Py_LazyJitTrampoline /home/shamil/oss/cpython/main/build/debug/../../Python/jit.c:693:12
    #1 0x640dff54a929 in _PyEval_EvalFrameDefault /home/shamil/oss/cpython/main/build/debug/../../Python/generated_cases.c.h:5495:13
    #2 0x640dff0c63a3 in _PyEval_EvalFrame /home/shamil/oss/cpython/main/build/debug/../../Include/internal/pycore_ceval.h:121:16
    #3 0x640dff0c63a3 in gen_send_ex2 /home/shamil/oss/cpython/main/build/debug/../../Objects/genobject.c:259:24
    #4 0x640dff0be420 in gen_iternext /home/shamil/oss/cpython/main/build/debug/../../Objects/genobject.c:635:9
    #5 0x640dff12087a in list_extend_iter_lock_held /home/shamil/oss/cpython/main/build/debug/../../Objects/listobject.c:1263:26
    #6 0x640dff116615 in _list_extend /home/shamil/oss/cpython/main/build/debug/../../Objects/listobject.c:1452:15
    #7 0x640dff115e50 in list_extend_impl /home/shamil/oss/cpython/main/build/debug/../../Objects/listobject.c:1471:9
    #8 0x640dff115e50 in list_extend /home/shamil/oss/cpython/main/build/debug/../../Objects/clinic/listobject.c.h:145:20
    #9 0x640dff115e50 in _PyList_Extend /home/shamil/oss/cpython/main/build/debug/../../Objects/listobject.c:1480:12
    #10 0x640dfefe417e in PySequence_List /home/shamil/oss/cpython/main/build/debug/../../Objects/abstract.c:2086:10
    #11 0x640dfefe417e in PySequence_Fast /home/shamil/oss/cpython/main/build/debug/../../Objects/abstract.c:2117:9
    #12 0x640dff39ccea in PyUnicode_Join /home/shamil/oss/cpython/main/build/debug/../../Objects/unicodeobject.c:9960:12
    #13 0x640dff5610e3 in _PyEval_EvalFrameDefault /home/shamil/oss/cpython/main/build/debug/../../Python/generated_cases.c.h:3902:35
    #14 0x640dff50ea2c in _PyEval_Vector /home/shamil/oss/cpython/main/build/debug/../../Python/ceval.c:2104:12
    #15 0x640dff50ea2c in PyEval_EvalCode /home/shamil/oss/cpython/main/build/debug/../../Python/ceval.c:944:21
    #16 0x640dffa10cdb in run_mod /home/shamil/oss/cpython/main/build/debug/../../Python/pythonrun.c:1475:19
    #17 0x640dffa0bbb5 in pyrun_file /home/shamil/oss/cpython/main/build/debug/../../Python/pythonrun.c:1300:15
    #18 0x640dffa0a102 in _PyRun_SimpleFileObject /home/shamil/oss/cpython/main/build/debug/../../Python/pythonrun.c:521:13
    #19 0x640dffa0975e in _PyRun_AnyFileObject /home/shamil/oss/cpython/main/build/debug/../../Python/pythonrun.c:81:15
    #20 0x640dffab25c8 in pymain_run_file_obj /home/shamil/oss/cpython/main/build/debug/../../Modules/main.c:410:15
    #21 0x640dffab25c8 in pymain_run_file /home/shamil/oss/cpython/main/build/debug/../../Modules/main.c:429:15
    #22 0x640dffab08f3 in pymain_run_python /home/shamil/oss/cpython/main/build/debug/../../Modules/main.c:691:21
    #23 0x640dffab08f3 in Py_RunMain /home/shamil/oss/cpython/main/build/debug/../../Modules/main.c:772:5
    #24 0x640dffd0c6fc in main /home/shamil/oss/cpython/main/build/debug/../../Programs/_bootstrap_python.c:100:12
    #25 0x760b8202a574 in __libc_start_call_main csu/../sysdeps/nptl/libc_start_call_main.h:58:16
    #26 0x760b8202a627 in __libc_start_main csu/../csu/libc-start.c:360:3
    #27 0x640dfebc27e4 in _start (/home/shamil/oss/cpython/main/build/debug/_bootstrap_python+0x96d7e4) (BuildId: eca5f9f98e5bcbff749d69eec38c243aec8016c3)

==27889==Register values:
rax = 0x0000760b82245000  rbx = 0x0000731b815885e8  rcx = 0x0000000000000000  rdx = 0x0000000000000005  
rdi = 0x0000760b82245000  rsi = 0x0000000000001000  rbp = 0x00007ffcd83a7e30  rsp = 0x00007ffcd83a2000  
 r8 = 0x00000ec170448a00   r9 = 0x0000760b8224501e  r10 = 0x00000ec170448a03  r11 = 0x0000000000000202  
r12 = 0x0000640e008d76a0  r13 = 0x0000731b81588658  r14 = 0x00000c81c009cfa4  r15 = 0x0000640e004e7d20  
AddressSanitizer can not provide additional info.
SUMMARY: AddressSanitizer: SEGV /home/shamil/oss/cpython/main/build/debug/../../Python/jit.c:693:12 in _Py_LazyJitTrampoline
==27889==ABORTING
    #0 0x6287c78902d7 in _Py_LazyJitTrampoline /home/shamil/oss/cpython/main/build/debug/../../Python/jit.c:693:12
    #1 0x6287c74d2929 in _PyEval_EvalFrameDefault /home/shamil/oss/cpython/main/build/debug/../../Python/generated_cases.c.h:5495:13
    #2 0x6287c704e3a3 in _PyEval_EvalFrame /home/shamil/oss/cpython/main/build/debug/../../Include/internal/pycore_ceval.h:121:16
    #3 0x6287c704e3a3 in gen_send_ex2 /home/shamil/oss/cpython/main/build/debug/../../Objects/genobject.c:259:24
    #4 0x6287c7046420 in gen_iternext /home/shamil/oss/cpython/main/build/debug/../../Objects/genobject.c:635:9
    #5 0x6287c70a887a in list_extend_iter_lock_held /home/shamil/oss/cpython/main/build/debug/../../Objects/listobject.c:1263:26
    #6 0x6287c709e615 in _list_extend /home/shamil/oss/cpython/main/build/debug/../../Objects/listobject.c:1452:15
    #7 0x6287c709de50 in list_extend_impl /home/shamil/oss/cpython/main/build/debug/../../Objects/listobject.c:1471:9
    #8 0x6287c709de50 in list_extend /home/shamil/oss/cpython/main/build/debug/../../Objects/clinic/listobject.c.h:145:20
    #9 0x6287c709de50 in _PyList_Extend /home/shamil/oss/cpython/main/build/debug/../../Objects/listobject.c:1480:12
    #10 0x6287c6f6c17e in PySequence_List /home/shamil/oss/cpython/main/build/debug/../../Objects/abstract.c:2086:10
    #11 0x6287c6f6c17e in PySequence_Fast /home/shamil/oss/cpython/main/build/debug/../../Objects/abstract.c:2117:9
    #12 0x6287c7324cea in PyUnicode_Join /home/shamil/oss/cpython/main/build/debug/../../Objects/unicodeobject.c:9960:12
    #13 0x6287c74e90e3 in _PyEval_EvalFrameDefault /home/shamil/oss/cpython/main/build/debug/../../Python/generated_cases.c.h:3902:35
    #14 0x6287c7496a2c in _PyEval_Vector /home/shamil/oss/cpython/main/build/debug/../../Python/ceval.c:2104:12
    #15 0x6287c7496a2c in PyEval_EvalCode /home/shamil/oss/cpython/main/build/debug/../../Python/ceval.c:944:21
    #16 0x6287c7998cdb in run_mod /home/shamil/oss/cpython/main/build/debug/../../Python/pythonrun.c:1475:19
    #17 0x6287c7993bb5 in pyrun_file /home/shamil/oss/cpython/main/build/debug/../../Python/pythonrun.c:1300:15
    #18 0x6287c7992102 in _PyRun_SimpleFileObject /home/shamil/oss/cpython/main/build/debug/../../Python/pythonrun.c:521:13
    #19 0x6287c799175e in _PyRun_AnyFileObject /home/shamil/oss/cpython/main/build/debug/../../Python/pythonrun.c:81:15
    #20 0x6287c7a3a5c8 in pymain_run_file_obj /home/shamil/oss/cpython/main/build/debug/../../Modules/main.c:410:15
    #21 0x6287c7a3a5c8 in pymain_run_file /home/shamil/oss/cpython/main/build/debug/../../Modules/main.c:429:15
    #22 0x6287c7a388f3 in pymain_run_python /home/shamil/oss/cpython/main/build/debug/../../Modules/main.c:691:21
    #23 0x6287c7a388f3 in Py_RunMain /home/shamil/oss/cpython/main/build/debug/../../Modules/main.c:772:5
    #24 0x6287c7c946fc in main /home/shamil/oss/cpython/main/build/debug/../../Programs/_bootstrap_python.c:100:12
    #25 0x7a095da2a574 in __libc_start_call_main csu/../sysdeps/nptl/libc_start_call_main.h:58:16
    #26 0x7a095da2a627 in __libc_start_main csu/../csu/libc-start.c:360:3
    #27 0x6287c6b4a7e4 in _start (/home/shamil/oss/cpython/main/build/debug/_bootstrap_python+0x96d7e4) (BuildId: eca5f9f98e5bcbff749d69eec38c243aec8016c3)

==27893==Register values:
rax = 0x00007a095dc5f000  rbx = 0x000077195cf8f168  rcx = 0x0000000000000000  rdx = 0x0000000000000005  
rdi = 0x00007a095dc5f000  rsi = 0x0000000000001000  rbp = 0x00007ffdadfb9110  rsp = 0x00007ffdadfb32e0  
 r8 = 0x00000f412bb8be00   r9 = 0x00007a095dc5f01e  r10 = 0x00000f412bb8be03  r11 = 0x0000000000000202  
r12 = 0x00006287c885f6a0  r13 = 0x000077195cf8f1d8  r14 = 0x00000c50f908dfa4  r15 = 0x00006287c846fd20  
AddressSanitizer can not provide additional info.
SUMMARY: AddressSanitizer: SEGV /home/shamil/oss/cpython/main/build/debug/../../Python/jit.c:693:12 in _Py_LazyJitTrampoline
==27893==ABORTING
    #0 0x596366bb82d7 in _Py_LazyJitTrampoline /home/shamil/oss/cpython/main/build/debug/../../Python/jit.c:693:12
    #1 0x5963667fa929 in _PyEval_EvalFrameDefault /home/shamil/oss/cpython/main/build/debug/../../Python/generated_cases.c.h:5495:13
    #2 0x5963663763a3 in _PyEval_EvalFrame /home/shamil/oss/cpython/main/build/debug/../../Include/internal/pycore_ceval.h:121:16
    #3 0x5963663763a3 in gen_send_ex2 /home/shamil/oss/cpython/main/build/debug/../../Objects/genobject.c:259:24
    #4 0x59636636e420 in gen_iternext /home/shamil/oss/cpython/main/build/debug/../../Objects/genobject.c:635:9
    #5 0x5963663d087a in list_extend_iter_lock_held /home/shamil/oss/cpython/main/build/debug/../../Objects/listobject.c:1263:26
    #6 0x5963663c6615 in _list_extend /home/shamil/oss/cpython/main/build/debug/../../Objects/listobject.c:1452:15
    #7 0x5963663c5e50 in list_extend_impl /home/shamil/oss/cpython/main/build/debug/../../Objects/listobject.c:1471:9
    #8 0x5963663c5e50 in list_extend /home/shamil/oss/cpython/main/build/debug/../../Objects/clinic/listobject.c.h:145:20
    #9 0x5963663c5e50 in _PyList_Extend /home/shamil/oss/cpython/main/build/debug/../../Objects/listobject.c:1480:12
    #10 0x59636629417e in PySequence_List /home/shamil/oss/cpython/main/build/debug/../../Objects/abstract.c:2086:10
    #11 0x59636629417e in PySequence_Fast /home/shamil/oss/cpython/main/build/debug/../../Objects/abstract.c:2117:9
    #12 0x59636664ccea in PyUnicode_Join /home/shamil/oss/cpython/main/build/debug/../../Objects/unicodeobject.c:9960:12
    #13 0x5963668110e3 in _PyEval_EvalFrameDefault /home/shamil/oss/cpython/main/build/debug/../../Python/generated_cases.c.h:3902:35
    #14 0x5963667bea2c in _PyEval_Vector /home/shamil/oss/cpython/main/build/debug/../../Python/ceval.c:2104:12
    #15 0x5963667bea2c in PyEval_EvalCode /home/shamil/oss/cpython/main/build/debug/../../Python/ceval.c:944:21
    #16 0x596366cc0cdb in run_mod /home/shamil/oss/cpython/main/build/debug/../../Python/pythonrun.c:1475:19
    #17 0x596366cbbbb5 in pyrun_file /home/shamil/oss/cpython/main/build/debug/../../Python/pythonrun.c:1300:15
    #18 0x596366cba102 in _PyRun_SimpleFileObject /home/shamil/oss/cpython/main/build/debug/../../Python/pythonrun.c:521:13
    #19 0x596366cb975e in _PyRun_AnyFileObject /home/shamil/oss/cpython/main/build/debug/../../Python/pythonrun.c:81:15
    #20 0x596366d625c8 in pymain_run_file_obj /home/shamil/oss/cpython/main/build/debug/../../Modules/main.c:410:15
    #21 0x596366d625c8 in pymain_run_file /home/shamil/oss/cpython/main/build/debug/../../Modules/main.c:429:15
    #22 0x596366d608f3 in pymain_run_python /home/shamil/oss/cpython/main/build/debug/../../Modules/main.c:691:21
    #23 0x596366d608f3 in Py_RunMain /home/shamil/oss/cpython/main/build/debug/../../Modules/main.c:772:5
    #24 0x596366fbc6fc in main /home/shamil/oss/cpython/main/build/debug/../../Programs/_bootstrap_python.c:100:12
    #25 0x7f6b37e2a574 in __libc_start_call_main csu/../sysdeps/nptl/libc_start_call_main.h:58:16
    #26 0x7f6b37e2a627 in __libc_start_main csu/../csu/libc-start.c:360:3
    #27 0x596365e727e4 in _start (/home/shamil/oss/cpython/main/build/debug/_bootstrap_python+0x96d7e4) (BuildId: eca5f9f98e5bcbff749d69eec38c243aec8016c3)

==27895==Register values:
rax = 0x00007f6b38043000  rbx = 0x00007c7b3735e7e8  rcx = 0x0000000000000000  rdx = 0x0000000000000005  
rdi = 0x00007f6b38043000  rsi = 0x0000000000001000  rbp = 0x00007fff99192db0  rsp = 0x00007fff9918cf80  
 r8 = 0x00000fed67008600   r9 = 0x00007f6b3804301e  r10 = 0x00000fed67008603  r11 = 0x0000000000000202  
r12 = 0x0000596367b876a0  r13 = 0x00007c7b3735e858  r14 = 0x00000b2c6cef2fa4  r15 = 0x0000596367797d20  
AddressSanitizer can not provide additional info.
SUMMARY: AddressSanitizer: SEGV /home/shamil/oss/cpython/main/build/debug/../../Python/jit.c:693:12 in _Py_LazyJitTrampoline
==27895==ABORTING
make: *** [Makefile:1958: Python/frozen_modules/io.h] Ошибка 1
make: *** Ожидание завершения заданий…
make: *** [Makefile:1964: Python/frozen_modules/_sitebuiltins.h] Ошибка 1
make: *** [Makefile:1967: Python/frozen_modules/genericpath.h] Ошибка 1
    #0 0x60a57e4d22d7 in _Py_LazyJitTrampoline /home/shamil/oss/cpython/main/build/debug/../../Python/jit.c:693:12
    #1 0x60a57e114929 in _PyEval_EvalFrameDefault /home/shamil/oss/cpython/main/build/debug/../../Python/generated_cases.c.h:5495:13
    #2 0x60a57dc903a3 in _PyEval_EvalFrame /home/shamil/oss/cpython/main/build/debug/../../Include/internal/pycore_ceval.h:121:16
    #3 0x60a57dc903a3 in gen_send_ex2 /home/shamil/oss/cpython/main/build/debug/../../Objects/genobject.c:259:24
    #4 0x60a57dc88420 in gen_iternext /home/shamil/oss/cpython/main/build/debug/../../Objects/genobject.c:635:9
    #5 0x60a57dcea87a in list_extend_iter_lock_held /home/shamil/oss/cpython/main/build/debug/../../Objects/listobject.c:1263:26
    #6 0x60a57dce0615 in _list_extend /home/shamil/oss/cpython/main/build/debug/../../Objects/listobject.c:1452:15
    #7 0x60a57dcdfe50 in list_extend_impl /home/shamil/oss/cpython/main/build/debug/../../Objects/listobject.c:1471:9
    #8 0x60a57dcdfe50 in list_extend /home/shamil/oss/cpython/main/build/debug/../../Objects/clinic/listobject.c.h:145:20
    #9 0x60a57dcdfe50 in _PyList_Extend /home/shamil/oss/cpython/main/build/debug/../../Objects/listobject.c:1480:12
    #10 0x60a57dbae17e in PySequence_List /home/shamil/oss/cpython/main/build/debug/../../Objects/abstract.c:2086:10
    #11 0x60a57dbae17e in PySequence_Fast /home/shamil/oss/cpython/main/build/debug/../../Objects/abstract.c:2117:9
    #12 0x60a57df66cea in PyUnicode_Join /home/shamil/oss/cpython/main/build/debug/../../Objects/unicodeobject.c:9960:12
    #13 0x60a57e12b0e3 in _PyEval_EvalFrameDefault /home/shamil/oss/cpython/main/build/debug/../../Python/generated_cases.c.h:3902:35
    #14 0x60a57e0d8a2c in _PyEval_Vector /home/shamil/oss/cpython/main/build/debug/../../Python/ceval.c:2104:12
    #15 0x60a57e0d8a2c in PyEval_EvalCode /home/shamil/oss/cpython/main/build/debug/../../Python/ceval.c:944:21
    #16 0x60a57e5dacdb in run_mod /home/shamil/oss/cpython/main/build/debug/../../Python/pythonrun.c:1475:19
    #17 0x60a57e5d5bb5 in pyrun_file /home/shamil/oss/cpython/main/build/debug/../../Python/pythonrun.c:1300:15
    #18 0x60a57e5d4102 in _PyRun_SimpleFileObject /home/shamil/oss/cpython/main/build/debug/../../Python/pythonrun.c:521:13
    #19 0x60a57e5d375e in _PyRun_AnyFileObject /home/shamil/oss/cpython/main/build/debug/../../Python/pythonrun.c:81:15
    #20 0x60a57e67c5c8 in pymain_run_file_obj /home/shamil/oss/cpython/main/build/debug/../../Modules/main.c:410:15
    #21 0x60a57e67c5c8 in pymain_run_file /home/shamil/oss/cpython/main/build/debug/../../Modules/main.c:429:15
    #22 0x60a57e67a8f3 in pymain_run_python /home/shamil/oss/cpython/main/build/debug/../../Modules/main.c:691:21
    #23 0x60a57e67a8f3 in Py_RunMain /home/shamil/oss/cpython/main/build/debug/../../Modules/main.c:772:5
    #24 0x60a57e8d66fc in main /home/shamil/oss/cpython/main/build/debug/../../Programs/_bootstrap_python.c:100:12
    #25 0x738f3282a574 in __libc_start_call_main csu/../sysdeps/nptl/libc_start_call_main.h:58:16
    #26 0x738f3282a627 in __libc_start_main csu/../csu/libc-start.c:360:3
    #27 0x60a57d78c7e4 in _start (/home/shamil/oss/cpython/main/build/debug/_bootstrap_python+0x96d7e4) (BuildId: eca5f9f98e5bcbff749d69eec38c243aec8016c3)

==27884==Register values:
rax = 0x0000738f3230d000  rbx = 0x0000709f31d933a8  rcx = 0x0000000000000000  rdx = 0x0000000000000005  
rdi = 0x0000738f3230d000  rsi = 0x0000000000001000  rbp = 0x00007ffd2fc05390  rsp = 0x00007ffd2fbff560  
 r8 = 0x00000e71e6461a00   r9 = 0x0000738f3230d01e  r10 = 0x00000e71e6461a03  r11 = 0x0000000000000202  
r12 = 0x000060a57f4a16a0  r13 = 0x0000709f31d93418  r14 = 0x00000c14afe163a4  r15 = 0x000060a57f0b1d20  
AddressSanitizer can not provide additional info.
SUMMARY: AddressSanitizer: SEGV /home/shamil/oss/cpython/main/build/debug/../../Python/jit.c:693:12 in _Py_LazyJitTrampoline
==27884==ABORTING
make: *** [Makefile:1952: Python/frozen_modules/abc.h] Ошибка 1
    #0 0x6303dbefd2d7 in _Py_LazyJitTrampoline /home/shamil/oss/cpython/main/build/debug/../../Python/jit.c:693:12
    #1 0x6303dbb3f929 in _PyEval_EvalFrameDefault /home/shamil/oss/cpython/main/build/debug/../../Python/generated_cases.c.h:5495:13
    #2 0x6303db6bb3a3 in _PyEval_EvalFrame /home/shamil/oss/cpython/main/build/debug/../../Include/internal/pycore_ceval.h:121:16
    #3 0x6303db6bb3a3 in gen_send_ex2 /home/shamil/oss/cpython/main/build/debug/../../Objects/genobject.c:259:24
    #4 0x6303db6b3420 in gen_iternext /home/shamil/oss/cpython/main/build/debug/../../Objects/genobject.c:635:9
    #5 0x6303db71587a in list_extend_iter_lock_held /home/shamil/oss/cpython/main/build/debug/../../Objects/listobject.c:1263:26
    #6 0x6303db70b615 in _list_extend /home/shamil/oss/cpython/main/build/debug/../../Objects/listobject.c:1452:15
    #7 0x6303db70ae50 in list_extend_impl /home/shamil/oss/cpython/main/build/debug/../../Objects/listobject.c:1471:9
    #8 0x6303db70ae50 in list_extend /home/shamil/oss/cpython/main/build/debug/../../Objects/clinic/listobject.c.h:145:20
    #9 0x6303db70ae50 in _PyList_Extend /home/shamil/oss/cpython/main/build/debug/../../Objects/listobject.c:1480:12
    #10 0x6303db5d917e in PySequence_List /home/shamil/oss/cpython/main/build/debug/../../Objects/abstract.c:2086:10
    #11 0x6303db5d917e in PySequence_Fast /home/shamil/oss/cpython/main/build/debug/../../Objects/abstract.c:2117:9
    #12 0x6303db991cea in PyUnicode_Join /home/shamil/oss/cpython/main/build/debug/../../Objects/unicodeobject.c:9960:12
    #13 0x6303dbb560e3 in _PyEval_EvalFrameDefault /home/shamil/oss/cpython/main/build/debug/../../Python/generated_cases.c.h:3902:35
    #14 0x6303dbb03a2c in _PyEval_Vector /home/shamil/oss/cpython/main/build/debug/../../Python/ceval.c:2104:12
    #15 0x6303dbb03a2c in PyEval_EvalCode /home/shamil/oss/cpython/main/build/debug/../../Python/ceval.c:944:21
    #16 0x6303dc005cdb in run_mod /home/shamil/oss/cpython/main/build/debug/../../Python/pythonrun.c:1475:19
    #17 0x6303dc000bb5 in pyrun_file /home/shamil/oss/cpython/main/build/debug/../../Python/pythonrun.c:1300:15
    #18 0x6303dbfff102 in _PyRun_SimpleFileObject /home/shamil/oss/cpython/main/build/debug/../../Python/pythonrun.c:521:13
    #19 0x6303dbffe75e in _PyRun_AnyFileObject /home/shamil/oss/cpython/main/build/debug/../../Python/pythonrun.c:81:15
    #20 0x6303dc0a75c8 in pymain_run_file_obj /home/shamil/oss/cpython/main/build/debug/../../Modules/main.c:410:15
    #21 0x6303dc0a75c8 in pymain_run_file /home/shamil/oss/cpython/main/build/debug/../../Modules/main.c:429:15
    #22 0x6303dc0a58f3 in pymain_run_python /home/shamil/oss/cpython/main/build/debug/../../Modules/main.c:691:21
    #23 0x6303dc0a58f3 in Py_RunMain /home/shamil/oss/cpython/main/build/debug/../../Modules/main.c:772:5
    #24 0x6303dc3016fc in main /home/shamil/oss/cpython/main/build/debug/../../Programs/_bootstrap_python.c:100:12
    #25 0x7d01b2c2a574 in __libc_start_call_main csu/../sysdeps/nptl/libc_start_call_main.h:58:16
    #26 0x7d01b2c2a627 in __libc_start_main csu/../csu/libc-start.c:360:3
    #27 0x6303db1b77e4 in _start (/home/shamil/oss/cpython/main/build/debug/_bootstrap_python+0x96d7e4) (BuildId: eca5f9f98e5bcbff749d69eec38c243aec8016c3)

==27897==Register values:
rax = 0x00007d01b2e45000  rbx = 0x00007a11b215d8e8  rcx = 0x0000000000000000  rdx = 0x0000000000000005  
rdi = 0x00007d01b2e45000  rsi = 0x0000000000001000  rbp = 0x00007ffef3132ed0  rsp = 0x00007ffef312d0a0  
 r8 = 0x00000fa0365c8a00   r9 = 0x00007d01b2e4501e  r10 = 0x00000fa0365c8a03  r11 = 0x0000000000000202  
r12 = 0x00006303dcecc6a0  r13 = 0x00007a11b215d958  r14 = 0x00000c607b95b9a4  r15 = 0x00006303dcadcd20  
AddressSanitizer can not provide additional info.
SUMMARY: AddressSanitizer: SEGV /home/shamil/oss/cpython/main/build/debug/../../Python/jit.c:693:12 in _Py_LazyJitTrampoline
==27897==ABORTING
make: *** [Makefile:1973: Python/frozen_modules/posixpath.h] Ошибка 1
    #0 0x5e27955282d7 in _Py_LazyJitTrampoline /home/shamil/oss/cpython/main/build/debug/../../Python/jit.c:693:12
    #1 0x5e279516a929 in _PyEval_EvalFrameDefault /home/shamil/oss/cpython/main/build/debug/../../Python/generated_cases.c.h:5495:13
    #2 0x5e2794ce63a3 in _PyEval_EvalFrame /home/shamil/oss/cpython/main/build/debug/../../Include/internal/pycore_ceval.h:121:16
    #3 0x5e2794ce63a3 in gen_send_ex2 /home/shamil/oss/cpython/main/build/debug/../../Objects/genobject.c:259:24
    #4 0x5e2794cde420 in gen_iternext /home/shamil/oss/cpython/main/build/debug/../../Objects/genobject.c:635:9
    #5 0x5e2794d4087a in list_extend_iter_lock_held /home/shamil/oss/cpython/main/build/debug/../../Objects/listobject.c:1263:26
    #6 0x5e2794d36615 in _list_extend /home/shamil/oss/cpython/main/build/debug/../../Objects/listobject.c:1452:15
    #7 0x5e2794d35e50 in list_extend_impl /home/shamil/oss/cpython/main/build/debug/../../Objects/listobject.c:1471:9
    #8 0x5e2794d35e50 in list_extend /home/shamil/oss/cpython/main/build/debug/../../Objects/clinic/listobject.c.h:145:20
    #9 0x5e2794d35e50 in _PyList_Extend /home/shamil/oss/cpython/main/build/debug/../../Objects/listobject.c:1480:12
    #10 0x5e2794c0417e in PySequence_List /home/shamil/oss/cpython/main/build/debug/../../Objects/abstract.c:2086:10
    #11 0x5e2794c0417e in PySequence_Fast /home/shamil/oss/cpython/main/build/debug/../../Objects/abstract.c:2117:9
    #12 0x5e2794fbccea in PyUnicode_Join /home/shamil/oss/cpython/main/build/debug/../../Objects/unicodeobject.c:9960:12
    #13 0x5e27951810e3 in _PyEval_EvalFrameDefault /home/shamil/oss/cpython/main/build/debug/../../Python/generated_cases.c.h:3902:35
    #14 0x5e279512ea2c in _PyEval_Vector /home/shamil/oss/cpython/main/build/debug/../../Python/ceval.c:2104:12
    #15 0x5e279512ea2c in PyEval_EvalCode /home/shamil/oss/cpython/main/build/debug/../../Python/ceval.c:944:21
    #16 0x5e2795630cdb in run_mod /home/shamil/oss/cpython/main/build/debug/../../Python/pythonrun.c:1475:19
    #17 0x5e279562bbb5 in pyrun_file /home/shamil/oss/cpython/main/build/debug/../../Python/pythonrun.c:1300:15
    #18 0x5e279562a102 in _PyRun_SimpleFileObject /home/shamil/oss/cpython/main/build/debug/../../Python/pythonrun.c:521:13
    #19 0x5e279562975e in _PyRun_AnyFileObject /home/shamil/oss/cpython/main/build/debug/../../Python/pythonrun.c:81:15
    #20 0x5e27956d25c8 in pymain_run_file_obj /home/shamil/oss/cpython/main/build/debug/../../Modules/main.c:410:15
    #21 0x5e27956d25c8 in pymain_run_file /home/shamil/oss/cpython/main/build/debug/../../Modules/main.c:429:15
    #22 0x5e27956d08f3 in pymain_run_python /home/shamil/oss/cpython/main/build/debug/../../Modules/main.c:691:21
    #23 0x5e27956d08f3 in Py_RunMain /home/shamil/oss/cpython/main/build/debug/../../Modules/main.c:772:5
    #24 0x5e279592c6fc in main /home/shamil/oss/cpython/main/build/debug/../../Programs/_bootstrap_python.c:100:12
    #25 0x7ab15962a574 in __libc_start_call_main csu/../sysdeps/nptl/libc_start_call_main.h:58:16
    #26 0x7ab15962a627 in __libc_start_main csu/../csu/libc-start.c:360:3
    #27 0x5e27947e27e4 in _start (/home/shamil/oss/cpython/main/build/debug/_bootstrap_python+0x96d7e4) (BuildId: eca5f9f98e5bcbff749d69eec38c243aec8016c3)

==27886==Register values:
rax = 0x00007ab159847000  rbx = 0x000077c158c1a628  rcx = 0x0000000000000000  rdx = 0x0000000000000005  
rdi = 0x00007ab159847000  rsi = 0x0000000000001000  rbp = 0x00007ffc1be494f0  rsp = 0x00007ffc1be436c0  
 r8 = 0x00000f562b308e00   r9 = 0x00007ab15984701e  r10 = 0x00000f562b308e03  r11 = 0x0000000000000202  
r12 = 0x00005e27964f76a0  r13 = 0x000077c158c1a698  r14 = 0x00000bc4f2c20fa4  r15 = 0x00005e2796107d20  
AddressSanitizer can not provide additional info.
SUMMARY: AddressSanitizer: SEGV /home/shamil/oss/cpython/main/build/debug/../../Python/jit.c:693:12 in _Py_LazyJitTrampoline
==27886==ABORTING
    #0 0x640df62892d7 in _Py_LazyJitTrampoline /home/shamil/oss/cpython/main/build/debug/../../Python/jit.c:693:12
    #1 0x640df5ecb929 in _PyEval_EvalFrameDefault /home/shamil/oss/cpython/main/build/debug/../../Python/generated_cases.c.h:5495:13
    #2 0x640df5a473a3 in _PyEval_EvalFrame /home/shamil/oss/cpython/main/build/debug/../../Include/internal/pycore_ceval.h:121:16
    #3 0x640df5a473a3 in gen_send_ex2 /home/shamil/oss/cpython/main/build/debug/../../Objects/genobject.c:259:24
    #4 0x640df5a3f420 in gen_iternext /home/shamil/oss/cpython/main/build/debug/../../Objects/genobject.c:635:9
    #5 0x640df5aa187a in list_extend_iter_lock_held /home/shamil/oss/cpython/main/build/debug/../../Objects/listobject.c:1263:26
    #6 0x640df5a97615 in _list_extend /home/shamil/oss/cpython/main/build/debug/../../Objects/listobject.c:1452:15
    #7 0x640df5a96e50 in list_extend_impl /home/shamil/oss/cpython/main/build/debug/../../Objects/listobject.c:1471:9
    #8 0x640df5a96e50 in list_extend /home/shamil/oss/cpython/main/build/debug/../../Objects/clinic/listobject.c.h:145:20
    #9 0x640df5a96e50 in _PyList_Extend /home/shamil/oss/cpython/main/build/debug/../../Objects/listobject.c:1480:12
    #10 0x640df596517e in PySequence_List /home/shamil/oss/cpython/main/build/debug/../../Objects/abstract.c:2086:10
    #11 0x640df596517e in PySequence_Fast /home/shamil/oss/cpython/main/build/debug/../../Objects/abstract.c:2117:9
    #12 0x640df5d1dcea in PyUnicode_Join /home/shamil/oss/cpython/main/build/debug/../../Objects/unicodeobject.c:9960:12
    #13 0x640df5ee20e3 in _PyEval_EvalFrameDefault /home/shamil/oss/cpython/main/build/debug/../../Python/generated_cases.c.h:3902:35
    #14 0x640df5e8fa2c in _PyEval_Vector /home/shamil/oss/cpython/main/build/debug/../../Python/ceval.c:2104:12
    #15 0x640df5e8fa2c in PyEval_EvalCode /home/shamil/oss/cpython/main/build/debug/../../Python/ceval.c:944:21
    #16 0x640df6391cdb in run_mod /home/shamil/oss/cpython/main/build/debug/../../Python/pythonrun.c:1475:19
    #17 0x640df638cbb5 in pyrun_file /home/shamil/oss/cpython/main/build/debug/../../Python/pythonrun.c:1300:15
    #18 0x640df638b102 in _PyRun_SimpleFileObject /home/shamil/oss/cpython/main/build/debug/../../Python/pythonrun.c:521:13
    #19 0x640df638a75e in _PyRun_AnyFileObject /home/shamil/oss/cpython/main/build/debug/../../Python/pythonrun.c:81:15
    #20 0x640df64335c8 in pymain_run_file_obj /home/shamil/oss/cpython/main/build/debug/../../Modules/main.c:410:15
    #21 0x640df64335c8 in pymain_run_file /home/shamil/oss/cpython/main/build/debug/../../Modules/main.c:429:15
    #22 0x640df64318f3 in pymain_run_python /home/shamil/oss/cpython/main/build/debug/../../Modules/main.c:691:21
    #23 0x640df64318f3 in Py_RunMain /home/shamil/oss/cpython/main/build/debug/../../Modules/main.c:772:5
    #24 0x640df668d6fc in main /home/shamil/oss/cpython/main/build/debug/../../Programs/_bootstrap_python.c:100:12
    #25 0x7bfdd302a574 in __libc_start_call_main csu/../sysdeps/nptl/libc_start_call_main.h:58:16
    #26 0x7bfdd302a627 in __libc_start_main csu/../csu/libc-start.c:360:3
    #27 0x640df55437e4 in _start (/home/shamil/oss/cpython/main/build/debug/_bootstrap_python+0x96d7e4) (BuildId: eca5f9f98e5bcbff749d69eec38c243aec8016c3)

==27896==Register values:
rax = 0x00007bfdd2b21000  rbx = 0x0000790dd25bffe8  rcx = 0x0000000000000000  rdx = 0x0000000000000005  
rdi = 0x00007bfdd2b21000  rsi = 0x0000000000001000  rbp = 0x00007fff68ce51b0  rsp = 0x00007fff68cdf380  
 r8 = 0x00000f7fba564200   r9 = 0x00007bfdd2b2101e  r10 = 0x00000f7fba564203  r11 = 0x0000000000000202  
r12 = 0x0000640df72586a0  r13 = 0x0000790dd25c0058  r14 = 0x00000c81bedcd1a4  r15 = 0x0000640df6e68d20  
AddressSanitizer can not provide additional info.
SUMMARY: AddressSanitizer: SEGV /home/shamil/oss/cpython/main/build/debug/../../Python/jit.c:693:12 in _Py_LazyJitTrampoline
==27896==ABORTING
make: *** [Makefile:1955: Python/frozen_modules/codecs.h] Ошибка 1
make: *** [Makefile:1970: Python/frozen_modules/ntpath.h] Ошибка 1
