Objects/object.c:2640:5: runtime error: call to function list_dealloc through pointer to incorrect function type 'void (*)(struct _object *)'
/home/shamil/oss/cpython/3.12/Objects/listobject.c:345: note: list_dealloc defined here
SUMMARY: UndefinedBehaviorSanitizer: undefined-behavior Objects/object.c:2640:5 
Modules/gcmodule.c:2253:11: runtime error: call to function gc_traverse through pointer to incorrect function type 'int (*)(struct _object *, int (*)(struct _object *, void *), void *)'
/home/shamil/oss/cpython/3.12/Objects/weakrefobject.c:117: note: gc_traverse defined here
SUMMARY: UndefinedBehaviorSanitizer: undefined-behavior Modules/gcmodule.c:2253:11 
Objects/object.c:911:16: runtime error: call to function long_hash through pointer to incorrect function type 'long (*)(struct _object *)'
/home/shamil/oss/cpython/3.12/Objects/longobject.c:3347: note: long_hash defined here
SUMMARY: UndefinedBehaviorSanitizer: undefined-behavior Objects/object.c:911:16 
Include/internal/pycore_object.h:344:20: runtime error: call to function type_is_gc through pointer to incorrect function type 'int (*)(struct _object *)'
/home/shamil/oss/cpython/3.12/Objects/typeobject.c:5313: note: type_is_gc defined here
SUMMARY: UndefinedBehaviorSanitizer: undefined-behavior Include/internal/pycore_object.h:344:20 
Objects/abstract.c:157:26: runtime error: call to function dict_subscript through pointer to incorrect function type 'struct _object *(*)(struct _object *, struct _object *)'
/home/shamil/oss/cpython/3.12/Objects/dictobject.c:2490: note: dict_subscript defined here
SUMMARY: UndefinedBehaviorSanitizer: undefined-behavior Objects/abstract.c:157:26 
Objects/abstract.c:2847:14: runtime error: call to function tupleiter_next through pointer to incorrect function type 'struct _object *(*)(struct _object *)'
/home/shamil/oss/cpython/3.12/Objects/tupleobject.c:997: note: tupleiter_next defined here
SUMMARY: UndefinedBehaviorSanitizer: undefined-behavior Objects/abstract.c:2847:14 
Objects/abstract.c:212:19: runtime error: call to function dict_ass_sub through pointer to incorrect function type 'int (*)(struct _object *, struct _object *, struct _object *)'
/home/shamil/oss/cpython/3.12/Objects/dictobject.c:2525: note: dict_ass_sub defined here
SUMMARY: UndefinedBehaviorSanitizer: undefined-behavior Objects/abstract.c:212:19 
Objects/call.c:240:18: runtime error: call to function type_call through pointer to incorrect function type 'struct _object *(*)(struct _object *, struct _object *, struct _object *)'
/home/shamil/oss/cpython/3.12/Objects/typeobject.c:1628: note: type_call defined here
SUMMARY: UndefinedBehaviorSanitizer: undefined-behavior Objects/call.c:240:18 
Objects/typeobject.c:10384:24: runtime error: call to function classmethod_get through pointer to incorrect function type 'struct _object *(*)(struct _object *, struct _object *, struct _object *)'
/home/shamil/oss/cpython/3.12/Objects/descrobject.c:109: note: classmethod_get defined here
SUMMARY: UndefinedBehaviorSanitizer: undefined-behavior Objects/typeobject.c:10384:24 
Modules/gcmodule.c:491:16: runtime error: call to function list_traverse through pointer to incorrect function type 'int (*)(struct _object *, int (*)(struct _object *, void *), void *)'
/home/shamil/oss/cpython/3.12/Objects/listobject.c:2701: note: list_traverse defined here
SUMMARY: UndefinedBehaviorSanitizer: undefined-behavior Modules/gcmodule.c:491:16 
Modules/gcmodule.c:602:20: runtime error: call to function list_traverse through pointer to incorrect function type 'int (*)(struct _object *, int (*)(struct _object *, void *), void *)'
/home/shamil/oss/cpython/3.12/Objects/listobject.c:2701: note: list_traverse defined here
SUMMARY: UndefinedBehaviorSanitizer: undefined-behavior Modules/gcmodule.c:602:20 
Objects/dictobject.c:3549:17: runtime error: call to function visit_reachable through pointer to incorrect function type 'int (*)(struct _object *, void *)'
/home/shamil/oss/cpython/3.12/Modules/gcmodule.c:500: note: visit_reachable defined here
SUMMARY: UndefinedBehaviorSanitizer: undefined-behavior Objects/dictobject.c:3549:17 
Objects/descrobject.c:706:5: runtime error: call to function visit_reachable through pointer to incorrect function type 'int (*)(struct _object *, void *)'
/home/shamil/oss/cpython/3.12/Modules/gcmodule.c:500: note: visit_reachable defined here
SUMMARY: UndefinedBehaviorSanitizer: undefined-behavior Objects/descrobject.c:706:5 
Objects/dictobject.c:3557:17: runtime error: call to function visit_reachable through pointer to incorrect function type 'int (*)(struct _object *, void *)'
/home/shamil/oss/cpython/3.12/Modules/gcmodule.c:500: note: visit_reachable defined here
SUMMARY: UndefinedBehaviorSanitizer: undefined-behavior Objects/dictobject.c:3557:17 
Objects/dictobject.c:3558:17: runtime error: call to function visit_reachable through pointer to incorrect function type 'int (*)(struct _object *, void *)'
/home/shamil/oss/cpython/3.12/Modules/gcmodule.c:500: note: visit_reachable defined here
SUMMARY: UndefinedBehaviorSanitizer: undefined-behavior Objects/dictobject.c:3558:17 
Objects/funcobject.c:1214:5: runtime error: call to function visit_reachable through pointer to incorrect function type 'int (*)(struct _object *, void *)'
/home/shamil/oss/cpython/3.12/Modules/gcmodule.c:500: note: visit_reachable defined here
SUMMARY: UndefinedBehaviorSanitizer: undefined-behavior Objects/funcobject.c:1214:5 
Objects/typeobject.c:5246:5: runtime error: call to function visit_reachable through pointer to incorrect function type 'int (*)(struct _object *, void *)'
/home/shamil/oss/cpython/3.12/Modules/gcmodule.c:500: note: visit_reachable defined here
SUMMARY: UndefinedBehaviorSanitizer: undefined-behavior Objects/typeobject.c:5246:5 
Objects/typeobject.c:5248:5: runtime error: call to function visit_reachable through pointer to incorrect function type 'int (*)(struct _object *, void *)'
/home/shamil/oss/cpython/3.12/Modules/gcmodule.c:500: note: visit_reachable defined here
SUMMARY: UndefinedBehaviorSanitizer: undefined-behavior Objects/typeobject.c:5248:5 
Objects/typeobject.c:5249:5: runtime error: call to function visit_reachable through pointer to incorrect function type 'int (*)(struct _object *, void *)'
/home/shamil/oss/cpython/3.12/Modules/gcmodule.c:500: note: visit_reachable defined here
SUMMARY: UndefinedBehaviorSanitizer: undefined-behavior Objects/typeobject.c:5249:5 
Objects/typeobject.c:5250:5: runtime error: call to function visit_reachable through pointer to incorrect function type 'int (*)(struct _object *, void *)'
/home/shamil/oss/cpython/3.12/Modules/gcmodule.c:500: note: visit_reachable defined here
SUMMARY: UndefinedBehaviorSanitizer: undefined-behavior Objects/typeobject.c:5250:5 
Objects/tupleobject.c:608:9: runtime error: call to function visit_reachable through pointer to incorrect function type 'int (*)(struct _object *, void *)'
/home/shamil/oss/cpython/3.12/Modules/gcmodule.c:500: note: visit_reachable defined here
SUMMARY: UndefinedBehaviorSanitizer: undefined-behavior Objects/tupleobject.c:608:9 
Objects/moduleobject.c:878:5: runtime error: call to function visit_reachable through pointer to incorrect function type 'int (*)(struct _object *, void *)'
/home/shamil/oss/cpython/3.12/Modules/gcmodule.c:500: note: visit_reachable defined here
SUMMARY: UndefinedBehaviorSanitizer: undefined-behavior Objects/moduleobject.c:878:5 
Objects/methodobject.c:247:5: runtime error: call to function visit_reachable through pointer to incorrect function type 'int (*)(struct _object *, void *)'
/home/shamil/oss/cpython/3.12/Modules/gcmodule.c:500: note: visit_reachable defined here
SUMMARY: UndefinedBehaviorSanitizer: undefined-behavior Objects/methodobject.c:247:5 
Objects/methodobject.c:248:5: runtime error: call to function visit_reachable through pointer to incorrect function type 'int (*)(struct _object *, void *)'
/home/shamil/oss/cpython/3.12/Modules/gcmodule.c:500: note: visit_reachable defined here
SUMMARY: UndefinedBehaviorSanitizer: undefined-behavior Objects/methodobject.c:248:5 
Objects/setobject.c:663:9: runtime error: call to function visit_reachable through pointer to incorrect function type 'int (*)(struct _object *, void *)'
/home/shamil/oss/cpython/3.12/Modules/gcmodule.c:500: note: visit_reachable defined here
SUMMARY: UndefinedBehaviorSanitizer: undefined-behavior Objects/setobject.c:663:9 
Objects/namespaceobject.c:154:5: runtime error: call to function visit_reachable through pointer to incorrect function type 'int (*)(struct _object *, void *)'
/home/shamil/oss/cpython/3.12/Modules/gcmodule.c:500: note: visit_reachable defined here
SUMMARY: UndefinedBehaviorSanitizer: undefined-behavior Objects/namespaceobject.c:154:5 
Objects/listobject.c:2705:9: runtime error: call to function visit_reachable through pointer to incorrect function type 'int (*)(struct _object *, void *)'
/home/shamil/oss/cpython/3.12/Modules/gcmodule.c:500: note: visit_reachable defined here
SUMMARY: UndefinedBehaviorSanitizer: undefined-behavior Objects/listobject.c:2705:9 
Objects/funcobject.c:872:5: runtime error: call to function visit_reachable through pointer to incorrect function type 'int (*)(struct _object *, void *)'
/home/shamil/oss/cpython/3.12/Modules/gcmodule.c:500: note: visit_reachable defined here
SUMMARY: UndefinedBehaviorSanitizer: undefined-behavior Objects/funcobject.c:872:5 
Objects/funcobject.c:873:5: runtime error: call to function visit_reachable through pointer to incorrect function type 'int (*)(struct _object *, void *)'
/home/shamil/oss/cpython/3.12/Modules/gcmodule.c:500: note: visit_reachable defined here
SUMMARY: UndefinedBehaviorSanitizer: undefined-behavior Objects/funcobject.c:873:5 
Objects/funcobject.c:874:5: runtime error: call to function visit_reachable through pointer to incorrect function type 'int (*)(struct _object *, void *)'
/home/shamil/oss/cpython/3.12/Modules/gcmodule.c:500: note: visit_reachable defined here
SUMMARY: UndefinedBehaviorSanitizer: undefined-behavior Objects/funcobject.c:874:5 
Objects/funcobject.c:875:5: runtime error: call to function visit_reachable through pointer to incorrect function type 'int (*)(struct _object *, void *)'
/home/shamil/oss/cpython/3.12/Modules/gcmodule.c:500: note: visit_reachable defined here
SUMMARY: UndefinedBehaviorSanitizer: undefined-behavior Objects/funcobject.c:875:5 
Objects/funcobject.c:878:5: runtime error: call to function visit_reachable through pointer to incorrect function type 'int (*)(struct _object *, void *)'
/home/shamil/oss/cpython/3.12/Modules/gcmodule.c:500: note: visit_reachable defined here
SUMMARY: UndefinedBehaviorSanitizer: undefined-behavior Objects/funcobject.c:878:5 
Objects/funcobject.c:879:5: runtime error: call to function visit_reachable through pointer to incorrect function type 'int (*)(struct _object *, void *)'
/home/shamil/oss/cpython/3.12/Modules/gcmodule.c:500: note: visit_reachable defined here
SUMMARY: UndefinedBehaviorSanitizer: undefined-behavior Objects/funcobject.c:879:5 
Objects/funcobject.c:884:5: runtime error: call to function visit_reachable through pointer to incorrect function type 'int (*)(struct _object *, void *)'
/home/shamil/oss/cpython/3.12/Modules/gcmodule.c:500: note: visit_reachable defined here
SUMMARY: UndefinedBehaviorSanitizer: undefined-behavior Objects/funcobject.c:884:5 
Objects/typeobject.c:4855:19: runtime error: call to function classmethod_get through pointer to incorrect function type 'struct _object *(*)(struct _object *, struct _object *, struct _object *)'
/home/shamil/oss/cpython/3.12/Objects/descrobject.c:109: note: classmethod_get defined here
SUMMARY: UndefinedBehaviorSanitizer: undefined-behavior Objects/typeobject.c:4855:19 
Objects/object.c:1447:19: runtime error: call to function member_get through pointer to incorrect function type 'struct _object *(*)(struct _object *, struct _object *, struct _object *)'
/home/shamil/oss/cpython/3.12/Objects/descrobject.c:175: note: member_get defined here
SUMMARY: UndefinedBehaviorSanitizer: undefined-behavior Objects/object.c:1447:19 
Objects/object.c:1508:15: runtime error: call to function method_get through pointer to incorrect function type 'struct _object *(*)(struct _object *, struct _object *, struct _object *)'
/home/shamil/oss/cpython/3.12/Objects/descrobject.c:151: note: method_get defined here
SUMMARY: UndefinedBehaviorSanitizer: undefined-behavior Objects/object.c:1508:15 
Objects/typeobject.c:2173:19: runtime error: call to function method_get through pointer to incorrect function type 'struct _object *(*)(struct _object *, struct _object *, struct _object *)'
/home/shamil/oss/cpython/3.12/Objects/descrobject.c:151: note: method_get defined here
SUMMARY: UndefinedBehaviorSanitizer: undefined-behavior Objects/typeobject.c:2173:19 
Objects/descrobject.c:203:16: runtime error: call to function func_get_name through pointer to incorrect function type 'struct _object *(*)(struct _object *, void *)'
/home/shamil/oss/cpython/3.12/Objects/funcobject.c:510: note: func_get_name defined here
SUMMARY: UndefinedBehaviorSanitizer: undefined-behavior Objects/descrobject.c:203:16 
Python/bytecodes.c:2324:20: runtime error: call to function tupleiter_next through pointer to incorrect function type 'struct _object *(*)(struct _object *)'
/home/shamil/oss/cpython/3.12/Objects/tupleobject.c:997: note: tupleiter_next defined here
SUMMARY: UndefinedBehaviorSanitizer: undefined-behavior Python/bytecodes.c:2324:20 
Objects/object.c:1569:19: runtime error: call to function member_set through pointer to incorrect function type 'int (*)(struct _object *, struct _object *, struct _object *)'
/home/shamil/oss/cpython/3.12/Objects/descrobject.c:242: note: member_set defined here
SUMMARY: UndefinedBehaviorSanitizer: undefined-behavior Objects/object.c:1569:19 
Objects/descrobject.c:256:16: runtime error: call to function func_set_name through pointer to incorrect function type 'int (*)(struct _object *, struct _object *, void *)'
/home/shamil/oss/cpython/3.12/Objects/funcobject.c:516: note: func_set_name defined here
SUMMARY: UndefinedBehaviorSanitizer: undefined-behavior Objects/descrobject.c:256:16 
Objects/object.c:1060:18: runtime error: call to function _Py_module_getattro through pointer to incorrect function type 'struct _object *(*)(struct _object *, struct _object *)'
/home/shamil/oss/cpython/3.12/Objects/moduleobject.c:863: note: _Py_module_getattro defined here
SUMMARY: UndefinedBehaviorSanitizer: undefined-behavior Objects/object.c:1060:18 
Objects/abstract.c:2788:25: runtime error: call to function dictitems_iter through pointer to incorrect function type 'struct _object *(*)(struct _object *)'
/home/shamil/oss/cpython/3.12/Objects/dictobject.c:5136: note: dictitems_iter defined here
SUMMARY: UndefinedBehaviorSanitizer: undefined-behavior Objects/abstract.c:2788:25 
Objects/abstract.c:2263:19: runtime error: call to function tuplecontains through pointer to incorrect function type 'int (*)(struct _object *, struct _object *)'
/home/shamil/oss/cpython/3.12/Objects/tupleobject.c:352: note: tuplecontains defined here
SUMMARY: UndefinedBehaviorSanitizer: undefined-behavior Objects/abstract.c:2263:19 
Objects/typeobject.c:1679:19: runtime error: call to function AttributeError_init through pointer to incorrect function type 'int (*)(struct _object *, struct _object *, struct _object *)'
/home/shamil/oss/cpython/3.12/Objects/exceptions.c:2278: note: AttributeError_init defined here
SUMMARY: UndefinedBehaviorSanitizer: undefined-behavior Objects/typeobject.c:1679:19 
Objects/descrobject.c:408:24: runtime error: call to function dict_pop through pointer to incorrect function type 'struct _object *(*)(struct _object *, struct _object *const *, long)'
/home/shamil/oss/cpython/3.12/Objects/clinic/dictobject.c.h:142: note: dict_pop defined here
SUMMARY: UndefinedBehaviorSanitizer: undefined-behavior Objects/descrobject.c:408:24 
Objects/object.c:1686:15: runtime error: call to function long_bool through pointer to incorrect function type 'int (*)(struct _object *)'
/home/shamil/oss/cpython/3.12/Objects/longobject.c:4942: note: long_bool defined here
SUMMARY: UndefinedBehaviorSanitizer: undefined-behavior Objects/object.c:1686:15 
Python/bytecodes.c:3188:19: runtime error: call to function dict_pop through pointer to incorrect function type 'struct _object *(*)(struct _object *, struct _object *const *, long)'
/home/shamil/oss/cpython/3.12/Objects/clinic/dictobject.c.h:142: note: dict_pop defined here
SUMMARY: UndefinedBehaviorSanitizer: undefined-behavior Python/bytecodes.c:3188:19 
Objects/descrobject.c:482:24: runtime error: call to function list_append through pointer to incorrect function type 'struct _object *(*)(struct _object *, struct _object *)'
/home/shamil/oss/cpython/3.12/Objects/listobject.c:840: note: list_append defined here
SUMMARY: UndefinedBehaviorSanitizer: undefined-behavior Objects/descrobject.c:482:24 
Include/internal/pycore_object.h:123:9: runtime error: call to function PyObject_Free through pointer to incorrect function type 'void (*)(struct _object *)'
/home/shamil/oss/cpython/3.12/Objects/obmalloc.c:828: note: PyObject_Free defined here
SUMMARY: UndefinedBehaviorSanitizer: undefined-behavior Include/internal/pycore_object.h:123:9 
Objects/call.c:367:18: runtime error: call to function type_call through pointer to incorrect function type 'struct _object *(*)(struct _object *, struct _object *, struct _object *)'
/home/shamil/oss/cpython/3.12/Objects/typeobject.c:1628: note: type_call defined here
SUMMARY: UndefinedBehaviorSanitizer: undefined-behavior Objects/call.c:367:18 
Python/bltinmodule.c:371:16: runtime error: call to function gen_iternext through pointer to incorrect function type 'struct _object *(*)(struct _object *)'
/home/shamil/oss/cpython/3.12/Objects/genobject.c:600: note: gen_iternext defined here
SUMMARY: UndefinedBehaviorSanitizer: undefined-behavior Python/bltinmodule.c:371:16 
Objects/object.c:1689:15: runtime error: call to function list_length through pointer to incorrect function type 'long (*)(struct _object *)'
/home/shamil/oss/cpython/3.12/Objects/listobject.c:436: note: list_length defined here
SUMMARY: UndefinedBehaviorSanitizer: undefined-behavior Objects/object.c:1689:15 
Objects/methodobject.c:537:18: runtime error: call to function rlock_acquire through pointer to incorrect function type 'struct _object *(*)(struct _object *, struct _object *, struct _object *)'
/home/shamil/oss/cpython/3.12/./Modules/_threadmodule.c:359: note: rlock_acquire defined here
SUMMARY: UndefinedBehaviorSanitizer: undefined-behavior Objects/methodobject.c:537:18 
Objects/methodobject.c:548:18: runtime error: call to function rlock_release through pointer to incorrect function type 'struct _object *(*)(struct _object *, struct _object *)'
/home/shamil/oss/cpython/3.12/./Modules/_threadmodule.c:409: note: rlock_release defined here
SUMMARY: UndefinedBehaviorSanitizer: undefined-behavior Objects/methodobject.c:548:18 
Include/internal/pycore_call.h:92:11: runtime error: call to function weakref_vectorcall through pointer to incorrect function type 'struct _object *(*)(struct _object *, struct _object *const *, unsigned long, struct _object *)'
/home/shamil/oss/cpython/3.12/Objects/weakrefobject.c:134: note: weakref_vectorcall defined here
SUMMARY: UndefinedBehaviorSanitizer: undefined-behavior Include/internal/pycore_call.h:92:11 
Objects/typeobject.c:2057:5: runtime error: call to function list_dealloc through pointer to incorrect function type 'void (*)(struct _object *)'
/home/shamil/oss/cpython/3.12/Objects/listobject.c:345: note: list_dealloc defined here
SUMMARY: UndefinedBehaviorSanitizer: undefined-behavior Objects/typeobject.c:2057:5 
Objects/object.c:1192:15: runtime error: call to function type_setattro through pointer to incorrect function type 'int (*)(struct _object *, struct _object *, struct _object *)'
/home/shamil/oss/cpython/3.12/Objects/typeobject.c:4901: note: type_setattro defined here
SUMMARY: UndefinedBehaviorSanitizer: undefined-behavior Objects/object.c:1192:15 
Objects/funcobject.c:877:5: runtime error: call to function visit_reachable through pointer to incorrect function type 'int (*)(struct _object *, void *)'
/home/shamil/oss/cpython/3.12/Modules/gcmodule.c:500: note: visit_reachable defined here
SUMMARY: UndefinedBehaviorSanitizer: undefined-behavior Objects/funcobject.c:877:5 
Objects/funcobject.c:882:5: runtime error: call to function visit_reachable through pointer to incorrect function type 'int (*)(struct _object *, void *)'
/home/shamil/oss/cpython/3.12/Modules/gcmodule.c:500: note: visit_reachable defined here
SUMMARY: UndefinedBehaviorSanitizer: undefined-behavior Objects/funcobject.c:882:5 
Objects/funcobject.c:876:5: runtime error: call to function visit_reachable through pointer to incorrect function type 'int (*)(struct _object *, void *)'
/home/shamil/oss/cpython/3.12/Modules/gcmodule.c:500: note: visit_reachable defined here
SUMMARY: UndefinedBehaviorSanitizer: undefined-behavior Objects/funcobject.c:876:5 
Objects/dictobject.c:5594:13: runtime error: call to function visit_reachable through pointer to incorrect function type 'int (*)(struct _object *, void *)'
/home/shamil/oss/cpython/3.12/Modules/gcmodule.c:500: note: visit_reachable defined here
SUMMARY: UndefinedBehaviorSanitizer: undefined-behavior Objects/dictobject.c:5594:13 
Objects/typeobject.c:1820:9: runtime error: call to function visit_reachable through pointer to incorrect function type 'int (*)(struct _object *, void *)'
/home/shamil/oss/cpython/3.12/Modules/gcmodule.c:500: note: visit_reachable defined here
SUMMARY: UndefinedBehaviorSanitizer: undefined-behavior Objects/typeobject.c:1820:9 
Modules/_threadmodule.c:1739:5: runtime error: call to function visit_reachable through pointer to incorrect function type 'int (*)(struct _object *, void *)'
/home/shamil/oss/cpython/3.12/Modules/gcmodule.c:500: note: visit_reachable defined here
SUMMARY: UndefinedBehaviorSanitizer: undefined-behavior Modules/_threadmodule.c:1739:5 
Modules/_threadmodule.c:1740:5: runtime error: call to function visit_reachable through pointer to incorrect function type 'int (*)(struct _object *, void *)'
/home/shamil/oss/cpython/3.12/Modules/gcmodule.c:500: note: visit_reachable defined here
SUMMARY: UndefinedBehaviorSanitizer: undefined-behavior Modules/_threadmodule.c:1740:5 
Modules/_threadmodule.c:1741:5: runtime error: call to function visit_reachable through pointer to incorrect function type 'int (*)(struct _object *, void *)'
/home/shamil/oss/cpython/3.12/Modules/gcmodule.c:500: note: visit_reachable defined here
SUMMARY: UndefinedBehaviorSanitizer: undefined-behavior Modules/_threadmodule.c:1741:5 
Modules/_threadmodule.c:1742:5: runtime error: call to function visit_reachable through pointer to incorrect function type 'int (*)(struct _object *, void *)'
/home/shamil/oss/cpython/3.12/Modules/gcmodule.c:500: note: visit_reachable defined here
SUMMARY: UndefinedBehaviorSanitizer: undefined-behavior Modules/_threadmodule.c:1742:5 
Objects/typeobject.c:5251:5: runtime error: call to function visit_reachable through pointer to incorrect function type 'int (*)(struct _object *, void *)'
/home/shamil/oss/cpython/3.12/Modules/gcmodule.c:500: note: visit_reachable defined here
SUMMARY: UndefinedBehaviorSanitizer: undefined-behavior Objects/typeobject.c:5251:5 
Objects/classobject.c:316:5: runtime error: call to function visit_reachable through pointer to incorrect function type 'int (*)(struct _object *, void *)'
/home/shamil/oss/cpython/3.12/Modules/gcmodule.c:500: note: visit_reachable defined here
SUMMARY: UndefinedBehaviorSanitizer: undefined-behavior Objects/classobject.c:316:5 
Objects/classobject.c:317:5: runtime error: call to function visit_reachable through pointer to incorrect function type 'int (*)(struct _object *, void *)'
/home/shamil/oss/cpython/3.12/Modules/gcmodule.c:500: note: visit_reachable defined here
SUMMARY: UndefinedBehaviorSanitizer: undefined-behavior Objects/classobject.c:317:5 
Objects/weakrefobject.c:118:5: runtime error: call to function visit_reachable through pointer to incorrect function type 'int (*)(struct _object *, void *)'
/home/shamil/oss/cpython/3.12/Modules/gcmodule.c:500: note: visit_reachable defined here
SUMMARY: UndefinedBehaviorSanitizer: undefined-behavior Objects/weakrefobject.c:118:5 
Modules/_io/_iomodule.c:567:5: runtime error: call to function visit_reachable through pointer to incorrect function type 'int (*)(struct _object *, void *)'
/home/shamil/oss/cpython/3.12/Modules/gcmodule.c:500: note: visit_reachable defined here
SUMMARY: UndefinedBehaviorSanitizer: undefined-behavior Modules/_io/_iomodule.c:567:5 
Modules/_io/_iomodule.c:569:5: runtime error: call to function visit_reachable through pointer to incorrect function type 'int (*)(struct _object *, void *)'
/home/shamil/oss/cpython/3.12/Modules/gcmodule.c:500: note: visit_reachable defined here
SUMMARY: UndefinedBehaviorSanitizer: undefined-behavior Modules/_io/_iomodule.c:569:5 
Modules/_io/_iomodule.c:570:5: runtime error: call to function visit_reachable through pointer to incorrect function type 'int (*)(struct _object *, void *)'
/home/shamil/oss/cpython/3.12/Modules/gcmodule.c:500: note: visit_reachable defined here
SUMMARY: UndefinedBehaviorSanitizer: undefined-behavior Modules/_io/_iomodule.c:570:5 
Modules/_io/_iomodule.c:571:5: runtime error: call to function visit_reachable through pointer to incorrect function type 'int (*)(struct _object *, void *)'
/home/shamil/oss/cpython/3.12/Modules/gcmodule.c:500: note: visit_reachable defined here
SUMMARY: UndefinedBehaviorSanitizer: undefined-behavior Modules/_io/_iomodule.c:571:5 
Modules/_io/_iomodule.c:572:5: runtime error: call to function visit_reachable through pointer to incorrect function type 'int (*)(struct _object *, void *)'
/home/shamil/oss/cpython/3.12/Modules/gcmodule.c:500: note: visit_reachable defined here
SUMMARY: UndefinedBehaviorSanitizer: undefined-behavior Modules/_io/_iomodule.c:572:5 
Modules/_io/_iomodule.c:573:5: runtime error: call to function visit_reachable through pointer to incorrect function type 'int (*)(struct _object *, void *)'
/home/shamil/oss/cpython/3.12/Modules/gcmodule.c:500: note: visit_reachable defined here
SUMMARY: UndefinedBehaviorSanitizer: undefined-behavior Modules/_io/_iomodule.c:573:5 
Modules/_io/_iomodule.c:574:5: runtime error: call to function visit_reachable through pointer to incorrect function type 'int (*)(struct _object *, void *)'
/home/shamil/oss/cpython/3.12/Modules/gcmodule.c:500: note: visit_reachable defined here
SUMMARY: UndefinedBehaviorSanitizer: undefined-behavior Modules/_io/_iomodule.c:574:5 
Modules/_io/_iomodule.c:575:5: runtime error: call to function visit_reachable through pointer to incorrect function type 'int (*)(struct _object *, void *)'
/home/shamil/oss/cpython/3.12/Modules/gcmodule.c:500: note: visit_reachable defined here
SUMMARY: UndefinedBehaviorSanitizer: undefined-behavior Modules/_io/_iomodule.c:575:5 
Modules/_io/_iomodule.c:576:5: runtime error: call to function visit_reachable through pointer to incorrect function type 'int (*)(struct _object *, void *)'
/home/shamil/oss/cpython/3.12/Modules/gcmodule.c:500: note: visit_reachable defined here
SUMMARY: UndefinedBehaviorSanitizer: undefined-behavior Modules/_io/_iomodule.c:576:5 
Modules/_io/_iomodule.c:577:5: runtime error: call to function visit_reachable through pointer to incorrect function type 'int (*)(struct _object *, void *)'
/home/shamil/oss/cpython/3.12/Modules/gcmodule.c:500: note: visit_reachable defined here
SUMMARY: UndefinedBehaviorSanitizer: undefined-behavior Modules/_io/_iomodule.c:577:5 
Modules/_io/_iomodule.c:578:5: runtime error: call to function visit_reachable through pointer to incorrect function type 'int (*)(struct _object *, void *)'
/home/shamil/oss/cpython/3.12/Modules/gcmodule.c:500: note: visit_reachable defined here
SUMMARY: UndefinedBehaviorSanitizer: undefined-behavior Modules/_io/_iomodule.c:578:5 
Modules/_io/_iomodule.c:579:5: runtime error: call to function visit_reachable through pointer to incorrect function type 'int (*)(struct _object *, void *)'
/home/shamil/oss/cpython/3.12/Modules/gcmodule.c:500: note: visit_reachable defined here
SUMMARY: UndefinedBehaviorSanitizer: undefined-behavior Modules/_io/_iomodule.c:579:5 
Modules/_io/_iomodule.c:580:5: runtime error: call to function visit_reachable through pointer to incorrect function type 'int (*)(struct _object *, void *)'
/home/shamil/oss/cpython/3.12/Modules/gcmodule.c:500: note: visit_reachable defined here
SUMMARY: UndefinedBehaviorSanitizer: undefined-behavior Modules/_io/_iomodule.c:580:5 
Modules/_io/_iomodule.c:581:5: runtime error: call to function visit_reachable through pointer to incorrect function type 'int (*)(struct _object *, void *)'
/home/shamil/oss/cpython/3.12/Modules/gcmodule.c:500: note: visit_reachable defined here
SUMMARY: UndefinedBehaviorSanitizer: undefined-behavior Modules/_io/_iomodule.c:581:5 
Modules/_io/_iomodule.c:582:5: runtime error: call to function visit_reachable through pointer to incorrect function type 'int (*)(struct _object *, void *)'
/home/shamil/oss/cpython/3.12/Modules/gcmodule.c:500: note: visit_reachable defined here
SUMMARY: UndefinedBehaviorSanitizer: undefined-behavior Modules/_io/_iomodule.c:582:5 
Objects/descrobject.c:1883:5: runtime error: call to function visit_reachable through pointer to incorrect function type 'int (*)(struct _object *, void *)'
/home/shamil/oss/cpython/3.12/Modules/gcmodule.c:500: note: visit_reachable defined here
SUMMARY: UndefinedBehaviorSanitizer: undefined-behavior Objects/descrobject.c:1883:5 
Objects/descrobject.c:1884:5: runtime error: call to function visit_reachable through pointer to incorrect function type 'int (*)(struct _object *, void *)'
/home/shamil/oss/cpython/3.12/Modules/gcmodule.c:500: note: visit_reachable defined here
SUMMARY: UndefinedBehaviorSanitizer: undefined-behavior Objects/descrobject.c:1884:5 
Objects/descrobject.c:1887:5: runtime error: call to function visit_reachable through pointer to incorrect function type 'int (*)(struct _object *, void *)'
/home/shamil/oss/cpython/3.12/Modules/gcmodule.c:500: note: visit_reachable defined here
SUMMARY: UndefinedBehaviorSanitizer: undefined-behavior Objects/descrobject.c:1887:5 
Objects/descrobject.c:1886:5: runtime error: call to function visit_reachable through pointer to incorrect function type 'int (*)(struct _object *, void *)'
/home/shamil/oss/cpython/3.12/Modules/gcmodule.c:500: note: visit_reachable defined here
SUMMARY: UndefinedBehaviorSanitizer: undefined-behavior Objects/descrobject.c:1886:5 
Objects/funcobject.c:1019:5: runtime error: call to function visit_reachable through pointer to incorrect function type 'int (*)(struct _object *, void *)'
/home/shamil/oss/cpython/3.12/Modules/gcmodule.c:500: note: visit_reachable defined here
SUMMARY: UndefinedBehaviorSanitizer: undefined-behavior Objects/funcobject.c:1019:5 
Objects/funcobject.c:1020:5: runtime error: call to function visit_reachable through pointer to incorrect function type 'int (*)(struct _object *, void *)'
/home/shamil/oss/cpython/3.12/Modules/gcmodule.c:500: note: visit_reachable defined here
SUMMARY: UndefinedBehaviorSanitizer: undefined-behavior Objects/funcobject.c:1020:5 
Objects/funcobject.c:1215:5: runtime error: call to function visit_reachable through pointer to incorrect function type 'int (*)(struct _object *, void *)'
/home/shamil/oss/cpython/3.12/Modules/gcmodule.c:500: note: visit_reachable defined here
SUMMARY: UndefinedBehaviorSanitizer: undefined-behavior Objects/funcobject.c:1215:5 
Objects/funcobject.c:881:5: runtime error: call to function visit_reachable through pointer to incorrect function type 'int (*)(struct _object *, void *)'
/home/shamil/oss/cpython/3.12/Modules/gcmodule.c:500: note: visit_reachable defined here
SUMMARY: UndefinedBehaviorSanitizer: undefined-behavior Objects/funcobject.c:881:5 
Objects/funcobject.c:880:5: runtime error: call to function visit_reachable through pointer to incorrect function type 'int (*)(struct _object *, void *)'
/home/shamil/oss/cpython/3.12/Modules/gcmodule.c:500: note: visit_reachable defined here
SUMMARY: UndefinedBehaviorSanitizer: undefined-behavior Objects/funcobject.c:880:5 
Modules/_threadmodule.c:332:5: runtime error: call to function visit_reachable through pointer to incorrect function type 'int (*)(struct _object *, void *)'
/home/shamil/oss/cpython/3.12/Modules/gcmodule.c:500: note: visit_reachable defined here
SUMMARY: UndefinedBehaviorSanitizer: undefined-behavior Modules/_threadmodule.c:332:5 
Modules/_threadmodule.c:55:5: runtime error: call to function visit_reachable through pointer to incorrect function type 'int (*)(struct _object *, void *)'
/home/shamil/oss/cpython/3.12/Modules/gcmodule.c:500: note: visit_reachable defined here
SUMMARY: UndefinedBehaviorSanitizer: undefined-behavior Modules/_threadmodule.c:55:5 
Objects/cellobject.c:117:5: runtime error: call to function visit_reachable through pointer to incorrect function type 'int (*)(struct _object *, void *)'
/home/shamil/oss/cpython/3.12/Modules/gcmodule.c:500: note: visit_reachable defined here
SUMMARY: UndefinedBehaviorSanitizer: undefined-behavior Objects/cellobject.c:117:5 
Modules/gcmodule.c:1029:24: runtime error: call to function _list_clear through pointer to incorrect function type 'int (*)(struct _object *)'
/home/shamil/oss/cpython/3.12/Objects/listobject.c:595: note: _list_clear defined here
SUMMARY: UndefinedBehaviorSanitizer: undefined-behavior Modules/gcmodule.c:1029:24 
Objects/abstract.c:62:26: runtime error: call to function list_length through pointer to incorrect function type 'long (*)(struct _object *)'
/home/shamil/oss/cpython/3.12/Objects/listobject.c:436: note: list_length defined here
SUMMARY: UndefinedBehaviorSanitizer: undefined-behavior Objects/abstract.c:62:26 
Objects/abstract.c:246:19: runtime error: call to function dict_ass_sub through pointer to incorrect function type 'int (*)(struct _object *, struct _object *, struct _object *)'
/home/shamil/oss/cpython/3.12/Objects/dictobject.c:2525: note: dict_ass_sub defined here
SUMMARY: UndefinedBehaviorSanitizer: undefined-behavior Objects/abstract.c:246:19 
Python/bltinmodule.c:322:16: runtime error: call to function gen_iternext through pointer to incorrect function type 'struct _object *(*)(struct _object *)'
/home/shamil/oss/cpython/3.12/Objects/genobject.c:600: note: gen_iternext defined here
SUMMARY: UndefinedBehaviorSanitizer: undefined-behavior Python/bltinmodule.c:322:16 
Objects/abstract.c:1070:18: runtime error: call to function tupleconcat through pointer to incorrect function type 'struct _object *(*)(struct _object *, struct _object *)'
/home/shamil/oss/cpython/3.12/Objects/tupleobject.c:441: note: tupleconcat defined here
SUMMARY: UndefinedBehaviorSanitizer: undefined-behavior Objects/abstract.c:1070:18 
Objects/abstract.c:390:15: runtime error: call to function bytes_buffer_getbuffer through pointer to incorrect function type 'int (*)(struct _object *, Py_buffer *, int)'
/home/shamil/oss/cpython/3.12/Objects/bytesobject.c:1685: note: bytes_buffer_getbuffer defined here
SUMMARY: UndefinedBehaviorSanitizer: undefined-behavior Objects/abstract.c:390:15 
Objects/methodobject.c:438:24: runtime error: call to function int_from_bytes through pointer to incorrect function type 'struct _object *(*)(struct _object *, struct _object *const *, long, struct _object *)'
/home/shamil/oss/cpython/3.12/Objects/clinic/longobject.c.h:401: note: int_from_bytes defined here
SUMMARY: UndefinedBehaviorSanitizer: undefined-behavior Objects/methodobject.c:438:24 
Objects/descrobject.c:454:24: runtime error: call to function stdprinter_fileno through pointer to incorrect function type 'struct _object *(*)(struct _object *, struct _object *)'
/home/shamil/oss/cpython/3.12/Objects/fileobject.c:359: note: stdprinter_fileno defined here
SUMMARY: UndefinedBehaviorSanitizer: undefined-behavior Objects/descrobject.c:454:24 
Objects/abstract.c:882:13: runtime error: call to function long_add through pointer to incorrect function type 'struct _object *(*)(struct _object *, struct _object *)'
/home/shamil/oss/cpython/3.12/Objects/longobject.c:3525: note: long_add defined here
SUMMARY: UndefinedBehaviorSanitizer: undefined-behavior Objects/abstract.c:882:13 
Include/internal/pycore_object.h:123:9: runtime error: call to function PyObject_Free through pointer to incorrect function type 'void (*)(struct _object *)'
/home/shamil/oss/cpython/3.12/Objects/obmalloc.c:828: note: PyObject_Free defined here
SUMMARY: UndefinedBehaviorSanitizer: undefined-behavior Include/internal/pycore_object.h:123:9 
Objects/listobject.c:944:26: runtime error: call to function gen_iternext through pointer to incorrect function type 'struct _object *(*)(struct _object *)'
/home/shamil/oss/cpython/3.12/Objects/genobject.c:600: note: gen_iternext defined here
SUMMARY: UndefinedBehaviorSanitizer: undefined-behavior Objects/listobject.c:944:26 
Python/bytecodes.c:3094:19: runtime error: call to function list_extend through pointer to incorrect function type 'struct _object *(*)(struct _object *, struct _object *)'
/home/shamil/oss/cpython/3.12/Objects/listobject.c:859: note: list_extend defined here
SUMMARY: UndefinedBehaviorSanitizer: undefined-behavior Python/bytecodes.c:3094:19 
Objects/methodobject.c:481:24: runtime error: call to function _io_FileIO_readall through pointer to incorrect function type 'struct _object *(*)(struct _object *, struct _object *)'
/home/shamil/oss/cpython/3.12/./Modules/_io/clinic/fileio.c.h:284: note: _io_FileIO_readall defined here
SUMMARY: UndefinedBehaviorSanitizer: undefined-behavior Objects/methodobject.c:481:24 
Objects/descrobject.c:387:24: runtime error: call to function _io_FileIO_close through pointer to incorrect function type 'struct _object *(*)(struct _object *, struct _typeobject *, struct _object *const *, unsigned long, struct _object *)'
/home/shamil/oss/cpython/3.12/./Modules/_io/clinic/fileio.c.h:28: note: _io_FileIO_close defined here
SUMMARY: UndefinedBehaviorSanitizer: undefined-behavior Objects/descrobject.c:387:24 
Objects/object.c:816:15: runtime error: call to function bytes_richcompare through pointer to incorrect function type 'struct _object *(*)(struct _object *, struct _object *, int)'
/home/shamil/oss/cpython/3.12/Objects/bytesobject.c:1546: note: bytes_richcompare defined here
SUMMARY: UndefinedBehaviorSanitizer: undefined-behavior Objects/object.c:816:15 
Objects/abstract.c:754:9: runtime error: call to function memory_releasebuf through pointer to incorrect function type 'void (*)(struct _object *, Py_buffer *)'
/home/shamil/oss/cpython/3.12/Objects/memoryobject.c:1591: note: memory_releasebuf defined here
SUMMARY: UndefinedBehaviorSanitizer: undefined-behavior Objects/abstract.c:754:9 
Modules/posixmodule.c:2423:5: runtime error: call to function visit_reachable through pointer to incorrect function type 'int (*)(struct _object *, void *)'
/home/shamil/oss/cpython/3.12/Modules/gcmodule.c:500: note: visit_reachable defined here
SUMMARY: UndefinedBehaviorSanitizer: undefined-behavior Modules/posixmodule.c:2423:5 
Modules/posixmodule.c:2424:5: runtime error: call to function visit_reachable through pointer to incorrect function type 'int (*)(struct _object *, void *)'
/home/shamil/oss/cpython/3.12/Modules/gcmodule.c:500: note: visit_reachable defined here
SUMMARY: UndefinedBehaviorSanitizer: undefined-behavior Modules/posixmodule.c:2424:5 
Modules/posixmodule.c:2425:5: runtime error: call to function visit_reachable through pointer to incorrect function type 'int (*)(struct _object *, void *)'
/home/shamil/oss/cpython/3.12/Modules/gcmodule.c:500: note: visit_reachable defined here
SUMMARY: UndefinedBehaviorSanitizer: undefined-behavior Modules/posixmodule.c:2425:5 
Modules/posixmodule.c:2427:5: runtime error: call to function visit_reachable through pointer to incorrect function type 'int (*)(struct _object *, void *)'
/home/shamil/oss/cpython/3.12/Modules/gcmodule.c:500: note: visit_reachable defined here
SUMMARY: UndefinedBehaviorSanitizer: undefined-behavior Modules/posixmodule.c:2427:5 
Modules/posixmodule.c:2429:5: runtime error: call to function visit_reachable through pointer to incorrect function type 'int (*)(struct _object *, void *)'
/home/shamil/oss/cpython/3.12/Modules/gcmodule.c:500: note: visit_reachable defined here
SUMMARY: UndefinedBehaviorSanitizer: undefined-behavior Modules/posixmodule.c:2429:5 
Modules/posixmodule.c:2430:5: runtime error: call to function visit_reachable through pointer to incorrect function type 'int (*)(struct _object *, void *)'
/home/shamil/oss/cpython/3.12/Modules/gcmodule.c:500: note: visit_reachable defined here
SUMMARY: UndefinedBehaviorSanitizer: undefined-behavior Modules/posixmodule.c:2430:5 
Modules/posixmodule.c:2431:5: runtime error: call to function visit_reachable through pointer to incorrect function type 'int (*)(struct _object *, void *)'
/home/shamil/oss/cpython/3.12/Modules/gcmodule.c:500: note: visit_reachable defined here
SUMMARY: UndefinedBehaviorSanitizer: undefined-behavior Modules/posixmodule.c:2431:5 
Modules/posixmodule.c:2432:5: runtime error: call to function visit_reachable through pointer to incorrect function type 'int (*)(struct _object *, void *)'
/home/shamil/oss/cpython/3.12/Modules/gcmodule.c:500: note: visit_reachable defined here
SUMMARY: UndefinedBehaviorSanitizer: undefined-behavior Modules/posixmodule.c:2432:5 
Modules/posixmodule.c:2433:5: runtime error: call to function visit_reachable through pointer to incorrect function type 'int (*)(struct _object *, void *)'
/home/shamil/oss/cpython/3.12/Modules/gcmodule.c:500: note: visit_reachable defined here
SUMMARY: UndefinedBehaviorSanitizer: undefined-behavior Modules/posixmodule.c:2433:5 
Modules/posixmodule.c:2435:5: runtime error: call to function visit_reachable through pointer to incorrect function type 'int (*)(struct _object *, void *)'
/home/shamil/oss/cpython/3.12/Modules/gcmodule.c:500: note: visit_reachable defined here
SUMMARY: UndefinedBehaviorSanitizer: undefined-behavior Modules/posixmodule.c:2435:5 
Modules/posixmodule.c:2438:5: runtime error: call to function visit_reachable through pointer to incorrect function type 'int (*)(struct _object *, void *)'
/home/shamil/oss/cpython/3.12/Modules/gcmodule.c:500: note: visit_reachable defined here
SUMMARY: UndefinedBehaviorSanitizer: undefined-behavior Modules/posixmodule.c:2438:5 
Modules/posixmodule.c:2440:5: runtime error: call to function visit_reachable through pointer to incorrect function type 'int (*)(struct _object *, void *)'
/home/shamil/oss/cpython/3.12/Modules/gcmodule.c:500: note: visit_reachable defined here
SUMMARY: UndefinedBehaviorSanitizer: undefined-behavior Modules/posixmodule.c:2440:5 
Modules/timemodule.c:2148:5: runtime error: call to function visit_reachable through pointer to incorrect function type 'int (*)(struct _object *, void *)'
/home/shamil/oss/cpython/3.12/Modules/gcmodule.c:500: note: visit_reachable defined here
SUMMARY: UndefinedBehaviorSanitizer: undefined-behavior Modules/timemodule.c:2148:5 
Modules/faulthandler.c:1180:5: runtime error: call to function visit_reachable through pointer to incorrect function type 'int (*)(struct _object *, void *)'
/home/shamil/oss/cpython/3.12/Modules/gcmodule.c:500: note: visit_reachable defined here
SUMMARY: UndefinedBehaviorSanitizer: undefined-behavior Modules/faulthandler.c:1180:5 
Objects/memoryobject.c:1150:5: runtime error: call to function visit_reachable through pointer to incorrect function type 'int (*)(struct _object *, void *)'
/home/shamil/oss/cpython/3.12/Modules/gcmodule.c:500: note: visit_reachable defined here
SUMMARY: UndefinedBehaviorSanitizer: undefined-behavior Objects/memoryobject.c:1150:5 
Objects/memoryobject.c:131:5: runtime error: call to function visit_reachable through pointer to incorrect function type 'int (*)(struct _object *, void *)'
/home/shamil/oss/cpython/3.12/Modules/gcmodule.c:500: note: visit_reachable defined here
SUMMARY: UndefinedBehaviorSanitizer: undefined-behavior Objects/memoryobject.c:131:5 
Objects/abstract.c:1879:25: runtime error: call to function list_item through pointer to incorrect function type 'struct _object *(*)(struct _object *, long)'
/home/shamil/oss/cpython/3.12/Objects/listobject.c:458: note: list_item defined here
SUMMARY: UndefinedBehaviorSanitizer: undefined-behavior Objects/abstract.c:1879:25 
Objects/typeobject.c:4835:19: runtime error: call to function getset_get through pointer to incorrect function type 'struct _object *(*)(struct _object *, struct _object *, struct _object *)'
/home/shamil/oss/cpython/3.12/Objects/descrobject.c:195: note: getset_get defined here
SUMMARY: UndefinedBehaviorSanitizer: undefined-behavior Objects/typeobject.c:4835:19 
Objects/typeobject.c:4868:15: runtime error: call to function method_get through pointer to incorrect function type 'struct _object *(*)(struct _object *, struct _object *, struct _object *)'
/home/shamil/oss/cpython/3.12/Objects/descrobject.c:151: note: method_get defined here
SUMMARY: UndefinedBehaviorSanitizer: undefined-behavior Objects/typeobject.c:4868:15 
Objects/typeobject.c:1824:16: runtime error: call to function tupletraverse through pointer to incorrect function type 'int (*)(struct _object *, int (*)(struct _object *, void *), void *)'
/home/shamil/oss/cpython/3.12/Objects/tupleobject.c:604: note: tupletraverse defined here
SUMMARY: UndefinedBehaviorSanitizer: undefined-behavior Objects/typeobject.c:1824:16 
Modules/signalmodule.c:1676:5: runtime error: call to function visit_reachable through pointer to incorrect function type 'int (*)(struct _object *, void *)'
/home/shamil/oss/cpython/3.12/Modules/gcmodule.c:500: note: visit_reachable defined here
SUMMARY: UndefinedBehaviorSanitizer: undefined-behavior Modules/signalmodule.c:1676:5 
Modules/signalmodule.c:1677:5: runtime error: call to function visit_reachable through pointer to incorrect function type 'int (*)(struct _object *, void *)'
/home/shamil/oss/cpython/3.12/Modules/gcmodule.c:500: note: visit_reachable defined here
SUMMARY: UndefinedBehaviorSanitizer: undefined-behavior Modules/signalmodule.c:1677:5 
Modules/_abc.c:927:5: runtime error: call to function visit_reachable through pointer to incorrect function type 'int (*)(struct _object *, void *)'
/home/shamil/oss/cpython/3.12/Modules/gcmodule.c:500: note: visit_reachable defined here
SUMMARY: UndefinedBehaviorSanitizer: undefined-behavior Modules/_abc.c:927:5 
Modules/_abc.c:48:5: runtime error: call to function visit_reachable through pointer to incorrect function type 'int (*)(struct _object *, void *)'
/home/shamil/oss/cpython/3.12/Modules/gcmodule.c:500: note: visit_reachable defined here
SUMMARY: UndefinedBehaviorSanitizer: undefined-behavior Modules/_abc.c:48:5 
Modules/_abc.c:49:5: runtime error: call to function visit_reachable through pointer to incorrect function type 'int (*)(struct _object *, void *)'
/home/shamil/oss/cpython/3.12/Modules/gcmodule.c:500: note: visit_reachable defined here
SUMMARY: UndefinedBehaviorSanitizer: undefined-behavior Modules/_abc.c:49:5 
Modules/_abc.c:51:5: runtime error: call to function visit_reachable through pointer to incorrect function type 'int (*)(struct _object *, void *)'
/home/shamil/oss/cpython/3.12/Modules/gcmodule.c:500: note: visit_reachable defined here
SUMMARY: UndefinedBehaviorSanitizer: undefined-behavior Modules/_abc.c:51:5 
Modules/_io/textio.c:1475:5: runtime error: call to function visit_reachable through pointer to incorrect function type 'int (*)(struct _object *, void *)'
/home/shamil/oss/cpython/3.12/Modules/gcmodule.c:500: note: visit_reachable defined here
SUMMARY: UndefinedBehaviorSanitizer: undefined-behavior Modules/_io/textio.c:1475:5 
Modules/_io/textio.c:1476:5: runtime error: call to function visit_reachable through pointer to incorrect function type 'int (*)(struct _object *, void *)'
/home/shamil/oss/cpython/3.12/Modules/gcmodule.c:500: note: visit_reachable defined here
SUMMARY: UndefinedBehaviorSanitizer: undefined-behavior Modules/_io/textio.c:1476:5 
Modules/_io/textio.c:1477:5: runtime error: call to function visit_reachable through pointer to incorrect function type 'int (*)(struct _object *, void *)'
/home/shamil/oss/cpython/3.12/Modules/gcmodule.c:500: note: visit_reachable defined here
SUMMARY: UndefinedBehaviorSanitizer: undefined-behavior Modules/_io/textio.c:1477:5 
Modules/_io/textio.c:1479:5: runtime error: call to function visit_reachable through pointer to incorrect function type 'int (*)(struct _object *, void *)'
/home/shamil/oss/cpython/3.12/Modules/gcmodule.c:500: note: visit_reachable defined here
SUMMARY: UndefinedBehaviorSanitizer: undefined-behavior Modules/_io/textio.c:1479:5 
Modules/_io/textio.c:1480:5: runtime error: call to function visit_reachable through pointer to incorrect function type 'int (*)(struct _object *, void *)'
/home/shamil/oss/cpython/3.12/Modules/gcmodule.c:500: note: visit_reachable defined here
SUMMARY: UndefinedBehaviorSanitizer: undefined-behavior Modules/_io/textio.c:1480:5 
Modules/_io/textio.c:1484:5: runtime error: call to function visit_reachable through pointer to incorrect function type 'int (*)(struct _object *, void *)'
/home/shamil/oss/cpython/3.12/Modules/gcmodule.c:500: note: visit_reachable defined here
SUMMARY: UndefinedBehaviorSanitizer: undefined-behavior Modules/_io/textio.c:1484:5 
Modules/_io/textio.c:1485:5: runtime error: call to function visit_reachable through pointer to incorrect function type 'int (*)(struct _object *, void *)'
/home/shamil/oss/cpython/3.12/Modules/gcmodule.c:500: note: visit_reachable defined here
SUMMARY: UndefinedBehaviorSanitizer: undefined-behavior Modules/_io/textio.c:1485:5 
Modules/_io/textio.c:1487:5: runtime error: call to function visit_reachable through pointer to incorrect function type 'int (*)(struct _object *, void *)'
/home/shamil/oss/cpython/3.12/Modules/gcmodule.c:500: note: visit_reachable defined here
SUMMARY: UndefinedBehaviorSanitizer: undefined-behavior Modules/_io/textio.c:1487:5 
Modules/_io/textio.c:1478:5: runtime error: call to function visit_reachable through pointer to incorrect function type 'int (*)(struct _object *, void *)'
/home/shamil/oss/cpython/3.12/Modules/gcmodule.c:500: note: visit_reachable defined here
SUMMARY: UndefinedBehaviorSanitizer: undefined-behavior Modules/_io/textio.c:1478:5 
Objects/dictobject.c:5599:9: runtime error: call to function visit_reachable through pointer to incorrect function type 'int (*)(struct _object *, void *)'
/home/shamil/oss/cpython/3.12/Modules/gcmodule.c:500: note: visit_reachable defined here
SUMMARY: UndefinedBehaviorSanitizer: undefined-behavior Objects/dictobject.c:5599:9 
Modules/_io/bufferedio.c:449:5: runtime error: call to function visit_reachable through pointer to incorrect function type 'int (*)(struct _object *, void *)'
/home/shamil/oss/cpython/3.12/Modules/gcmodule.c:500: note: visit_reachable defined here
SUMMARY: UndefinedBehaviorSanitizer: undefined-behavior Modules/_io/bufferedio.c:449:5 
Modules/_io/bufferedio.c:450:5: runtime error: call to function visit_reachable through pointer to incorrect function type 'int (*)(struct _object *, void *)'
/home/shamil/oss/cpython/3.12/Modules/gcmodule.c:500: note: visit_reachable defined here
SUMMARY: UndefinedBehaviorSanitizer: undefined-behavior Modules/_io/bufferedio.c:450:5 
Modules/_io/bufferedio.c:451:5: runtime error: call to function visit_reachable through pointer to incorrect function type 'int (*)(struct _object *, void *)'
/home/shamil/oss/cpython/3.12/Modules/gcmodule.c:500: note: visit_reachable defined here
SUMMARY: UndefinedBehaviorSanitizer: undefined-behavior Modules/_io/bufferedio.c:451:5 
Modules/_io/fileio.c:517:5: runtime error: call to function visit_reachable through pointer to incorrect function type 'int (*)(struct _object *, void *)'
/home/shamil/oss/cpython/3.12/Modules/gcmodule.c:500: note: visit_reachable defined here
SUMMARY: UndefinedBehaviorSanitizer: undefined-behavior Modules/_io/fileio.c:517:5 
Modules/_io/fileio.c:518:5: runtime error: call to function visit_reachable through pointer to incorrect function type 'int (*)(struct _object *, void *)'
/home/shamil/oss/cpython/3.12/Modules/gcmodule.c:500: note: visit_reachable defined here
SUMMARY: UndefinedBehaviorSanitizer: undefined-behavior Modules/_io/fileio.c:518:5 
Objects/dictobject.c:3543:17: runtime error: call to function visit_reachable through pointer to incorrect function type 'int (*)(struct _object *, void *)'
/home/shamil/oss/cpython/3.12/Modules/gcmodule.c:500: note: visit_reachable defined here
SUMMARY: UndefinedBehaviorSanitizer: undefined-behavior Objects/dictobject.c:3543:17 
Objects/methodobject.c:509:24: runtime error: call to function list_remove through pointer to incorrect function type 'struct _object *(*)(struct _object *, struct _object *)'
/home/shamil/oss/cpython/3.12/Objects/listobject.c:2678: note: list_remove defined here
SUMMARY: UndefinedBehaviorSanitizer: undefined-behavior Objects/methodobject.c:509:24 
Objects/methodobject.c:422:24: runtime error: call to function list_insert through pointer to incorrect function type 'struct _object *(*)(struct _object *, struct _object *const *, long)'
/home/shamil/oss/cpython/3.12/Objects/clinic/listobject.c.h:25: note: list_insert defined here
SUMMARY: UndefinedBehaviorSanitizer: undefined-behavior Objects/methodobject.c:422:24 
Modules/_abc.c:50:5: runtime error: call to function visit_reachable through pointer to incorrect function type 'int (*)(struct _object *, void *)'
/home/shamil/oss/cpython/3.12/Modules/gcmodule.c:500: note: visit_reachable defined here
SUMMARY: UndefinedBehaviorSanitizer: undefined-behavior Modules/_abc.c:50:5 
Python/bltinmodule.c:1382:25: runtime error: call to function tupleiter_next through pointer to incorrect function type 'struct _object *(*)(struct _object *)'
/home/shamil/oss/cpython/3.12/Objects/tupleobject.c:997: note: tupleiter_next defined here
SUMMARY: UndefinedBehaviorSanitizer: undefined-behavior Python/bltinmodule.c:1382:25 
Objects/abstract.c:890:23: runtime error: call to function long_mul through pointer to incorrect function type 'struct _object *(*)(struct _object *, struct _object *)'
/home/shamil/oss/cpython/3.12/Objects/longobject.c:4004: note: long_mul defined here
SUMMARY: UndefinedBehaviorSanitizer: undefined-behavior Objects/abstract.c:890:23 
Python/bltinmodule.c:1494:11: runtime error: call to function gen_iternext through pointer to incorrect function type 'struct _object *(*)(struct _object *)'
/home/shamil/oss/cpython/3.12/Objects/genobject.c:600: note: gen_iternext defined here
SUMMARY: UndefinedBehaviorSanitizer: undefined-behavior Python/bltinmodule.c:1494:11 
Objects/descrobject.c:427:24: runtime error: call to function bytes_decode through pointer to incorrect function type 'struct _object *(*)(struct _object *, struct _object *const *, long, struct _object *)'
/home/shamil/oss/cpython/3.12/Objects/clinic/bytesobject.c.h:710: note: bytes_decode defined here
SUMMARY: UndefinedBehaviorSanitizer: undefined-behavior Objects/descrobject.c:427:24 
Python/bytecodes.c:3123:19: runtime error: call to function bytes_decode through pointer to incorrect function type 'struct _object *(*)(struct _object *, struct _object *const *, long, struct _object *)'
/home/shamil/oss/cpython/3.12/Objects/clinic/bytesobject.c.h:710: note: bytes_decode defined here
SUMMARY: UndefinedBehaviorSanitizer: undefined-behavior Python/bytecodes.c:3123:19 
Objects/abstract.c:1179:27: runtime error: call to function set_ior through pointer to incorrect function type 'struct _object *(*)(struct _object *, struct _object *)'
/home/shamil/oss/cpython/3.12/Objects/setobject.c:1165: note: set_ior defined here
SUMMARY: UndefinedBehaviorSanitizer: undefined-behavior Objects/abstract.c:1179:27 
Python/Python-ast.c:843:5: runtime error: call to function visit_reachable through pointer to incorrect function type 'int (*)(struct _object *, void *)'
/home/shamil/oss/cpython/3.12/Modules/gcmodule.c:500: note: visit_reachable defined here
SUMMARY: UndefinedBehaviorSanitizer: undefined-behavior Python/Python-ast.c:843:5 
Python/bytecodes.c:2913:19: runtime error: call to function builtin_id through pointer to incorrect function type 'struct _object *(*)(struct _object *, struct _object *)'
/home/shamil/oss/cpython/3.12/Python/bltinmodule.c:1236: note: builtin_id defined here
SUMMARY: UndefinedBehaviorSanitizer: undefined-behavior Python/bytecodes.c:2913:19 
Objects/abstract.c:1324:25: runtime error: call to function long_neg through pointer to incorrect function type 'struct _object *(*)(struct _object *)'
/home/shamil/oss/cpython/3.12/Objects/longobject.c:4921: note: long_neg defined here
SUMMARY: UndefinedBehaviorSanitizer: undefined-behavior Objects/abstract.c:1324:25 
Objects/abstract.c:1965:19: runtime error: call to function list_ass_item through pointer to incorrect function type 'int (*)(struct _object *, long, struct _object *)'
/home/shamil/oss/cpython/3.12/Objects/listobject.c:770: note: list_ass_item defined here
SUMMARY: UndefinedBehaviorSanitizer: undefined-behavior Objects/abstract.c:1965:19 
Objects/listobject.c:2095:15: runtime error: call to function bytes_richcompare through pointer to incorrect function type 'struct _object *(*)(struct _object *, struct _object *, int)'
/home/shamil/oss/cpython/3.12/Objects/bytesobject.c:1546: note: bytes_richcompare defined here
SUMMARY: UndefinedBehaviorSanitizer: undefined-behavior Objects/listobject.c:2095:15 
Modules/_operator.c:1844:5: runtime error: call to function visit_reachable through pointer to incorrect function type 'int (*)(struct _object *, void *)'
/home/shamil/oss/cpython/3.12/Modules/gcmodule.c:500: note: visit_reachable defined here
SUMMARY: UndefinedBehaviorSanitizer: undefined-behavior Modules/_operator.c:1844:5 
Modules/_operator.c:1845:5: runtime error: call to function visit_reachable through pointer to incorrect function type 'int (*)(struct _object *, void *)'
/home/shamil/oss/cpython/3.12/Modules/gcmodule.c:500: note: visit_reachable defined here
SUMMARY: UndefinedBehaviorSanitizer: undefined-behavior Modules/_operator.c:1845:5 
Modules/_operator.c:1846:5: runtime error: call to function visit_reachable through pointer to incorrect function type 'int (*)(struct _object *, void *)'
/home/shamil/oss/cpython/3.12/Modules/gcmodule.c:500: note: visit_reachable defined here
SUMMARY: UndefinedBehaviorSanitizer: undefined-behavior Modules/_operator.c:1846:5 
Modules/itertoolsmodule.c:4624:5: runtime error: call to function visit_reachable through pointer to incorrect function type 'int (*)(struct _object *, void *)'
/home/shamil/oss/cpython/3.12/Modules/gcmodule.c:500: note: visit_reachable defined here
SUMMARY: UndefinedBehaviorSanitizer: undefined-behavior Modules/itertoolsmodule.c:4624:5 
Modules/itertoolsmodule.c:4625:5: runtime error: call to function visit_reachable through pointer to incorrect function type 'int (*)(struct _object *, void *)'
/home/shamil/oss/cpython/3.12/Modules/gcmodule.c:500: note: visit_reachable defined here
SUMMARY: UndefinedBehaviorSanitizer: undefined-behavior Modules/itertoolsmodule.c:4625:5 
Modules/itertoolsmodule.c:4626:5: runtime error: call to function visit_reachable through pointer to incorrect function type 'int (*)(struct _object *, void *)'
/home/shamil/oss/cpython/3.12/Modules/gcmodule.c:500: note: visit_reachable defined here
SUMMARY: UndefinedBehaviorSanitizer: undefined-behavior Modules/itertoolsmodule.c:4626:5 
Modules/itertoolsmodule.c:4627:5: runtime error: call to function visit_reachable through pointer to incorrect function type 'int (*)(struct _object *, void *)'
/home/shamil/oss/cpython/3.12/Modules/gcmodule.c:500: note: visit_reachable defined here
SUMMARY: UndefinedBehaviorSanitizer: undefined-behavior Modules/itertoolsmodule.c:4627:5 
Modules/itertoolsmodule.c:4628:5: runtime error: call to function visit_reachable through pointer to incorrect function type 'int (*)(struct _object *, void *)'
/home/shamil/oss/cpython/3.12/Modules/gcmodule.c:500: note: visit_reachable defined here
SUMMARY: UndefinedBehaviorSanitizer: undefined-behavior Modules/itertoolsmodule.c:4628:5 
Modules/itertoolsmodule.c:4629:5: runtime error: call to function visit_reachable through pointer to incorrect function type 'int (*)(struct _object *, void *)'
/home/shamil/oss/cpython/3.12/Modules/gcmodule.c:500: note: visit_reachable defined here
SUMMARY: UndefinedBehaviorSanitizer: undefined-behavior Modules/itertoolsmodule.c:4629:5 
Modules/itertoolsmodule.c:4630:5: runtime error: call to function visit_reachable through pointer to incorrect function type 'int (*)(struct _object *, void *)'
/home/shamil/oss/cpython/3.12/Modules/gcmodule.c:500: note: visit_reachable defined here
SUMMARY: UndefinedBehaviorSanitizer: undefined-behavior Modules/itertoolsmodule.c:4630:5 
Modules/itertoolsmodule.c:4631:5: runtime error: call to function visit_reachable through pointer to incorrect function type 'int (*)(struct _object *, void *)'
/home/shamil/oss/cpython/3.12/Modules/gcmodule.c:500: note: visit_reachable defined here
SUMMARY: UndefinedBehaviorSanitizer: undefined-behavior Modules/itertoolsmodule.c:4631:5 
Modules/itertoolsmodule.c:4632:5: runtime error: call to function visit_reachable through pointer to incorrect function type 'int (*)(struct _object *, void *)'
/home/shamil/oss/cpython/3.12/Modules/gcmodule.c:500: note: visit_reachable defined here
SUMMARY: UndefinedBehaviorSanitizer: undefined-behavior Modules/itertoolsmodule.c:4632:5 
Modules/itertoolsmodule.c:4633:5: runtime error: call to function visit_reachable through pointer to incorrect function type 'int (*)(struct _object *, void *)'
/home/shamil/oss/cpython/3.12/Modules/gcmodule.c:500: note: visit_reachable defined here
SUMMARY: UndefinedBehaviorSanitizer: undefined-behavior Modules/itertoolsmodule.c:4633:5 
Modules/itertoolsmodule.c:4634:5: runtime error: call to function visit_reachable through pointer to incorrect function type 'int (*)(struct _object *, void *)'
/home/shamil/oss/cpython/3.12/Modules/gcmodule.c:500: note: visit_reachable defined here
SUMMARY: UndefinedBehaviorSanitizer: undefined-behavior Modules/itertoolsmodule.c:4634:5 
Modules/itertoolsmodule.c:4635:5: runtime error: call to function visit_reachable through pointer to incorrect function type 'int (*)(struct _object *, void *)'
/home/shamil/oss/cpython/3.12/Modules/gcmodule.c:500: note: visit_reachable defined here
SUMMARY: UndefinedBehaviorSanitizer: undefined-behavior Modules/itertoolsmodule.c:4635:5 
Modules/itertoolsmodule.c:4636:5: runtime error: call to function visit_reachable through pointer to incorrect function type 'int (*)(struct _object *, void *)'
/home/shamil/oss/cpython/3.12/Modules/gcmodule.c:500: note: visit_reachable defined here
SUMMARY: UndefinedBehaviorSanitizer: undefined-behavior Modules/itertoolsmodule.c:4636:5 
Modules/itertoolsmodule.c:4637:5: runtime error: call to function visit_reachable through pointer to incorrect function type 'int (*)(struct _object *, void *)'
/home/shamil/oss/cpython/3.12/Modules/gcmodule.c:500: note: visit_reachable defined here
SUMMARY: UndefinedBehaviorSanitizer: undefined-behavior Modules/itertoolsmodule.c:4637:5 
Modules/itertoolsmodule.c:4638:5: runtime error: call to function visit_reachable through pointer to incorrect function type 'int (*)(struct _object *, void *)'
/home/shamil/oss/cpython/3.12/Modules/gcmodule.c:500: note: visit_reachable defined here
SUMMARY: UndefinedBehaviorSanitizer: undefined-behavior Modules/itertoolsmodule.c:4638:5 
Modules/itertoolsmodule.c:4639:5: runtime error: call to function visit_reachable through pointer to incorrect function type 'int (*)(struct _object *, void *)'
/home/shamil/oss/cpython/3.12/Modules/gcmodule.c:500: note: visit_reachable defined here
SUMMARY: UndefinedBehaviorSanitizer: undefined-behavior Modules/itertoolsmodule.c:4639:5 
Modules/itertoolsmodule.c:4640:5: runtime error: call to function visit_reachable through pointer to incorrect function type 'int (*)(struct _object *, void *)'
/home/shamil/oss/cpython/3.12/Modules/gcmodule.c:500: note: visit_reachable defined here
SUMMARY: UndefinedBehaviorSanitizer: undefined-behavior Modules/itertoolsmodule.c:4640:5 
Modules/itertoolsmodule.c:4641:5: runtime error: call to function visit_reachable through pointer to incorrect function type 'int (*)(struct _object *, void *)'
/home/shamil/oss/cpython/3.12/Modules/gcmodule.c:500: note: visit_reachable defined here
SUMMARY: UndefinedBehaviorSanitizer: undefined-behavior Modules/itertoolsmodule.c:4641:5 
Modules/itertoolsmodule.c:4642:5: runtime error: call to function visit_reachable through pointer to incorrect function type 'int (*)(struct _object *, void *)'
/home/shamil/oss/cpython/3.12/Modules/gcmodule.c:500: note: visit_reachable defined here
SUMMARY: UndefinedBehaviorSanitizer: undefined-behavior Modules/itertoolsmodule.c:4642:5 
Modules/itertoolsmodule.c:4643:5: runtime error: call to function visit_reachable through pointer to incorrect function type 'int (*)(struct _object *, void *)'
/home/shamil/oss/cpython/3.12/Modules/gcmodule.c:500: note: visit_reachable defined here
SUMMARY: UndefinedBehaviorSanitizer: undefined-behavior Modules/itertoolsmodule.c:4643:5 
Modules/itertoolsmodule.c:4644:5: runtime error: call to function visit_reachable through pointer to incorrect function type 'int (*)(struct _object *, void *)'
/home/shamil/oss/cpython/3.12/Modules/gcmodule.c:500: note: visit_reachable defined here
SUMMARY: UndefinedBehaviorSanitizer: undefined-behavior Modules/itertoolsmodule.c:4644:5 
Modules/itertoolsmodule.c:4645:5: runtime error: call to function visit_reachable through pointer to incorrect function type 'int (*)(struct _object *, void *)'
/home/shamil/oss/cpython/3.12/Modules/gcmodule.c:500: note: visit_reachable defined here
SUMMARY: UndefinedBehaviorSanitizer: undefined-behavior Modules/itertoolsmodule.c:4645:5 
Modules/_randommodule.c:634:5: runtime error: call to function visit_reachable through pointer to incorrect function type 'int (*)(struct _object *, void *)'
/home/shamil/oss/cpython/3.12/Modules/gcmodule.c:500: note: visit_reachable defined here
SUMMARY: UndefinedBehaviorSanitizer: undefined-behavior Modules/_randommodule.c:634:5 
Modules/sha2module.c:802:5: runtime error: call to function visit_reachable through pointer to incorrect function type 'int (*)(struct _object *, void *)'
/home/shamil/oss/cpython/3.12/Modules/gcmodule.c:500: note: visit_reachable defined here
SUMMARY: UndefinedBehaviorSanitizer: undefined-behavior Modules/sha2module.c:802:5 
Modules/sha2module.c:803:5: runtime error: call to function visit_reachable through pointer to incorrect function type 'int (*)(struct _object *, void *)'
/home/shamil/oss/cpython/3.12/Modules/gcmodule.c:500: note: visit_reachable defined here
SUMMARY: UndefinedBehaviorSanitizer: undefined-behavior Modules/sha2module.c:803:5 
Modules/sha2module.c:804:5: runtime error: call to function visit_reachable through pointer to incorrect function type 'int (*)(struct _object *, void *)'
/home/shamil/oss/cpython/3.12/Modules/gcmodule.c:500: note: visit_reachable defined here
SUMMARY: UndefinedBehaviorSanitizer: undefined-behavior Modules/sha2module.c:804:5 
Modules/sha2module.c:805:5: runtime error: call to function visit_reachable through pointer to incorrect function type 'int (*)(struct _object *, void *)'
/home/shamil/oss/cpython/3.12/Modules/gcmodule.c:500: note: visit_reachable defined here
SUMMARY: UndefinedBehaviorSanitizer: undefined-behavior Modules/sha2module.c:805:5 
Modules/_collectionsmodule.c:2507:5: runtime error: call to function visit_reachable through pointer to incorrect function type 'int (*)(struct _object *, void *)'
/home/shamil/oss/cpython/3.12/Modules/gcmodule.c:500: note: visit_reachable defined here
SUMMARY: UndefinedBehaviorSanitizer: undefined-behavior Modules/_collectionsmodule.c:2507:5 
Modules/_collectionsmodule.c:2508:5: runtime error: call to function visit_reachable through pointer to incorrect function type 'int (*)(struct _object *, void *)'
/home/shamil/oss/cpython/3.12/Modules/gcmodule.c:500: note: visit_reachable defined here
SUMMARY: UndefinedBehaviorSanitizer: undefined-behavior Modules/_collectionsmodule.c:2508:5 
Modules/_collectionsmodule.c:2509:5: runtime error: call to function visit_reachable through pointer to incorrect function type 'int (*)(struct _object *, void *)'
/home/shamil/oss/cpython/3.12/Modules/gcmodule.c:500: note: visit_reachable defined here
SUMMARY: UndefinedBehaviorSanitizer: undefined-behavior Modules/_collectionsmodule.c:2509:5 
Modules/_collectionsmodule.c:2510:5: runtime error: call to function visit_reachable through pointer to incorrect function type 'int (*)(struct _object *, void *)'
/home/shamil/oss/cpython/3.12/Modules/gcmodule.c:500: note: visit_reachable defined here
SUMMARY: UndefinedBehaviorSanitizer: undefined-behavior Modules/_collectionsmodule.c:2510:5 
Modules/_collectionsmodule.c:2511:5: runtime error: call to function visit_reachable through pointer to incorrect function type 'int (*)(struct _object *, void *)'
/home/shamil/oss/cpython/3.12/Modules/gcmodule.c:500: note: visit_reachable defined here
SUMMARY: UndefinedBehaviorSanitizer: undefined-behavior Modules/_collectionsmodule.c:2511:5 
Objects/funcobject.c:883:5: runtime error: call to function visit_reachable through pointer to incorrect function type 'int (*)(struct _object *, void *)'
/home/shamil/oss/cpython/3.12/Modules/gcmodule.c:500: note: visit_reachable defined here
SUMMARY: UndefinedBehaviorSanitizer: undefined-behavior Objects/funcobject.c:883:5 
Objects/enumobject.c:231:17: runtime error: call to function tupleiter_next through pointer to incorrect function type 'struct _object *(*)(struct _object *)'
/home/shamil/oss/cpython/3.12/Objects/tupleobject.c:997: note: tupleiter_next defined here
SUMMARY: UndefinedBehaviorSanitizer: undefined-behavior Objects/enumobject.c:231:17 
Objects/typeobject.c:7968:11: runtime error: call to function dict_ass_sub through pointer to incorrect function type 'int (*)(struct _object *, struct _object *, struct _object *)'
/home/shamil/oss/cpython/3.12/Objects/dictobject.c:2525: note: dict_ass_sub defined here
SUMMARY: UndefinedBehaviorSanitizer: undefined-behavior Objects/typeobject.c:7968:11 
Objects/typeobject.c:8068:11: runtime error: call to function type_setattro through pointer to incorrect function type 'int (*)(struct _object *, struct _object *, struct _object *)'
/home/shamil/oss/cpython/3.12/Objects/typeobject.c:4901: note: type_setattro defined here
SUMMARY: UndefinedBehaviorSanitizer: undefined-behavior Objects/typeobject.c:8068:11 
Objects/typeobject.c:8050:11: runtime error: call to function type_setattro through pointer to incorrect function type 'int (*)(struct _object *, struct _object *, struct _object *)'
/home/shamil/oss/cpython/3.12/Objects/typeobject.c:4901: note: type_setattro defined here
SUMMARY: UndefinedBehaviorSanitizer: undefined-behavior Objects/typeobject.c:8050:11 
Python/bytecodes.c:3159:19: runtime error: call to function set_pop through pointer to incorrect function type 'struct _object *(*)(struct _object *, struct _object *)'
/home/shamil/oss/cpython/3.12/Objects/setobject.c:630: note: set_pop defined here
SUMMARY: UndefinedBehaviorSanitizer: undefined-behavior Python/bytecodes.c:3159:19 
Objects/abstract.c:2304:26: runtime error: call to function dict_length through pointer to incorrect function type 'long (*)(struct _object *)'
/home/shamil/oss/cpython/3.12/Objects/dictobject.c:2484: note: dict_length defined here
SUMMARY: UndefinedBehaviorSanitizer: undefined-behavior Objects/abstract.c:2304:26 
Modules/_functoolsmodule.c:1499:5: runtime error: call to function visit_reachable through pointer to incorrect function type 'int (*)(struct _object *, void *)'
/home/shamil/oss/cpython/3.12/Modules/gcmodule.c:500: note: visit_reachable defined here
SUMMARY: UndefinedBehaviorSanitizer: undefined-behavior Modules/_functoolsmodule.c:1499:5 
Modules/_functoolsmodule.c:1500:5: runtime error: call to function visit_reachable through pointer to incorrect function type 'int (*)(struct _object *, void *)'
/home/shamil/oss/cpython/3.12/Modules/gcmodule.c:500: note: visit_reachable defined here
SUMMARY: UndefinedBehaviorSanitizer: undefined-behavior Modules/_functoolsmodule.c:1500:5 
Modules/_functoolsmodule.c:1501:5: runtime error: call to function visit_reachable through pointer to incorrect function type 'int (*)(struct _object *, void *)'
/home/shamil/oss/cpython/3.12/Modules/gcmodule.c:500: note: visit_reachable defined here
SUMMARY: UndefinedBehaviorSanitizer: undefined-behavior Modules/_functoolsmodule.c:1501:5 
Modules/_functoolsmodule.c:1502:5: runtime error: call to function visit_reachable through pointer to incorrect function type 'int (*)(struct _object *, void *)'
/home/shamil/oss/cpython/3.12/Modules/gcmodule.c:500: note: visit_reachable defined here
SUMMARY: UndefinedBehaviorSanitizer: undefined-behavior Modules/_functoolsmodule.c:1502:5 
Objects/tupleobject.c:991:5: runtime error: call to function visit_reachable through pointer to incorrect function type 'int (*)(struct _object *, void *)'
/home/shamil/oss/cpython/3.12/Modules/gcmodule.c:500: note: visit_reachable defined here
SUMMARY: UndefinedBehaviorSanitizer: undefined-behavior Objects/tupleobject.c:991:5 
Modules/_sre/sre.c:3268:5: runtime error: call to function visit_reachable through pointer to incorrect function type 'int (*)(struct _object *, void *)'
/home/shamil/oss/cpython/3.12/Modules/gcmodule.c:500: note: visit_reachable defined here
SUMMARY: UndefinedBehaviorSanitizer: undefined-behavior Modules/_sre/sre.c:3268:5 
Modules/_sre/sre.c:3269:5: runtime error: call to function visit_reachable through pointer to incorrect function type 'int (*)(struct _object *, void *)'
/home/shamil/oss/cpython/3.12/Modules/gcmodule.c:500: note: visit_reachable defined here
SUMMARY: UndefinedBehaviorSanitizer: undefined-behavior Modules/_sre/sre.c:3269:5 
Modules/_sre/sre.c:3270:5: runtime error: call to function visit_reachable through pointer to incorrect function type 'int (*)(struct _object *, void *)'
/home/shamil/oss/cpython/3.12/Modules/gcmodule.c:500: note: visit_reachable defined here
SUMMARY: UndefinedBehaviorSanitizer: undefined-behavior Modules/_sre/sre.c:3270:5 
Modules/_sre/sre.c:3271:5: runtime error: call to function visit_reachable through pointer to incorrect function type 'int (*)(struct _object *, void *)'
/home/shamil/oss/cpython/3.12/Modules/gcmodule.c:500: note: visit_reachable defined here
SUMMARY: UndefinedBehaviorSanitizer: undefined-behavior Modules/_sre/sre.c:3271:5 
Modules/_collectionsmodule.c:2431:5: runtime error: call to function visit_reachable through pointer to incorrect function type 'int (*)(struct _object *, void *)'
/home/shamil/oss/cpython/3.12/Modules/gcmodule.c:500: note: visit_reachable defined here
SUMMARY: UndefinedBehaviorSanitizer: undefined-behavior Modules/_collectionsmodule.c:2431:5 
Modules/_collectionsmodule.c:2432:5: runtime error: call to function visit_reachable through pointer to incorrect function type 'int (*)(struct _object *, void *)'
/home/shamil/oss/cpython/3.12/Modules/gcmodule.c:500: note: visit_reachable defined here
SUMMARY: UndefinedBehaviorSanitizer: undefined-behavior Modules/_collectionsmodule.c:2432:5 
Objects/abstract.c:1092:21: runtime error: call to function list_repeat through pointer to incorrect function type 'struct _object *(*)(struct _object *, long)'
/home/shamil/oss/cpython/3.12/Objects/listobject.c:554: note: list_repeat defined here
SUMMARY: UndefinedBehaviorSanitizer: undefined-behavior Objects/abstract.c:1092:21 
Python/bytecodes.c:2880:19: runtime error: call to function range_vectorcall through pointer to incorrect function type 'struct _object *(*)(struct _object *, struct _object *const *, unsigned long, struct _object *)'
/home/shamil/oss/cpython/3.12/Objects/rangeobject.c:146: note: range_vectorcall defined here
SUMMARY: UndefinedBehaviorSanitizer: undefined-behavior Python/bytecodes.c:2880:19 
Objects/object.c:1337:27: runtime error: call to function getset_get through pointer to incorrect function type 'struct _object *(*)(struct _object *, struct _object *, struct _object *)'
/home/shamil/oss/cpython/3.12/Objects/descrobject.c:195: note: getset_get defined here
SUMMARY: UndefinedBehaviorSanitizer: undefined-behavior Objects/object.c:1337:27 
Objects/descrobject.c:331:24: runtime error: call to function bytearray_find through pointer to incorrect function type 'struct _object *(*)(struct _object *, struct _object *)'
/home/shamil/oss/cpython/3.12/Objects/bytearrayobject.c:1126: note: bytearray_find defined here
SUMMARY: UndefinedBehaviorSanitizer: undefined-behavior Objects/descrobject.c:331:24 
Objects/abstract.c:1260:26: runtime error: call to function list_inplace_concat through pointer to incorrect function type 'struct _object *(*)(struct _object *, struct _object *)'
/home/shamil/oss/cpython/3.12/Objects/listobject.c:987: note: list_inplace_concat defined here
SUMMARY: UndefinedBehaviorSanitizer: undefined-behavior Objects/abstract.c:1260:26 
Modules/_functoolsmodule.c:1356:5: runtime error: call to function visit_reachable through pointer to incorrect function type 'int (*)(struct _object *, void *)'
/home/shamil/oss/cpython/3.12/Modules/gcmodule.c:500: note: visit_reachable defined here
SUMMARY: UndefinedBehaviorSanitizer: undefined-behavior Modules/_functoolsmodule.c:1356:5 
Modules/_functoolsmodule.c:1365:5: runtime error: call to function visit_reachable through pointer to incorrect function type 'int (*)(struct _object *, void *)'
/home/shamil/oss/cpython/3.12/Modules/gcmodule.c:500: note: visit_reachable defined here
SUMMARY: UndefinedBehaviorSanitizer: undefined-behavior Modules/_functoolsmodule.c:1365:5 
Modules/_functoolsmodule.c:1366:5: runtime error: call to function visit_reachable through pointer to incorrect function type 'int (*)(struct _object *, void *)'
/home/shamil/oss/cpython/3.12/Modules/gcmodule.c:500: note: visit_reachable defined here
SUMMARY: UndefinedBehaviorSanitizer: undefined-behavior Modules/_functoolsmodule.c:1366:5 
Modules/_functoolsmodule.c:1367:5: runtime error: call to function visit_reachable through pointer to incorrect function type 'int (*)(struct _object *, void *)'
/home/shamil/oss/cpython/3.12/Modules/gcmodule.c:500: note: visit_reachable defined here
SUMMARY: UndefinedBehaviorSanitizer: undefined-behavior Modules/_functoolsmodule.c:1367:5 
Modules/_functoolsmodule.c:1368:5: runtime error: call to function visit_reachable through pointer to incorrect function type 'int (*)(struct _object *, void *)'
/home/shamil/oss/cpython/3.12/Modules/gcmodule.c:500: note: visit_reachable defined here
SUMMARY: UndefinedBehaviorSanitizer: undefined-behavior Modules/_functoolsmodule.c:1368:5 
Modules/_functoolsmodule.c:1369:5: runtime error: call to function visit_reachable through pointer to incorrect function type 'int (*)(struct _object *, void *)'
/home/shamil/oss/cpython/3.12/Modules/gcmodule.c:500: note: visit_reachable defined here
SUMMARY: UndefinedBehaviorSanitizer: undefined-behavior Modules/_functoolsmodule.c:1369:5 
Modules/_functoolsmodule.c:1370:5: runtime error: call to function visit_reachable through pointer to incorrect function type 'int (*)(struct _object *, void *)'
/home/shamil/oss/cpython/3.12/Modules/gcmodule.c:500: note: visit_reachable defined here
SUMMARY: UndefinedBehaviorSanitizer: undefined-behavior Modules/_functoolsmodule.c:1370:5 
Objects/methodobject.c:246:5: runtime error: call to function visit_reachable through pointer to incorrect function type 'int (*)(struct _object *, void *)'
/home/shamil/oss/cpython/3.12/Modules/gcmodule.c:500: note: visit_reachable defined here
SUMMARY: UndefinedBehaviorSanitizer: undefined-behavior Objects/methodobject.c:246:5 
Modules/_sre/sre.c:656:5: runtime error: call to function visit_reachable through pointer to incorrect function type 'int (*)(struct _object *, void *)'
/home/shamil/oss/cpython/3.12/Modules/gcmodule.c:500: note: visit_reachable defined here
SUMMARY: UndefinedBehaviorSanitizer: undefined-behavior Modules/_sre/sre.c:656:5 
Modules/_sre/sre.c:659:5: runtime error: call to function visit_reachable through pointer to incorrect function type 'int (*)(struct _object *, void *)'
/home/shamil/oss/cpython/3.12/Modules/gcmodule.c:500: note: visit_reachable defined here
SUMMARY: UndefinedBehaviorSanitizer: undefined-behavior Modules/_sre/sre.c:659:5 
Objects/descrobject.c:365:14: runtime error: call to function lock_PyThread_acquire_lock through pointer to incorrect function type 'struct _object *(*)(struct _object *, struct _object *, struct _object *)'
/home/shamil/oss/cpython/3.12/./Modules/_threadmodule.c:177: note: lock_PyThread_acquire_lock defined here
SUMMARY: UndefinedBehaviorSanitizer: undefined-behavior Objects/descrobject.c:365:14 
Objects/object.c:1692:15: runtime error: call to function deque_len through pointer to incorrect function type 'long (*)(struct _object *)'
/home/shamil/oss/cpython/3.12/./Modules/_collectionsmodule.c:1069: note: deque_len defined here
SUMMARY: UndefinedBehaviorSanitizer: undefined-behavior Objects/object.c:1692:15 
Objects/descrobject.c:1413:5: runtime error: call to function visit_reachable through pointer to incorrect function type 'int (*)(struct _object *, void *)'
/home/shamil/oss/cpython/3.12/Modules/gcmodule.c:500: note: visit_reachable defined here
SUMMARY: UndefinedBehaviorSanitizer: undefined-behavior Objects/descrobject.c:1413:5 
Objects/descrobject.c:1414:5: runtime error: call to function visit_reachable through pointer to incorrect function type 'int (*)(struct _object *, void *)'
/home/shamil/oss/cpython/3.12/Modules/gcmodule.c:500: note: visit_reachable defined here
SUMMARY: UndefinedBehaviorSanitizer: undefined-behavior Objects/descrobject.c:1414:5 
Modules/_collectionsmodule.c:1355:5: runtime error: call to function visit_reachable through pointer to incorrect function type 'int (*)(struct _object *, void *)'
/home/shamil/oss/cpython/3.12/Modules/gcmodule.c:500: note: visit_reachable defined here
SUMMARY: UndefinedBehaviorSanitizer: undefined-behavior Modules/_collectionsmodule.c:1355:5 
Modules/itertoolsmodule.c:4104:5: runtime error: call to function visit_reachable through pointer to incorrect function type 'int (*)(struct _object *, void *)'
/home/shamil/oss/cpython/3.12/Modules/gcmodule.c:500: note: visit_reachable defined here
SUMMARY: UndefinedBehaviorSanitizer: undefined-behavior Modules/itertoolsmodule.c:4104:5 
Modules/itertoolsmodule.c:4106:5: runtime error: call to function visit_reachable through pointer to incorrect function type 'int (*)(struct _object *, void *)'
/home/shamil/oss/cpython/3.12/Modules/gcmodule.c:500: note: visit_reachable defined here
SUMMARY: UndefinedBehaviorSanitizer: undefined-behavior Modules/itertoolsmodule.c:4106:5 
Objects/abstract.c:1358:25: runtime error: call to function long_invert through pointer to incorrect function type 'struct _object *(*)(struct _object *)'
/home/shamil/oss/cpython/3.12/Objects/longobject.c:4905: note: long_invert defined here
SUMMARY: UndefinedBehaviorSanitizer: undefined-behavior Objects/abstract.c:1358:25 
Objects/abstract.c:1749:25: runtime error: call to function tupleconcat through pointer to incorrect function type 'struct _object *(*)(struct _object *, struct _object *)'
/home/shamil/oss/cpython/3.12/Objects/tupleobject.c:441: note: tupleconcat defined here
SUMMARY: UndefinedBehaviorSanitizer: undefined-behavior Objects/abstract.c:1749:25 
Python/bltinmodule.c:2872:20: runtime error: call to function listiter_next through pointer to incorrect function type 'struct _object *(*)(struct _object *)'
/home/shamil/oss/cpython/3.12/Objects/listobject.c:3262: note: listiter_next defined here
SUMMARY: UndefinedBehaviorSanitizer: undefined-behavior Python/bltinmodule.c:2872:20 
Objects/abstract.c:1719:26: runtime error: call to function tuplelength through pointer to incorrect function type 'long (*)(struct _object *)'
/home/shamil/oss/cpython/3.12/Objects/tupleobject.c:346: note: tuplelength defined here
SUMMARY: UndefinedBehaviorSanitizer: undefined-behavior Objects/abstract.c:1719:26 
Python/bltinmodule.c:2895:20: runtime error: call to function listreviter_next through pointer to incorrect function type 'struct _object *(*)(struct _object *)'
/home/shamil/oss/cpython/3.12/Objects/listobject.c:3411: note: listreviter_next defined here
SUMMARY: UndefinedBehaviorSanitizer: undefined-behavior Python/bltinmodule.c:2895:20 
Python/Python-tokenize.c:382:5: runtime error: call to function visit_reachable through pointer to incorrect function type 'int (*)(struct _object *, void *)'
/home/shamil/oss/cpython/3.12/Modules/gcmodule.c:500: note: visit_reachable defined here
SUMMARY: UndefinedBehaviorSanitizer: undefined-behavior Python/Python-tokenize.c:382:5 
Objects/descrobject.c:1206:5: runtime error: call to function visit_reachable through pointer to incorrect function type 'int (*)(struct _object *, void *)'
/home/shamil/oss/cpython/3.12/Modules/gcmodule.c:500: note: visit_reachable defined here
SUMMARY: UndefinedBehaviorSanitizer: undefined-behavior Objects/descrobject.c:1206:5 
Python/bytecodes.c:853:26: runtime error: call to function listiter_next through pointer to incorrect function type 'struct _object *(*)(struct _object *)'
/home/shamil/oss/cpython/3.12/Objects/listobject.c:3262: note: listiter_next defined here
SUMMARY: UndefinedBehaviorSanitizer: undefined-behavior Python/bytecodes.c:853:26 
Modules/_sre/sre.c:657:5: runtime error: call to function visit_reachable through pointer to incorrect function type 'int (*)(struct _object *, void *)'
/home/shamil/oss/cpython/3.12/Modules/gcmodule.c:500: note: visit_reachable defined here
SUMMARY: UndefinedBehaviorSanitizer: undefined-behavior Modules/_sre/sre.c:657:5 
Modules/_sre/sre.c:658:5: runtime error: call to function visit_reachable through pointer to incorrect function type 'int (*)(struct _object *, void *)'
/home/shamil/oss/cpython/3.12/Modules/gcmodule.c:500: note: visit_reachable defined here
SUMMARY: UndefinedBehaviorSanitizer: undefined-behavior Modules/_sre/sre.c:658:5 
Objects/genericaliasobject.c:45:5: runtime error: call to function visit_reachable through pointer to incorrect function type 'int (*)(struct _object *, void *)'
/home/shamil/oss/cpython/3.12/Modules/gcmodule.c:500: note: visit_reachable defined here
SUMMARY: UndefinedBehaviorSanitizer: undefined-behavior Objects/genericaliasobject.c:45:5 
Objects/genericaliasobject.c:46:5: runtime error: call to function visit_reachable through pointer to incorrect function type 'int (*)(struct _object *, void *)'
/home/shamil/oss/cpython/3.12/Modules/gcmodule.c:500: note: visit_reachable defined here
SUMMARY: UndefinedBehaviorSanitizer: undefined-behavior Objects/genericaliasobject.c:46:5 
Modules/_localemodule.c:937:5: runtime error: call to function visit_reachable through pointer to incorrect function type 'int (*)(struct _object *, void *)'
/home/shamil/oss/cpython/3.12/Modules/gcmodule.c:500: note: visit_reachable defined here
SUMMARY: UndefinedBehaviorSanitizer: undefined-behavior Modules/_localemodule.c:937:5 
Modules/selectmodule.c:2529:5: runtime error: call to function visit_reachable through pointer to incorrect function type 'int (*)(struct _object *, void *)'
/home/shamil/oss/cpython/3.12/Modules/gcmodule.c:500: note: visit_reachable defined here
SUMMARY: UndefinedBehaviorSanitizer: undefined-behavior Modules/selectmodule.c:2529:5 
Modules/selectmodule.c:2530:5: runtime error: call to function visit_reachable through pointer to incorrect function type 'int (*)(struct _object *, void *)'
/home/shamil/oss/cpython/3.12/Modules/gcmodule.c:500: note: visit_reachable defined here
SUMMARY: UndefinedBehaviorSanitizer: undefined-behavior Modules/selectmodule.c:2530:5 
Modules/selectmodule.c:2532:5: runtime error: call to function visit_reachable through pointer to incorrect function type 'int (*)(struct _object *, void *)'
/home/shamil/oss/cpython/3.12/Modules/gcmodule.c:500: note: visit_reachable defined here
SUMMARY: UndefinedBehaviorSanitizer: undefined-behavior Modules/selectmodule.c:2532:5 
Modules/zlibmodule.c:2003:5: runtime error: call to function visit_reachable through pointer to incorrect function type 'int (*)(struct _object *, void *)'
/home/shamil/oss/cpython/3.12/Modules/gcmodule.c:500: note: visit_reachable defined here
SUMMARY: UndefinedBehaviorSanitizer: undefined-behavior Modules/zlibmodule.c:2003:5 
Modules/zlibmodule.c:2004:5: runtime error: call to function visit_reachable through pointer to incorrect function type 'int (*)(struct _object *, void *)'
/home/shamil/oss/cpython/3.12/Modules/gcmodule.c:500: note: visit_reachable defined here
SUMMARY: UndefinedBehaviorSanitizer: undefined-behavior Modules/zlibmodule.c:2004:5 
Modules/zlibmodule.c:2005:5: runtime error: call to function visit_reachable through pointer to incorrect function type 'int (*)(struct _object *, void *)'
/home/shamil/oss/cpython/3.12/Modules/gcmodule.c:500: note: visit_reachable defined here
SUMMARY: UndefinedBehaviorSanitizer: undefined-behavior Modules/zlibmodule.c:2005:5 
Modules/zlibmodule.c:2006:5: runtime error: call to function visit_reachable through pointer to incorrect function type 'int (*)(struct _object *, void *)'
/home/shamil/oss/cpython/3.12/Modules/gcmodule.c:500: note: visit_reachable defined here
SUMMARY: UndefinedBehaviorSanitizer: undefined-behavior Modules/zlibmodule.c:2006:5 
Modules/_bz2module.c:780:5: runtime error: call to function visit_reachable through pointer to incorrect function type 'int (*)(struct _object *, void *)'
/home/shamil/oss/cpython/3.12/Modules/gcmodule.c:500: note: visit_reachable defined here
SUMMARY: UndefinedBehaviorSanitizer: undefined-behavior Modules/_bz2module.c:780:5 
Modules/_bz2module.c:781:5: runtime error: call to function visit_reachable through pointer to incorrect function type 'int (*)(struct _object *, void *)'
/home/shamil/oss/cpython/3.12/Modules/gcmodule.c:500: note: visit_reachable defined here
SUMMARY: UndefinedBehaviorSanitizer: undefined-behavior Modules/_bz2module.c:781:5 
Modules/_lzmamodule.c:1624:5: runtime error: call to function visit_reachable through pointer to incorrect function type 'int (*)(struct _object *, void *)'
/home/shamil/oss/cpython/3.12/Modules/gcmodule.c:500: note: visit_reachable defined here
SUMMARY: UndefinedBehaviorSanitizer: undefined-behavior Modules/_lzmamodule.c:1624:5 
Modules/_lzmamodule.c:1625:5: runtime error: call to function visit_reachable through pointer to incorrect function type 'int (*)(struct _object *, void *)'
/home/shamil/oss/cpython/3.12/Modules/gcmodule.c:500: note: visit_reachable defined here
SUMMARY: UndefinedBehaviorSanitizer: undefined-behavior Modules/_lzmamodule.c:1625:5 
Modules/_lzmamodule.c:1626:5: runtime error: call to function visit_reachable through pointer to incorrect function type 'int (*)(struct _object *, void *)'
/home/shamil/oss/cpython/3.12/Modules/gcmodule.c:500: note: visit_reachable defined here
SUMMARY: UndefinedBehaviorSanitizer: undefined-behavior Modules/_lzmamodule.c:1626:5 
Modules/_lzmamodule.c:1627:5: runtime error: call to function visit_reachable through pointer to incorrect function type 'int (*)(struct _object *, void *)'
/home/shamil/oss/cpython/3.12/Modules/gcmodule.c:500: note: visit_reachable defined here
SUMMARY: UndefinedBehaviorSanitizer: undefined-behavior Modules/_lzmamodule.c:1627:5 
Objects/unionobject.c:34:5: runtime error: call to function visit_reachable through pointer to incorrect function type 'int (*)(struct _object *, void *)'
/home/shamil/oss/cpython/3.12/Modules/gcmodule.c:500: note: visit_reachable defined here
SUMMARY: UndefinedBehaviorSanitizer: undefined-behavior Objects/unionobject.c:34:5 
Modules/_json.c:637:5: runtime error: call to function visit_reachable through pointer to incorrect function type 'int (*)(struct _object *, void *)'
/home/shamil/oss/cpython/3.12/Modules/gcmodule.c:500: note: visit_reachable defined here
SUMMARY: UndefinedBehaviorSanitizer: undefined-behavior Modules/_json.c:637:5 
Modules/_json.c:638:5: runtime error: call to function visit_reachable through pointer to incorrect function type 'int (*)(struct _object *, void *)'
/home/shamil/oss/cpython/3.12/Modules/gcmodule.c:500: note: visit_reachable defined here
SUMMARY: UndefinedBehaviorSanitizer: undefined-behavior Modules/_json.c:638:5 
Modules/_json.c:639:5: runtime error: call to function visit_reachable through pointer to incorrect function type 'int (*)(struct _object *, void *)'
/home/shamil/oss/cpython/3.12/Modules/gcmodule.c:500: note: visit_reachable defined here
SUMMARY: UndefinedBehaviorSanitizer: undefined-behavior Modules/_json.c:639:5 
Modules/_json.c:640:5: runtime error: call to function visit_reachable through pointer to incorrect function type 'int (*)(struct _object *, void *)'
/home/shamil/oss/cpython/3.12/Modules/gcmodule.c:500: note: visit_reachable defined here
SUMMARY: UndefinedBehaviorSanitizer: undefined-behavior Modules/_json.c:640:5 
Modules/_json.c:641:5: runtime error: call to function visit_reachable through pointer to incorrect function type 'int (*)(struct _object *, void *)'
/home/shamil/oss/cpython/3.12/Modules/gcmodule.c:500: note: visit_reachable defined here
SUMMARY: UndefinedBehaviorSanitizer: undefined-behavior Modules/_json.c:641:5 
Modules/_json.c:642:5: runtime error: call to function visit_reachable through pointer to incorrect function type 'int (*)(struct _object *, void *)'
/home/shamil/oss/cpython/3.12/Modules/gcmodule.c:500: note: visit_reachable defined here
SUMMARY: UndefinedBehaviorSanitizer: undefined-behavior Modules/_json.c:642:5 
Modules/_json.c:643:5: runtime error: call to function visit_reachable through pointer to incorrect function type 'int (*)(struct _object *, void *)'
/home/shamil/oss/cpython/3.12/Modules/gcmodule.c:500: note: visit_reachable defined here
SUMMARY: UndefinedBehaviorSanitizer: undefined-behavior Modules/_json.c:643:5 
Objects/abstract.c:1903:25: runtime error: call to function tuplesubscript through pointer to incorrect function type 'struct _object *(*)(struct _object *, struct _object *)'
/home/shamil/oss/cpython/3.12/Objects/tupleobject.c:764: note: tuplesubscript defined here
SUMMARY: UndefinedBehaviorSanitizer: undefined-behavior Objects/abstract.c:1903:25 
Objects/typeobject.c:1766:27: runtime error: call to function visit_reachable through pointer to incorrect function type 'int (*)(struct _object *, void *)'
/home/shamil/oss/cpython/3.12/Modules/gcmodule.c:500: note: visit_reachable defined here
SUMMARY: UndefinedBehaviorSanitizer: undefined-behavior Objects/typeobject.c:1766:27 
Modules/_functoolsmodule.c:1360:9: runtime error: call to function visit_reachable through pointer to incorrect function type 'int (*)(struct _object *, void *)'
/home/shamil/oss/cpython/3.12/Modules/gcmodule.c:500: note: visit_reachable defined here
SUMMARY: UndefinedBehaviorSanitizer: undefined-behavior Modules/_functoolsmodule.c:1360:9 
Modules/_functoolsmodule.c:1361:9: runtime error: call to function visit_reachable through pointer to incorrect function type 'int (*)(struct _object *, void *)'
/home/shamil/oss/cpython/3.12/Modules/gcmodule.c:500: note: visit_reachable defined here
SUMMARY: UndefinedBehaviorSanitizer: undefined-behavior Modules/_functoolsmodule.c:1361:9 
Modules/_functoolsmodule.c:1362:9: runtime error: call to function visit_reachable through pointer to incorrect function type 'int (*)(struct _object *, void *)'
/home/shamil/oss/cpython/3.12/Modules/gcmodule.c:500: note: visit_reachable defined here
SUMMARY: UndefinedBehaviorSanitizer: undefined-behavior Modules/_functoolsmodule.c:1362:9 
Modules/_collectionsmodule.c:2156:5: runtime error: call to function visit_reachable through pointer to incorrect function type 'int (*)(struct _object *, void *)'
/home/shamil/oss/cpython/3.12/Modules/gcmodule.c:500: note: visit_reachable defined here
SUMMARY: UndefinedBehaviorSanitizer: undefined-behavior Modules/_collectionsmodule.c:2156:5 
Modules/_collectionsmodule.c:2157:5: runtime error: call to function visit_reachable through pointer to incorrect function type 'int (*)(struct _object *, void *)'
/home/shamil/oss/cpython/3.12/Modules/gcmodule.c:500: note: visit_reachable defined here
SUMMARY: UndefinedBehaviorSanitizer: undefined-behavior Modules/_collectionsmodule.c:2157:5 
Objects/typevarobject.c:213:5: runtime error: call to function visit_reachable through pointer to incorrect function type 'int (*)(struct _object *, void *)'
/home/shamil/oss/cpython/3.12/Modules/gcmodule.c:500: note: visit_reachable defined here
SUMMARY: UndefinedBehaviorSanitizer: undefined-behavior Objects/typevarobject.c:213:5 
Objects/typevarobject.c:215:5: runtime error: call to function visit_reachable through pointer to incorrect function type 'int (*)(struct _object *, void *)'
/home/shamil/oss/cpython/3.12/Modules/gcmodule.c:500: note: visit_reachable defined here
SUMMARY: UndefinedBehaviorSanitizer: undefined-behavior Objects/typevarobject.c:215:5 
Objects/typevarobject.c:217:5: runtime error: call to function visit_reachable through pointer to incorrect function type 'int (*)(struct _object *, void *)'
/home/shamil/oss/cpython/3.12/Modules/gcmodule.c:500: note: visit_reachable defined here
SUMMARY: UndefinedBehaviorSanitizer: undefined-behavior Objects/typevarobject.c:217:5 
Modules/_functoolsmodule.c:171:5: runtime error: call to function visit_reachable through pointer to incorrect function type 'int (*)(struct _object *, void *)'
/home/shamil/oss/cpython/3.12/Modules/gcmodule.c:500: note: visit_reachable defined here
SUMMARY: UndefinedBehaviorSanitizer: undefined-behavior Modules/_functoolsmodule.c:171:5 
Modules/_functoolsmodule.c:172:5: runtime error: call to function visit_reachable through pointer to incorrect function type 'int (*)(struct _object *, void *)'
/home/shamil/oss/cpython/3.12/Modules/gcmodule.c:500: note: visit_reachable defined here
SUMMARY: UndefinedBehaviorSanitizer: undefined-behavior Modules/_functoolsmodule.c:172:5 
Modules/_functoolsmodule.c:173:5: runtime error: call to function visit_reachable through pointer to incorrect function type 'int (*)(struct _object *, void *)'
/home/shamil/oss/cpython/3.12/Modules/gcmodule.c:500: note: visit_reachable defined here
SUMMARY: UndefinedBehaviorSanitizer: undefined-behavior Modules/_functoolsmodule.c:173:5 
Modules/_functoolsmodule.c:174:5: runtime error: call to function visit_reachable through pointer to incorrect function type 'int (*)(struct _object *, void *)'
/home/shamil/oss/cpython/3.12/Modules/gcmodule.c:500: note: visit_reachable defined here
SUMMARY: UndefinedBehaviorSanitizer: undefined-behavior Modules/_functoolsmodule.c:174:5 
Objects/typeobject.c:7781:12: runtime error: call to function _Py_type_getattro through pointer to incorrect function type 'struct _object *(*)(struct _object *, struct _object *)'
/home/shamil/oss/cpython/3.12/Objects/typeobject.c:4895: note: _Py_type_getattro defined here
SUMMARY: UndefinedBehaviorSanitizer: undefined-behavior Objects/typeobject.c:7781:12 
Objects/typeobject.c:8167:12: runtime error: call to function getset_get through pointer to incorrect function type 'struct _object *(*)(struct _object *, struct _object *, struct _object *)'
/home/shamil/oss/cpython/3.12/Objects/descrobject.c:195: note: getset_get defined here
SUMMARY: UndefinedBehaviorSanitizer: undefined-behavior Objects/typeobject.c:8167:12 
Objects/classobject.c:196:20: runtime error: call to function member_get through pointer to incorrect function type 'struct _object *(*)(struct _object *, struct _object *, struct _object *)'
/home/shamil/oss/cpython/3.12/Objects/descrobject.c:175: note: member_get defined here
SUMMARY: UndefinedBehaviorSanitizer: undefined-behavior Objects/classobject.c:196:20 
Objects/odictobject.c:1376:5: runtime error: call to function dict_dealloc through pointer to incorrect function type 'void (*)(struct _object *)'
/home/shamil/oss/cpython/3.12/Objects/dictobject.c:2352: note: dict_dealloc defined here
SUMMARY: UndefinedBehaviorSanitizer: undefined-behavior Objects/odictobject.c:1376:5 
Modules/itertoolsmodule.c:3912:16: runtime error: call to function chain_next through pointer to incorrect function type 'struct _object *(*)(struct _object *)'
/home/shamil/oss/cpython/3.12/./Modules/itertoolsmodule.c:2088: note: chain_next defined here
SUMMARY: UndefinedBehaviorSanitizer: undefined-behavior Modules/itertoolsmodule.c:3912:16 
Modules/itertoolsmodule.c:2108:16: runtime error: call to function tupleiter_next through pointer to incorrect function type 'struct _object *(*)(struct _object *)'
/home/shamil/oss/cpython/3.12/Objects/tupleobject.c:997: note: tupleiter_next defined here
SUMMARY: UndefinedBehaviorSanitizer: undefined-behavior Modules/itertoolsmodule.c:2108:16 
Objects/typevarobject.c:1388:5: runtime error: call to function visit_reachable through pointer to incorrect function type 'int (*)(struct _object *, void *)'
/home/shamil/oss/cpython/3.12/Modules/gcmodule.c:500: note: visit_reachable defined here
SUMMARY: UndefinedBehaviorSanitizer: undefined-behavior Objects/typevarobject.c:1388:5 
Objects/genericaliasobject.c:47:5: runtime error: call to function visit_reachable through pointer to incorrect function type 'int (*)(struct _object *, void *)'
/home/shamil/oss/cpython/3.12/Modules/gcmodule.c:500: note: visit_reachable defined here
SUMMARY: UndefinedBehaviorSanitizer: undefined-behavior Objects/genericaliasobject.c:47:5 
Objects/typevarobject.c:216:5: runtime error: call to function visit_reachable through pointer to incorrect function type 'int (*)(struct _object *, void *)'
/home/shamil/oss/cpython/3.12/Modules/gcmodule.c:500: note: visit_reachable defined here
SUMMARY: UndefinedBehaviorSanitizer: undefined-behavior Objects/typevarobject.c:216:5 
Python/bytecodes.c:2938:19: runtime error: call to function dict_setdefault through pointer to incorrect function type 'struct _object *(*)(struct _object *, struct _object *const *, long)'
/home/shamil/oss/cpython/3.12/Objects/clinic/dictobject.c.h:105: note: dict_setdefault defined here
SUMMARY: UndefinedBehaviorSanitizer: undefined-behavior Python/bytecodes.c:2938:19 
Objects/abstract.c:1375:25: runtime error: call to function long_abs through pointer to incorrect function type 'struct _object *(*)(struct _object *)'
/home/shamil/oss/cpython/3.12/Objects/longobject.c:4933: note: long_abs defined here
SUMMARY: UndefinedBehaviorSanitizer: undefined-behavior Objects/abstract.c:1375:25 
Objects/typeobject.c:8143:11: runtime error: call to function count_next through pointer to incorrect function type 'struct _object *(*)(struct _object *)'
/home/shamil/oss/cpython/3.12/./Modules/itertoolsmodule.c:4134: note: count_next defined here
SUMMARY: UndefinedBehaviorSanitizer: undefined-behavior Objects/typeobject.c:8143:11 
Using random seed: 2066044882
0:00:00 load avg: 0.93 Run 1 test in parallel using 1 worker process
Objects/object.c:367:5: runtime error: call to function ScandirIterator_finalize through pointer to incorrect function type 'void (*)(struct _object *)'
/home/shamil/oss/cpython/3.12/./Modules/posixmodule.c:15412: note: ScandirIterator_finalize defined here
SUMMARY: UndefinedBehaviorSanitizer: undefined-behavior Objects/object.c:367:5 
Objects/typeobject.c:8263:9: runtime error: call to function BaseException_init through pointer to incorrect function type 'int (*)(struct _object *, struct _object *, struct _object *)'
/home/shamil/oss/cpython/3.12/Objects/exceptions.c:72: note: BaseException_init defined here
SUMMARY: UndefinedBehaviorSanitizer: undefined-behavior Objects/typeobject.c:8263:9 
0:00:19 load avg: 0.95 [1/1/1] test_capi worker non-zero exit code (Exit code 1)
Modules/_io/textio.c:1699:17: runtime error: call to function utf8_encode through pointer to incorrect function type 'struct _object *(*)(struct _object *, struct _object *)'
/home/shamil/oss/cpython/3.12/./Modules/_io/textio.c:781: note: utf8_encode defined here
SUMMARY: UndefinedBehaviorSanitizer: undefined-behavior Modules/_io/textio.c:1699:17 
Objects/object.c:2640:5: runtime error: call to function list_dealloc through pointer to incorrect function type 'void (*)(struct _object *)'
/home/shamil/oss/cpython/3.12/Objects/listobject.c:345: note: list_dealloc defined here
SUMMARY: UndefinedBehaviorSanitizer: undefined-behavior Objects/object.c:2640:5 
Modules/gcmodule.c:2253:11: runtime error: call to function gc_traverse through pointer to incorrect function type 'int (*)(struct _object *, int (*)(struct _object *, void *), void *)'
/home/shamil/oss/cpython/3.12/Objects/weakrefobject.c:117: note: gc_traverse defined here
SUMMARY: UndefinedBehaviorSanitizer: undefined-behavior Modules/gcmodule.c:2253:11 
Objects/object.c:911:16: runtime error: call to function long_hash through pointer to incorrect function type 'long (*)(struct _object *)'
/home/shamil/oss/cpython/3.12/Objects/longobject.c:3347: note: long_hash defined here
SUMMARY: UndefinedBehaviorSanitizer: undefined-behavior Objects/object.c:911:16 
Include/internal/pycore_object.h:344:20: runtime error: call to function type_is_gc through pointer to incorrect function type 'int (*)(struct _object *)'
/home/shamil/oss/cpython/3.12/Objects/typeobject.c:5313: note: type_is_gc defined here
SUMMARY: UndefinedBehaviorSanitizer: undefined-behavior Include/internal/pycore_object.h:344:20 
Objects/abstract.c:157:26: runtime error: call to function dict_subscript through pointer to incorrect function type 'struct _object *(*)(struct _object *, struct _object *)'
/home/shamil/oss/cpython/3.12/Objects/dictobject.c:2490: note: dict_subscript defined here
SUMMARY: UndefinedBehaviorSanitizer: undefined-behavior Objects/abstract.c:157:26 
Objects/abstract.c:2847:14: runtime error: call to function tupleiter_next through pointer to incorrect function type 'struct _object *(*)(struct _object *)'
/home/shamil/oss/cpython/3.12/Objects/tupleobject.c:997: note: tupleiter_next defined here
SUMMARY: UndefinedBehaviorSanitizer: undefined-behavior Objects/abstract.c:2847:14 
Objects/abstract.c:212:19: runtime error: call to function dict_ass_sub through pointer to incorrect function type 'int (*)(struct _object *, struct _object *, struct _object *)'
/home/shamil/oss/cpython/3.12/Objects/dictobject.c:2525: note: dict_ass_sub defined here
SUMMARY: UndefinedBehaviorSanitizer: undefined-behavior Objects/abstract.c:212:19 
Objects/call.c:240:18: runtime error: call to function type_call through pointer to incorrect function type 'struct _object *(*)(struct _object *, struct _object *, struct _object *)'
/home/shamil/oss/cpython/3.12/Objects/typeobject.c:1628: note: type_call defined here
SUMMARY: UndefinedBehaviorSanitizer: undefined-behavior Objects/call.c:240:18 
Objects/typeobject.c:10384:24: runtime error: call to function classmethod_get through pointer to incorrect function type 'struct _object *(*)(struct _object *, struct _object *, struct _object *)'
/home/shamil/oss/cpython/3.12/Objects/descrobject.c:109: note: classmethod_get defined here
SUMMARY: UndefinedBehaviorSanitizer: undefined-behavior Objects/typeobject.c:10384:24 
Modules/gcmodule.c:491:16: runtime error: call to function list_traverse through pointer to incorrect function type 'int (*)(struct _object *, int (*)(struct _object *, void *), void *)'
/home/shamil/oss/cpython/3.12/Objects/listobject.c:2701: note: list_traverse defined here
SUMMARY: UndefinedBehaviorSanitizer: undefined-behavior Modules/gcmodule.c:491:16 
Modules/gcmodule.c:602:20: runtime error: call to function list_traverse through pointer to incorrect function type 'int (*)(struct _object *, int (*)(struct _object *, void *), void *)'
/home/shamil/oss/cpython/3.12/Objects/listobject.c:2701: note: list_traverse defined here
SUMMARY: UndefinedBehaviorSanitizer: undefined-behavior Modules/gcmodule.c:602:20 
Objects/dictobject.c:3549:17: runtime error: call to function visit_reachable through pointer to incorrect function type 'int (*)(struct _object *, void *)'
/home/shamil/oss/cpython/3.12/Modules/gcmodule.c:500: note: visit_reachable defined here
SUMMARY: UndefinedBehaviorSanitizer: undefined-behavior Objects/dictobject.c:3549:17 
Objects/descrobject.c:706:5: runtime error: call to function visit_reachable through pointer to incorrect function type 'int (*)(struct _object *, void *)'
/home/shamil/oss/cpython/3.12/Modules/gcmodule.c:500: note: visit_reachable defined here
SUMMARY: UndefinedBehaviorSanitizer: undefined-behavior Objects/descrobject.c:706:5 
Objects/dictobject.c:3557:17: runtime error: call to function visit_reachable through pointer to incorrect function type 'int (*)(struct _object *, void *)'
/home/shamil/oss/cpython/3.12/Modules/gcmodule.c:500: note: visit_reachable defined here
SUMMARY: UndefinedBehaviorSanitizer: undefined-behavior Objects/dictobject.c:3557:17 
Objects/dictobject.c:3558:17: runtime error: call to function visit_reachable through pointer to incorrect function type 'int (*)(struct _object *, void *)'
/home/shamil/oss/cpython/3.12/Modules/gcmodule.c:500: note: visit_reachable defined here
SUMMARY: UndefinedBehaviorSanitizer: undefined-behavior Objects/dictobject.c:3558:17 
Objects/funcobject.c:1214:5: runtime error: call to function visit_reachable through pointer to incorrect function type 'int (*)(struct _object *, void *)'
/home/shamil/oss/cpython/3.12/Modules/gcmodule.c:500: note: visit_reachable defined here
SUMMARY: UndefinedBehaviorSanitizer: undefined-behavior Objects/funcobject.c:1214:5 
Objects/typeobject.c:5246:5: runtime error: call to function visit_reachable through pointer to incorrect function type 'int (*)(struct _object *, void *)'
/home/shamil/oss/cpython/3.12/Modules/gcmodule.c:500: note: visit_reachable defined here
SUMMARY: UndefinedBehaviorSanitizer: undefined-behavior Objects/typeobject.c:5246:5 
Objects/typeobject.c:5248:5: runtime error: call to function visit_reachable through pointer to incorrect function type 'int (*)(struct _object *, void *)'
/home/shamil/oss/cpython/3.12/Modules/gcmodule.c:500: note: visit_reachable defined here
SUMMARY: UndefinedBehaviorSanitizer: undefined-behavior Objects/typeobject.c:5248:5 
Objects/typeobject.c:5249:5: runtime error: call to function visit_reachable through pointer to incorrect function type 'int (*)(struct _object *, void *)'
/home/shamil/oss/cpython/3.12/Modules/gcmodule.c:500: note: visit_reachable defined here
SUMMARY: UndefinedBehaviorSanitizer: undefined-behavior Objects/typeobject.c:5249:5 
Objects/typeobject.c:5250:5: runtime error: call to function visit_reachable through pointer to incorrect function type 'int (*)(struct _object *, void *)'
/home/shamil/oss/cpython/3.12/Modules/gcmodule.c:500: note: visit_reachable defined here
SUMMARY: UndefinedBehaviorSanitizer: undefined-behavior Objects/typeobject.c:5250:5 
Objects/tupleobject.c:608:9: runtime error: call to function visit_reachable through pointer to incorrect function type 'int (*)(struct _object *, void *)'
/home/shamil/oss/cpython/3.12/Modules/gcmodule.c:500: note: visit_reachable defined here
SUMMARY: UndefinedBehaviorSanitizer: undefined-behavior Objects/tupleobject.c:608:9 
Objects/moduleobject.c:878:5: runtime error: call to function visit_reachable through pointer to incorrect function type 'int (*)(struct _object *, void *)'
/home/shamil/oss/cpython/3.12/Modules/gcmodule.c:500: note: visit_reachable defined here
SUMMARY: UndefinedBehaviorSanitizer: undefined-behavior Objects/moduleobject.c:878:5 
Objects/methodobject.c:247:5: runtime error: call to function visit_reachable through pointer to incorrect function type 'int (*)(struct _object *, void *)'
/home/shamil/oss/cpython/3.12/Modules/gcmodule.c:500: note: visit_reachable defined here
SUMMARY: UndefinedBehaviorSanitizer: undefined-behavior Objects/methodobject.c:247:5 
Objects/methodobject.c:248:5: runtime error: call to function visit_reachable through pointer to incorrect function type 'int (*)(struct _object *, void *)'
/home/shamil/oss/cpython/3.12/Modules/gcmodule.c:500: note: visit_reachable defined here
SUMMARY: UndefinedBehaviorSanitizer: undefined-behavior Objects/methodobject.c:248:5 
Objects/setobject.c:663:9: runtime error: call to function visit_reachable through pointer to incorrect function type 'int (*)(struct _object *, void *)'
/home/shamil/oss/cpython/3.12/Modules/gcmodule.c:500: note: visit_reachable defined here
SUMMARY: UndefinedBehaviorSanitizer: undefined-behavior Objects/setobject.c:663:9 
Objects/namespaceobject.c:154:5: runtime error: call to function visit_reachable through pointer to incorrect function type 'int (*)(struct _object *, void *)'
/home/shamil/oss/cpython/3.12/Modules/gcmodule.c:500: note: visit_reachable defined here
SUMMARY: UndefinedBehaviorSanitizer: undefined-behavior Objects/namespaceobject.c:154:5 
Objects/listobject.c:2705:9: runtime error: call to function visit_reachable through pointer to incorrect function type 'int (*)(struct _object *, void *)'
/home/shamil/oss/cpython/3.12/Modules/gcmodule.c:500: note: visit_reachable defined here
SUMMARY: UndefinedBehaviorSanitizer: undefined-behavior Objects/listobject.c:2705:9 
Objects/funcobject.c:872:5: runtime error: call to function visit_reachable through pointer to incorrect function type 'int (*)(struct _object *, void *)'
/home/shamil/oss/cpython/3.12/Modules/gcmodule.c:500: note: visit_reachable defined here
SUMMARY: UndefinedBehaviorSanitizer: undefined-behavior Objects/funcobject.c:872:5 
Objects/funcobject.c:873:5: runtime error: call to function visit_reachable through pointer to incorrect function type 'int (*)(struct _object *, void *)'
/home/shamil/oss/cpython/3.12/Modules/gcmodule.c:500: note: visit_reachable defined here
SUMMARY: UndefinedBehaviorSanitizer: undefined-behavior Objects/funcobject.c:873:5 
Objects/funcobject.c:874:5: runtime error: call to function visit_reachable through pointer to incorrect function type 'int (*)(struct _object *, void *)'
/home/shamil/oss/cpython/3.12/Modules/gcmodule.c:500: note: visit_reachable defined here
SUMMARY: UndefinedBehaviorSanitizer: undefined-behavior Objects/funcobject.c:874:5 
Objects/funcobject.c:875:5: runtime error: call to function visit_reachable through pointer to incorrect function type 'int (*)(struct _object *, void *)'
/home/shamil/oss/cpython/3.12/Modules/gcmodule.c:500: note: visit_reachable defined here
SUMMARY: UndefinedBehaviorSanitizer: undefined-behavior Objects/funcobject.c:875:5 
Objects/funcobject.c:878:5: runtime error: call to function visit_reachable through pointer to incorrect function type 'int (*)(struct _object *, void *)'
/home/shamil/oss/cpython/3.12/Modules/gcmodule.c:500: note: visit_reachable defined here
SUMMARY: UndefinedBehaviorSanitizer: undefined-behavior Objects/funcobject.c:878:5 
Objects/funcobject.c:879:5: runtime error: call to function visit_reachable through pointer to incorrect function type 'int (*)(struct _object *, void *)'
/home/shamil/oss/cpython/3.12/Modules/gcmodule.c:500: note: visit_reachable defined here
SUMMARY: UndefinedBehaviorSanitizer: undefined-behavior Objects/funcobject.c:879:5 
Objects/funcobject.c:884:5: runtime error: call to function visit_reachable through pointer to incorrect function type 'int (*)(struct _object *, void *)'
/home/shamil/oss/cpython/3.12/Modules/gcmodule.c:500: note: visit_reachable defined here
SUMMARY: UndefinedBehaviorSanitizer: undefined-behavior Objects/funcobject.c:884:5 
Objects/typeobject.c:4855:19: runtime error: call to function classmethod_get through pointer to incorrect function type 'struct _object *(*)(struct _object *, struct _object *, struct _object *)'
/home/shamil/oss/cpython/3.12/Objects/descrobject.c:109: note: classmethod_get defined here
SUMMARY: UndefinedBehaviorSanitizer: undefined-behavior Objects/typeobject.c:4855:19 
Objects/object.c:1447:19: runtime error: call to function member_get through pointer to incorrect function type 'struct _object *(*)(struct _object *, struct _object *, struct _object *)'
/home/shamil/oss/cpython/3.12/Objects/descrobject.c:175: note: member_get defined here
SUMMARY: UndefinedBehaviorSanitizer: undefined-behavior Objects/object.c:1447:19 
Objects/object.c:1508:15: runtime error: call to function method_get through pointer to incorrect function type 'struct _object *(*)(struct _object *, struct _object *, struct _object *)'
/home/shamil/oss/cpython/3.12/Objects/descrobject.c:151: note: method_get defined here
SUMMARY: UndefinedBehaviorSanitizer: undefined-behavior Objects/object.c:1508:15 
Objects/typeobject.c:2173:19: runtime error: call to function method_get through pointer to incorrect function type 'struct _object *(*)(struct _object *, struct _object *, struct _object *)'
/home/shamil/oss/cpython/3.12/Objects/descrobject.c:151: note: method_get defined here
SUMMARY: UndefinedBehaviorSanitizer: undefined-behavior Objects/typeobject.c:2173:19 
Objects/descrobject.c:203:16: runtime error: call to function func_get_name through pointer to incorrect function type 'struct _object *(*)(struct _object *, void *)'
/home/shamil/oss/cpython/3.12/Objects/funcobject.c:510: note: func_get_name defined here
SUMMARY: UndefinedBehaviorSanitizer: undefined-behavior Objects/descrobject.c:203:16 
Python/bytecodes.c:2324:20: runtime error: call to function tupleiter_next through pointer to incorrect function type 'struct _object *(*)(struct _object *)'
/home/shamil/oss/cpython/3.12/Objects/tupleobject.c:997: note: tupleiter_next defined here
SUMMARY: UndefinedBehaviorSanitizer: undefined-behavior Python/bytecodes.c:2324:20 
Objects/object.c:1569:19: runtime error: call to function member_set through pointer to incorrect function type 'int (*)(struct _object *, struct _object *, struct _object *)'
/home/shamil/oss/cpython/3.12/Objects/descrobject.c:242: note: member_set defined here
SUMMARY: UndefinedBehaviorSanitizer: undefined-behavior Objects/object.c:1569:19 
Objects/descrobject.c:256:16: runtime error: call to function func_set_name through pointer to incorrect function type 'int (*)(struct _object *, struct _object *, void *)'
/home/shamil/oss/cpython/3.12/Objects/funcobject.c:516: note: func_set_name defined here
SUMMARY: UndefinedBehaviorSanitizer: undefined-behavior Objects/descrobject.c:256:16 
Objects/object.c:1060:18: runtime error: call to function _Py_module_getattro through pointer to incorrect function type 'struct _object *(*)(struct _object *, struct _object *)'
/home/shamil/oss/cpython/3.12/Objects/moduleobject.c:863: note: _Py_module_getattro defined here
SUMMARY: UndefinedBehaviorSanitizer: undefined-behavior Objects/object.c:1060:18 
Objects/abstract.c:2788:25: runtime error: call to function dictitems_iter through pointer to incorrect function type 'struct _object *(*)(struct _object *)'
/home/shamil/oss/cpython/3.12/Objects/dictobject.c:5136: note: dictitems_iter defined here
SUMMARY: UndefinedBehaviorSanitizer: undefined-behavior Objects/abstract.c:2788:25 
Objects/abstract.c:2263:19: runtime error: call to function tuplecontains through pointer to incorrect function type 'int (*)(struct _object *, struct _object *)'
/home/shamil/oss/cpython/3.12/Objects/tupleobject.c:352: note: tuplecontains defined here
SUMMARY: UndefinedBehaviorSanitizer: undefined-behavior Objects/abstract.c:2263:19 
Objects/typeobject.c:1679:19: runtime error: call to function AttributeError_init through pointer to incorrect function type 'int (*)(struct _object *, struct _object *, struct _object *)'
/home/shamil/oss/cpython/3.12/Objects/exceptions.c:2278: note: AttributeError_init defined here
SUMMARY: UndefinedBehaviorSanitizer: undefined-behavior Objects/typeobject.c:1679:19 
Objects/descrobject.c:408:24: runtime error: call to function dict_pop through pointer to incorrect function type 'struct _object *(*)(struct _object *, struct _object *const *, long)'
/home/shamil/oss/cpython/3.12/Objects/clinic/dictobject.c.h:142: note: dict_pop defined here
SUMMARY: UndefinedBehaviorSanitizer: undefined-behavior Objects/descrobject.c:408:24 
Objects/object.c:1686:15: runtime error: call to function long_bool through pointer to incorrect function type 'int (*)(struct _object *)'
/home/shamil/oss/cpython/3.12/Objects/longobject.c:4942: note: long_bool defined here
SUMMARY: UndefinedBehaviorSanitizer: undefined-behavior Objects/object.c:1686:15 
Python/bytecodes.c:3188:19: runtime error: call to function dict_pop through pointer to incorrect function type 'struct _object *(*)(struct _object *, struct _object *const *, long)'
/home/shamil/oss/cpython/3.12/Objects/clinic/dictobject.c.h:142: note: dict_pop defined here
SUMMARY: UndefinedBehaviorSanitizer: undefined-behavior Python/bytecodes.c:3188:19 
Objects/descrobject.c:482:24: runtime error: call to function list_append through pointer to incorrect function type 'struct _object *(*)(struct _object *, struct _object *)'
/home/shamil/oss/cpython/3.12/Objects/listobject.c:840: note: list_append defined here
SUMMARY: UndefinedBehaviorSanitizer: undefined-behavior Objects/descrobject.c:482:24 
Include/internal/pycore_object.h:123:9: runtime error: call to function PyObject_Free through pointer to incorrect function type 'void (*)(struct _object *)'
/home/shamil/oss/cpython/3.12/Objects/obmalloc.c:828: note: PyObject_Free defined here
SUMMARY: UndefinedBehaviorSanitizer: undefined-behavior Include/internal/pycore_object.h:123:9 
Objects/call.c:367:18: runtime error: call to function type_call through pointer to incorrect function type 'struct _object *(*)(struct _object *, struct _object *, struct _object *)'
/home/shamil/oss/cpython/3.12/Objects/typeobject.c:1628: note: type_call defined here
SUMMARY: UndefinedBehaviorSanitizer: undefined-behavior Objects/call.c:367:18 
Python/bltinmodule.c:371:16: runtime error: call to function gen_iternext through pointer to incorrect function type 'struct _object *(*)(struct _object *)'
/home/shamil/oss/cpython/3.12/Objects/genobject.c:600: note: gen_iternext defined here
SUMMARY: UndefinedBehaviorSanitizer: undefined-behavior Python/bltinmodule.c:371:16 
Objects/object.c:1689:15: runtime error: call to function list_length through pointer to incorrect function type 'long (*)(struct _object *)'
/home/shamil/oss/cpython/3.12/Objects/listobject.c:436: note: list_length defined here
SUMMARY: UndefinedBehaviorSanitizer: undefined-behavior Objects/object.c:1689:15 
Objects/methodobject.c:537:18: runtime error: call to function rlock_acquire through pointer to incorrect function type 'struct _object *(*)(struct _object *, struct _object *, struct _object *)'
/home/shamil/oss/cpython/3.12/./Modules/_threadmodule.c:359: note: rlock_acquire defined here
SUMMARY: UndefinedBehaviorSanitizer: undefined-behavior Objects/methodobject.c:537:18 
Objects/methodobject.c:548:18: runtime error: call to function rlock_release through pointer to incorrect function type 'struct _object *(*)(struct _object *, struct _object *)'
/home/shamil/oss/cpython/3.12/./Modules/_threadmodule.c:409: note: rlock_release defined here
SUMMARY: UndefinedBehaviorSanitizer: undefined-behavior Objects/methodobject.c:548:18 
Include/internal/pycore_call.h:92:11: runtime error: call to function weakref_vectorcall through pointer to incorrect function type 'struct _object *(*)(struct _object *, struct _object *const *, unsigned long, struct _object *)'
/home/shamil/oss/cpython/3.12/Objects/weakrefobject.c:134: note: weakref_vectorcall defined here
SUMMARY: UndefinedBehaviorSanitizer: undefined-behavior Include/internal/pycore_call.h:92:11 
Objects/typeobject.c:2057:5: runtime error: call to function list_dealloc through pointer to incorrect function type 'void (*)(struct _object *)'
/home/shamil/oss/cpython/3.12/Objects/listobject.c:345: note: list_dealloc defined here
SUMMARY: UndefinedBehaviorSanitizer: undefined-behavior Objects/typeobject.c:2057:5 
Objects/object.c:1192:15: runtime error: call to function type_setattro through pointer to incorrect function type 'int (*)(struct _object *, struct _object *, struct _object *)'
/home/shamil/oss/cpython/3.12/Objects/typeobject.c:4901: note: type_setattro defined here
SUMMARY: UndefinedBehaviorSanitizer: undefined-behavior Objects/object.c:1192:15 
Objects/funcobject.c:877:5: runtime error: call to function visit_reachable through pointer to incorrect function type 'int (*)(struct _object *, void *)'
/home/shamil/oss/cpython/3.12/Modules/gcmodule.c:500: note: visit_reachable defined here
SUMMARY: UndefinedBehaviorSanitizer: undefined-behavior Objects/funcobject.c:877:5 
Objects/funcobject.c:882:5: runtime error: call to function visit_reachable through pointer to incorrect function type 'int (*)(struct _object *, void *)'
/home/shamil/oss/cpython/3.12/Modules/gcmodule.c:500: note: visit_reachable defined here
SUMMARY: UndefinedBehaviorSanitizer: undefined-behavior Objects/funcobject.c:882:5 
Objects/funcobject.c:876:5: runtime error: call to function visit_reachable through pointer to incorrect function type 'int (*)(struct _object *, void *)'
/home/shamil/oss/cpython/3.12/Modules/gcmodule.c:500: note: visit_reachable defined here
SUMMARY: UndefinedBehaviorSanitizer: undefined-behavior Objects/funcobject.c:876:5 
Objects/dictobject.c:5594:13: runtime error: call to function visit_reachable through pointer to incorrect function type 'int (*)(struct _object *, void *)'
/home/shamil/oss/cpython/3.12/Modules/gcmodule.c:500: note: visit_reachable defined here
SUMMARY: UndefinedBehaviorSanitizer: undefined-behavior Objects/dictobject.c:5594:13 
Objects/typeobject.c:1820:9: runtime error: call to function visit_reachable through pointer to incorrect function type 'int (*)(struct _object *, void *)'
/home/shamil/oss/cpython/3.12/Modules/gcmodule.c:500: note: visit_reachable defined here
SUMMARY: UndefinedBehaviorSanitizer: undefined-behavior Objects/typeobject.c:1820:9 
Modules/_threadmodule.c:1739:5: runtime error: call to function visit_reachable through pointer to incorrect function type 'int (*)(struct _object *, void *)'
/home/shamil/oss/cpython/3.12/Modules/gcmodule.c:500: note: visit_reachable defined here
SUMMARY: UndefinedBehaviorSanitizer: undefined-behavior Modules/_threadmodule.c:1739:5 
Modules/_threadmodule.c:1740:5: runtime error: call to function visit_reachable through pointer to incorrect function type 'int (*)(struct _object *, void *)'
/home/shamil/oss/cpython/3.12/Modules/gcmodule.c:500: note: visit_reachable defined here
SUMMARY: UndefinedBehaviorSanitizer: undefined-behavior Modules/_threadmodule.c:1740:5 
Modules/_threadmodule.c:1741:5: runtime error: call to function visit_reachable through pointer to incorrect function type 'int (*)(struct _object *, void *)'
/home/shamil/oss/cpython/3.12/Modules/gcmodule.c:500: note: visit_reachable defined here
SUMMARY: UndefinedBehaviorSanitizer: undefined-behavior Modules/_threadmodule.c:1741:5 
Modules/_threadmodule.c:1742:5: runtime error: call to function visit_reachable through pointer to incorrect function type 'int (*)(struct _object *, void *)'
/home/shamil/oss/cpython/3.12/Modules/gcmodule.c:500: note: visit_reachable defined here
SUMMARY: UndefinedBehaviorSanitizer: undefined-behavior Modules/_threadmodule.c:1742:5 
Objects/typeobject.c:5251:5: runtime error: call to function visit_reachable through pointer to incorrect function type 'int (*)(struct _object *, void *)'
/home/shamil/oss/cpython/3.12/Modules/gcmodule.c:500: note: visit_reachable defined here
SUMMARY: UndefinedBehaviorSanitizer: undefined-behavior Objects/typeobject.c:5251:5 
Objects/classobject.c:316:5: runtime error: call to function visit_reachable through pointer to incorrect function type 'int (*)(struct _object *, void *)'
/home/shamil/oss/cpython/3.12/Modules/gcmodule.c:500: note: visit_reachable defined here
SUMMARY: UndefinedBehaviorSanitizer: undefined-behavior Objects/classobject.c:316:5 
Objects/classobject.c:317:5: runtime error: call to function visit_reachable through pointer to incorrect function type 'int (*)(struct _object *, void *)'
/home/shamil/oss/cpython/3.12/Modules/gcmodule.c:500: note: visit_reachable defined here
SUMMARY: UndefinedBehaviorSanitizer: undefined-behavior Objects/classobject.c:317:5 
Objects/weakrefobject.c:118:5: runtime error: call to function visit_reachable through pointer to incorrect function type 'int (*)(struct _object *, void *)'
/home/shamil/oss/cpython/3.12/Modules/gcmodule.c:500: note: visit_reachable defined here
SUMMARY: UndefinedBehaviorSanitizer: undefined-behavior Objects/weakrefobject.c:118:5 
Modules/_io/_iomodule.c:567:5: runtime error: call to function visit_reachable through pointer to incorrect function type 'int (*)(struct _object *, void *)'
/home/shamil/oss/cpython/3.12/Modules/gcmodule.c:500: note: visit_reachable defined here
SUMMARY: UndefinedBehaviorSanitizer: undefined-behavior Modules/_io/_iomodule.c:567:5 
Modules/_io/_iomodule.c:569:5: runtime error: call to function visit_reachable through pointer to incorrect function type 'int (*)(struct _object *, void *)'
/home/shamil/oss/cpython/3.12/Modules/gcmodule.c:500: note: visit_reachable defined here
SUMMARY: UndefinedBehaviorSanitizer: undefined-behavior Modules/_io/_iomodule.c:569:5 
Modules/_io/_iomodule.c:570:5: runtime error: call to function visit_reachable through pointer to incorrect function type 'int (*)(struct _object *, void *)'
/home/shamil/oss/cpython/3.12/Modules/gcmodule.c:500: note: visit_reachable defined here
SUMMARY: UndefinedBehaviorSanitizer: undefined-behavior Modules/_io/_iomodule.c:570:5 
Modules/_io/_iomodule.c:571:5: runtime error: call to function visit_reachable through pointer to incorrect function type 'int (*)(struct _object *, void *)'
/home/shamil/oss/cpython/3.12/Modules/gcmodule.c:500: note: visit_reachable defined here
SUMMARY: UndefinedBehaviorSanitizer: undefined-behavior Modules/_io/_iomodule.c:571:5 
Modules/_io/_iomodule.c:572:5: runtime error: call to function visit_reachable through pointer to incorrect function type 'int (*)(struct _object *, void *)'
/home/shamil/oss/cpython/3.12/Modules/gcmodule.c:500: note: visit_reachable defined here
SUMMARY: UndefinedBehaviorSanitizer: undefined-behavior Modules/_io/_iomodule.c:572:5 
Modules/_io/_iomodule.c:573:5: runtime error: call to function visit_reachable through pointer to incorrect function type 'int (*)(struct _object *, void *)'
/home/shamil/oss/cpython/3.12/Modules/gcmodule.c:500: note: visit_reachable defined here
SUMMARY: UndefinedBehaviorSanitizer: undefined-behavior Modules/_io/_iomodule.c:573:5 
Modules/_io/_iomodule.c:574:5: runtime error: call to function visit_reachable through pointer to incorrect function type 'int (*)(struct _object *, void *)'
/home/shamil/oss/cpython/3.12/Modules/gcmodule.c:500: note: visit_reachable defined here
SUMMARY: UndefinedBehaviorSanitizer: undefined-behavior Modules/_io/_iomodule.c:574:5 
Modules/_io/_iomodule.c:575:5: runtime error: call to function visit_reachable through pointer to incorrect function type 'int (*)(struct _object *, void *)'
/home/shamil/oss/cpython/3.12/Modules/gcmodule.c:500: note: visit_reachable defined here
SUMMARY: UndefinedBehaviorSanitizer: undefined-behavior Modules/_io/_iomodule.c:575:5 
Modules/_io/_iomodule.c:576:5: runtime error: call to function visit_reachable through pointer to incorrect function type 'int (*)(struct _object *, void *)'
/home/shamil/oss/cpython/3.12/Modules/gcmodule.c:500: note: visit_reachable defined here
SUMMARY: UndefinedBehaviorSanitizer: undefined-behavior Modules/_io/_iomodule.c:576:5 
Modules/_io/_iomodule.c:577:5: runtime error: call to function visit_reachable through pointer to incorrect function type 'int (*)(struct _object *, void *)'
/home/shamil/oss/cpython/3.12/Modules/gcmodule.c:500: note: visit_reachable defined here
SUMMARY: UndefinedBehaviorSanitizer: undefined-behavior Modules/_io/_iomodule.c:577:5 
Modules/_io/_iomodule.c:578:5: runtime error: call to function visit_reachable through pointer to incorrect function type 'int (*)(struct _object *, void *)'
/home/shamil/oss/cpython/3.12/Modules/gcmodule.c:500: note: visit_reachable defined here
SUMMARY: UndefinedBehaviorSanitizer: undefined-behavior Modules/_io/_iomodule.c:578:5 
Modules/_io/_iomodule.c:579:5: runtime error: call to function visit_reachable through pointer to incorrect function type 'int (*)(struct _object *, void *)'
/home/shamil/oss/cpython/3.12/Modules/gcmodule.c:500: note: visit_reachable defined here
SUMMARY: UndefinedBehaviorSanitizer: undefined-behavior Modules/_io/_iomodule.c:579:5 
Modules/_io/_iomodule.c:580:5: runtime error: call to function visit_reachable through pointer to incorrect function type 'int (*)(struct _object *, void *)'
/home/shamil/oss/cpython/3.12/Modules/gcmodule.c:500: note: visit_reachable defined here
SUMMARY: UndefinedBehaviorSanitizer: undefined-behavior Modules/_io/_iomodule.c:580:5 
Modules/_io/_iomodule.c:581:5: runtime error: call to function visit_reachable through pointer to incorrect function type 'int (*)(struct _object *, void *)'
/home/shamil/oss/cpython/3.12/Modules/gcmodule.c:500: note: visit_reachable defined here
SUMMARY: UndefinedBehaviorSanitizer: undefined-behavior Modules/_io/_iomodule.c:581:5 
Modules/_io/_iomodule.c:582:5: runtime error: call to function visit_reachable through pointer to incorrect function type 'int (*)(struct _object *, void *)'
/home/shamil/oss/cpython/3.12/Modules/gcmodule.c:500: note: visit_reachable defined here
SUMMARY: UndefinedBehaviorSanitizer: undefined-behavior Modules/_io/_iomodule.c:582:5 
Objects/descrobject.c:1883:5: runtime error: call to function visit_reachable through pointer to incorrect function type 'int (*)(struct _object *, void *)'
/home/shamil/oss/cpython/3.12/Modules/gcmodule.c:500: note: visit_reachable defined here
SUMMARY: UndefinedBehaviorSanitizer: undefined-behavior Objects/descrobject.c:1883:5 
Objects/descrobject.c:1884:5: runtime error: call to function visit_reachable through pointer to incorrect function type 'int (*)(struct _object *, void *)'
/home/shamil/oss/cpython/3.12/Modules/gcmodule.c:500: note: visit_reachable defined here
SUMMARY: UndefinedBehaviorSanitizer: undefined-behavior Objects/descrobject.c:1884:5 
Objects/descrobject.c:1887:5: runtime error: call to function visit_reachable through pointer to incorrect function type 'int (*)(struct _object *, void *)'
/home/shamil/oss/cpython/3.12/Modules/gcmodule.c:500: note: visit_reachable defined here
SUMMARY: UndefinedBehaviorSanitizer: undefined-behavior Objects/descrobject.c:1887:5 
Objects/descrobject.c:1886:5: runtime error: call to function visit_reachable through pointer to incorrect function type 'int (*)(struct _object *, void *)'
/home/shamil/oss/cpython/3.12/Modules/gcmodule.c:500: note: visit_reachable defined here
SUMMARY: UndefinedBehaviorSanitizer: undefined-behavior Objects/descrobject.c:1886:5 
Objects/funcobject.c:1019:5: runtime error: call to function visit_reachable through pointer to incorrect function type 'int (*)(struct _object *, void *)'
/home/shamil/oss/cpython/3.12/Modules/gcmodule.c:500: note: visit_reachable defined here
SUMMARY: UndefinedBehaviorSanitizer: undefined-behavior Objects/funcobject.c:1019:5 
Objects/funcobject.c:1020:5: runtime error: call to function visit_reachable through pointer to incorrect function type 'int (*)(struct _object *, void *)'
/home/shamil/oss/cpython/3.12/Modules/gcmodule.c:500: note: visit_reachable defined here
SUMMARY: UndefinedBehaviorSanitizer: undefined-behavior Objects/funcobject.c:1020:5 
Objects/funcobject.c:1215:5: runtime error: call to function visit_reachable through pointer to incorrect function type 'int (*)(struct _object *, void *)'
/home/shamil/oss/cpython/3.12/Modules/gcmodule.c:500: note: visit_reachable defined here
SUMMARY: UndefinedBehaviorSanitizer: undefined-behavior Objects/funcobject.c:1215:5 
Objects/funcobject.c:881:5: runtime error: call to function visit_reachable through pointer to incorrect function type 'int (*)(struct _object *, void *)'
/home/shamil/oss/cpython/3.12/Modules/gcmodule.c:500: note: visit_reachable defined here
SUMMARY: UndefinedBehaviorSanitizer: undefined-behavior Objects/funcobject.c:881:5 
Objects/funcobject.c:880:5: runtime error: call to function visit_reachable through pointer to incorrect function type 'int (*)(struct _object *, void *)'
/home/shamil/oss/cpython/3.12/Modules/gcmodule.c:500: note: visit_reachable defined here
SUMMARY: UndefinedBehaviorSanitizer: undefined-behavior Objects/funcobject.c:880:5 
Modules/_threadmodule.c:332:5: runtime error: call to function visit_reachable through pointer to incorrect function type 'int (*)(struct _object *, void *)'
/home/shamil/oss/cpython/3.12/Modules/gcmodule.c:500: note: visit_reachable defined here
SUMMARY: UndefinedBehaviorSanitizer: undefined-behavior Modules/_threadmodule.c:332:5 
Modules/_threadmodule.c:55:5: runtime error: call to function visit_reachable through pointer to incorrect function type 'int (*)(struct _object *, void *)'
/home/shamil/oss/cpython/3.12/Modules/gcmodule.c:500: note: visit_reachable defined here
SUMMARY: UndefinedBehaviorSanitizer: undefined-behavior Modules/_threadmodule.c:55:5 
Objects/cellobject.c:117:5: runtime error: call to function visit_reachable through pointer to incorrect function type 'int (*)(struct _object *, void *)'
/home/shamil/oss/cpython/3.12/Modules/gcmodule.c:500: note: visit_reachable defined here
SUMMARY: UndefinedBehaviorSanitizer: undefined-behavior Objects/cellobject.c:117:5 
Modules/gcmodule.c:1029:24: runtime error: call to function _list_clear through pointer to incorrect function type 'int (*)(struct _object *)'
/home/shamil/oss/cpython/3.12/Objects/listobject.c:595: note: _list_clear defined here
SUMMARY: UndefinedBehaviorSanitizer: undefined-behavior Modules/gcmodule.c:1029:24 
Objects/abstract.c:62:26: runtime error: call to function list_length through pointer to incorrect function type 'long (*)(struct _object *)'
/home/shamil/oss/cpython/3.12/Objects/listobject.c:436: note: list_length defined here
SUMMARY: UndefinedBehaviorSanitizer: undefined-behavior Objects/abstract.c:62:26 
Objects/abstract.c:246:19: runtime error: call to function dict_ass_sub through pointer to incorrect function type 'int (*)(struct _object *, struct _object *, struct _object *)'
/home/shamil/oss/cpython/3.12/Objects/dictobject.c:2525: note: dict_ass_sub defined here
SUMMARY: UndefinedBehaviorSanitizer: undefined-behavior Objects/abstract.c:246:19 
Python/bltinmodule.c:322:16: runtime error: call to function gen_iternext through pointer to incorrect function type 'struct _object *(*)(struct _object *)'
/home/shamil/oss/cpython/3.12/Objects/genobject.c:600: note: gen_iternext defined here
SUMMARY: UndefinedBehaviorSanitizer: undefined-behavior Python/bltinmodule.c:322:16 
Objects/abstract.c:1070:18: runtime error: call to function tupleconcat through pointer to incorrect function type 'struct _object *(*)(struct _object *, struct _object *)'
/home/shamil/oss/cpython/3.12/Objects/tupleobject.c:441: note: tupleconcat defined here
SUMMARY: UndefinedBehaviorSanitizer: undefined-behavior Objects/abstract.c:1070:18 
Objects/abstract.c:390:15: runtime error: call to function bytes_buffer_getbuffer through pointer to incorrect function type 'int (*)(struct _object *, Py_buffer *, int)'
/home/shamil/oss/cpython/3.12/Objects/bytesobject.c:1685: note: bytes_buffer_getbuffer defined here
SUMMARY: UndefinedBehaviorSanitizer: undefined-behavior Objects/abstract.c:390:15 
Objects/methodobject.c:438:24: runtime error: call to function int_from_bytes through pointer to incorrect function type 'struct _object *(*)(struct _object *, struct _object *const *, long, struct _object *)'
/home/shamil/oss/cpython/3.12/Objects/clinic/longobject.c.h:401: note: int_from_bytes defined here
SUMMARY: UndefinedBehaviorSanitizer: undefined-behavior Objects/methodobject.c:438:24 
Objects/descrobject.c:454:24: runtime error: call to function stdprinter_fileno through pointer to incorrect function type 'struct _object *(*)(struct _object *, struct _object *)'
/home/shamil/oss/cpython/3.12/Objects/fileobject.c:359: note: stdprinter_fileno defined here
SUMMARY: UndefinedBehaviorSanitizer: undefined-behavior Objects/descrobject.c:454:24 
Objects/abstract.c:882:13: runtime error: call to function long_add through pointer to incorrect function type 'struct _object *(*)(struct _object *, struct _object *)'
/home/shamil/oss/cpython/3.12/Objects/longobject.c:3525: note: long_add defined here
SUMMARY: UndefinedBehaviorSanitizer: undefined-behavior Objects/abstract.c:882:13 
Include/internal/pycore_object.h:123:9: runtime error: call to function PyObject_Free through pointer to incorrect function type 'void (*)(struct _object *)'
/home/shamil/oss/cpython/3.12/Objects/obmalloc.c:828: note: PyObject_Free defined here
SUMMARY: UndefinedBehaviorSanitizer: undefined-behavior Include/internal/pycore_object.h:123:9 
Objects/listobject.c:944:26: runtime error: call to function gen_iternext through pointer to incorrect function type 'struct _object *(*)(struct _object *)'
/home/shamil/oss/cpython/3.12/Objects/genobject.c:600: note: gen_iternext defined here
SUMMARY: UndefinedBehaviorSanitizer: undefined-behavior Objects/listobject.c:944:26 
Python/bytecodes.c:3094:19: runtime error: call to function list_extend through pointer to incorrect function type 'struct _object *(*)(struct _object *, struct _object *)'
/home/shamil/oss/cpython/3.12/Objects/listobject.c:859: note: list_extend defined here
SUMMARY: UndefinedBehaviorSanitizer: undefined-behavior Python/bytecodes.c:3094:19 
Objects/methodobject.c:481:24: runtime error: call to function _io_FileIO_readall through pointer to incorrect function type 'struct _object *(*)(struct _object *, struct _object *)'
/home/shamil/oss/cpython/3.12/./Modules/_io/clinic/fileio.c.h:284: note: _io_FileIO_readall defined here
SUMMARY: UndefinedBehaviorSanitizer: undefined-behavior Objects/methodobject.c:481:24 
Objects/descrobject.c:387:24: runtime error: call to function _io_FileIO_close through pointer to incorrect function type 'struct _object *(*)(struct _object *, struct _typeobject *, struct _object *const *, unsigned long, struct _object *)'
/home/shamil/oss/cpython/3.12/./Modules/_io/clinic/fileio.c.h:28: note: _io_FileIO_close defined here
SUMMARY: UndefinedBehaviorSanitizer: undefined-behavior Objects/descrobject.c:387:24 
Objects/object.c:816:15: runtime error: call to function bytes_richcompare through pointer to incorrect function type 'struct _object *(*)(struct _object *, struct _object *, int)'
/home/shamil/oss/cpython/3.12/Objects/bytesobject.c:1546: note: bytes_richcompare defined here
SUMMARY: UndefinedBehaviorSanitizer: undefined-behavior Objects/object.c:816:15 
Objects/abstract.c:754:9: runtime error: call to function memory_releasebuf through pointer to incorrect function type 'void (*)(struct _object *, Py_buffer *)'
/home/shamil/oss/cpython/3.12/Objects/memoryobject.c:1591: note: memory_releasebuf defined here
SUMMARY: UndefinedBehaviorSanitizer: undefined-behavior Objects/abstract.c:754:9 
Modules/posixmodule.c:2423:5: runtime error: call to function visit_reachable through pointer to incorrect function type 'int (*)(struct _object *, void *)'
/home/shamil/oss/cpython/3.12/Modules/gcmodule.c:500: note: visit_reachable defined here
SUMMARY: UndefinedBehaviorSanitizer: undefined-behavior Modules/posixmodule.c:2423:5 
Modules/posixmodule.c:2424:5: runtime error: call to function visit_reachable through pointer to incorrect function type 'int (*)(struct _object *, void *)'
/home/shamil/oss/cpython/3.12/Modules/gcmodule.c:500: note: visit_reachable defined here
SUMMARY: UndefinedBehaviorSanitizer: undefined-behavior Modules/posixmodule.c:2424:5 
Modules/posixmodule.c:2425:5: runtime error: call to function visit_reachable through pointer to incorrect function type 'int (*)(struct _object *, void *)'
/home/shamil/oss/cpython/3.12/Modules/gcmodule.c:500: note: visit_reachable defined here
SUMMARY: UndefinedBehaviorSanitizer: undefined-behavior Modules/posixmodule.c:2425:5 
Modules/posixmodule.c:2427:5: runtime error: call to function visit_reachable through pointer to incorrect function type 'int (*)(struct _object *, void *)'
/home/shamil/oss/cpython/3.12/Modules/gcmodule.c:500: note: visit_reachable defined here
SUMMARY: UndefinedBehaviorSanitizer: undefined-behavior Modules/posixmodule.c:2427:5 
Modules/posixmodule.c:2429:5: runtime error: call to function visit_reachable through pointer to incorrect function type 'int (*)(struct _object *, void *)'
/home/shamil/oss/cpython/3.12/Modules/gcmodule.c:500: note: visit_reachable defined here
SUMMARY: UndefinedBehaviorSanitizer: undefined-behavior Modules/posixmodule.c:2429:5 
Modules/posixmodule.c:2430:5: runtime error: call to function visit_reachable through pointer to incorrect function type 'int (*)(struct _object *, void *)'
/home/shamil/oss/cpython/3.12/Modules/gcmodule.c:500: note: visit_reachable defined here
SUMMARY: UndefinedBehaviorSanitizer: undefined-behavior Modules/posixmodule.c:2430:5 
Modules/posixmodule.c:2431:5: runtime error: call to function visit_reachable through pointer to incorrect function type 'int (*)(struct _object *, void *)'
/home/shamil/oss/cpython/3.12/Modules/gcmodule.c:500: note: visit_reachable defined here
SUMMARY: UndefinedBehaviorSanitizer: undefined-behavior Modules/posixmodule.c:2431:5 
Modules/posixmodule.c:2432:5: runtime error: call to function visit_reachable through pointer to incorrect function type 'int (*)(struct _object *, void *)'
/home/shamil/oss/cpython/3.12/Modules/gcmodule.c:500: note: visit_reachable defined here
SUMMARY: UndefinedBehaviorSanitizer: undefined-behavior Modules/posixmodule.c:2432:5 
Modules/posixmodule.c:2433:5: runtime error: call to function visit_reachable through pointer to incorrect function type 'int (*)(struct _object *, void *)'
/home/shamil/oss/cpython/3.12/Modules/gcmodule.c:500: note: visit_reachable defined here
SUMMARY: UndefinedBehaviorSanitizer: undefined-behavior Modules/posixmodule.c:2433:5 
Modules/posixmodule.c:2435:5: runtime error: call to function visit_reachable through pointer to incorrect function type 'int (*)(struct _object *, void *)'
/home/shamil/oss/cpython/3.12/Modules/gcmodule.c:500: note: visit_reachable defined here
SUMMARY: UndefinedBehaviorSanitizer: undefined-behavior Modules/posixmodule.c:2435:5 
Modules/posixmodule.c:2438:5: runtime error: call to function visit_reachable through pointer to incorrect function type 'int (*)(struct _object *, void *)'
/home/shamil/oss/cpython/3.12/Modules/gcmodule.c:500: note: visit_reachable defined here
SUMMARY: UndefinedBehaviorSanitizer: undefined-behavior Modules/posixmodule.c:2438:5 
Modules/posixmodule.c:2440:5: runtime error: call to function visit_reachable through pointer to incorrect function type 'int (*)(struct _object *, void *)'
/home/shamil/oss/cpython/3.12/Modules/gcmodule.c:500: note: visit_reachable defined here
SUMMARY: UndefinedBehaviorSanitizer: undefined-behavior Modules/posixmodule.c:2440:5 
Modules/timemodule.c:2148:5: runtime error: call to function visit_reachable through pointer to incorrect function type 'int (*)(struct _object *, void *)'
/home/shamil/oss/cpython/3.12/Modules/gcmodule.c:500: note: visit_reachable defined here
SUMMARY: UndefinedBehaviorSanitizer: undefined-behavior Modules/timemodule.c:2148:5 
Modules/faulthandler.c:1180:5: runtime error: call to function visit_reachable through pointer to incorrect function type 'int (*)(struct _object *, void *)'
/home/shamil/oss/cpython/3.12/Modules/gcmodule.c:500: note: visit_reachable defined here
SUMMARY: UndefinedBehaviorSanitizer: undefined-behavior Modules/faulthandler.c:1180:5 
Objects/memoryobject.c:1150:5: runtime error: call to function visit_reachable through pointer to incorrect function type 'int (*)(struct _object *, void *)'
/home/shamil/oss/cpython/3.12/Modules/gcmodule.c:500: note: visit_reachable defined here
SUMMARY: UndefinedBehaviorSanitizer: undefined-behavior Objects/memoryobject.c:1150:5 
Objects/memoryobject.c:131:5: runtime error: call to function visit_reachable through pointer to incorrect function type 'int (*)(struct _object *, void *)'
/home/shamil/oss/cpython/3.12/Modules/gcmodule.c:500: note: visit_reachable defined here
SUMMARY: UndefinedBehaviorSanitizer: undefined-behavior Objects/memoryobject.c:131:5 
Objects/abstract.c:1879:25: runtime error: call to function list_item through pointer to incorrect function type 'struct _object *(*)(struct _object *, long)'
/home/shamil/oss/cpython/3.12/Objects/listobject.c:458: note: list_item defined here
SUMMARY: UndefinedBehaviorSanitizer: undefined-behavior Objects/abstract.c:1879:25 
Objects/typeobject.c:4835:19: runtime error: call to function getset_get through pointer to incorrect function type 'struct _object *(*)(struct _object *, struct _object *, struct _object *)'
/home/shamil/oss/cpython/3.12/Objects/descrobject.c:195: note: getset_get defined here
SUMMARY: UndefinedBehaviorSanitizer: undefined-behavior Objects/typeobject.c:4835:19 
Objects/typeobject.c:4868:15: runtime error: call to function method_get through pointer to incorrect function type 'struct _object *(*)(struct _object *, struct _object *, struct _object *)'
/home/shamil/oss/cpython/3.12/Objects/descrobject.c:151: note: method_get defined here
SUMMARY: UndefinedBehaviorSanitizer: undefined-behavior Objects/typeobject.c:4868:15 
Objects/typeobject.c:1824:16: runtime error: call to function tupletraverse through pointer to incorrect function type 'int (*)(struct _object *, int (*)(struct _object *, void *), void *)'
/home/shamil/oss/cpython/3.12/Objects/tupleobject.c:604: note: tupletraverse defined here
SUMMARY: UndefinedBehaviorSanitizer: undefined-behavior Objects/typeobject.c:1824:16 
Modules/signalmodule.c:1676:5: runtime error: call to function visit_reachable through pointer to incorrect function type 'int (*)(struct _object *, void *)'
/home/shamil/oss/cpython/3.12/Modules/gcmodule.c:500: note: visit_reachable defined here
SUMMARY: UndefinedBehaviorSanitizer: undefined-behavior Modules/signalmodule.c:1676:5 
Modules/signalmodule.c:1677:5: runtime error: call to function visit_reachable through pointer to incorrect function type 'int (*)(struct _object *, void *)'
/home/shamil/oss/cpython/3.12/Modules/gcmodule.c:500: note: visit_reachable defined here
SUMMARY: UndefinedBehaviorSanitizer: undefined-behavior Modules/signalmodule.c:1677:5 
Modules/_abc.c:927:5: runtime error: call to function visit_reachable through pointer to incorrect function type 'int (*)(struct _object *, void *)'
/home/shamil/oss/cpython/3.12/Modules/gcmodule.c:500: note: visit_reachable defined here
SUMMARY: UndefinedBehaviorSanitizer: undefined-behavior Modules/_abc.c:927:5 
Modules/_abc.c:48:5: runtime error: call to function visit_reachable through pointer to incorrect function type 'int (*)(struct _object *, void *)'
/home/shamil/oss/cpython/3.12/Modules/gcmodule.c:500: note: visit_reachable defined here
SUMMARY: UndefinedBehaviorSanitizer: undefined-behavior Modules/_abc.c:48:5 
Modules/_abc.c:49:5: runtime error: call to function visit_reachable through pointer to incorrect function type 'int (*)(struct _object *, void *)'
/home/shamil/oss/cpython/3.12/Modules/gcmodule.c:500: note: visit_reachable defined here
SUMMARY: UndefinedBehaviorSanitizer: undefined-behavior Modules/_abc.c:49:5 
Modules/_abc.c:51:5: runtime error: call to function visit_reachable through pointer to incorrect function type 'int (*)(struct _object *, void *)'
/home/shamil/oss/cpython/3.12/Modules/gcmodule.c:500: note: visit_reachable defined here
SUMMARY: UndefinedBehaviorSanitizer: undefined-behavior Modules/_abc.c:51:5 
Modules/_io/textio.c:1475:5: runtime error: call to function visit_reachable through pointer to incorrect function type 'int (*)(struct _object *, void *)'
/home/shamil/oss/cpython/3.12/Modules/gcmodule.c:500: note: visit_reachable defined here
SUMMARY: UndefinedBehaviorSanitizer: undefined-behavior Modules/_io/textio.c:1475:5 
Modules/_io/textio.c:1476:5: runtime error: call to function visit_reachable through pointer to incorrect function type 'int (*)(struct _object *, void *)'
/home/shamil/oss/cpython/3.12/Modules/gcmodule.c:500: note: visit_reachable defined here
SUMMARY: UndefinedBehaviorSanitizer: undefined-behavior Modules/_io/textio.c:1476:5 
Modules/_io/textio.c:1477:5: runtime error: call to function visit_reachable through pointer to incorrect function type 'int (*)(struct _object *, void *)'
/home/shamil/oss/cpython/3.12/Modules/gcmodule.c:500: note: visit_reachable defined here
SUMMARY: UndefinedBehaviorSanitizer: undefined-behavior Modules/_io/textio.c:1477:5 
Modules/_io/textio.c:1479:5: runtime error: call to function visit_reachable through pointer to incorrect function type 'int (*)(struct _object *, void *)'
/home/shamil/oss/cpython/3.12/Modules/gcmodule.c:500: note: visit_reachable defined here
SUMMARY: UndefinedBehaviorSanitizer: undefined-behavior Modules/_io/textio.c:1479:5 
Modules/_io/textio.c:1480:5: runtime error: call to function visit_reachable through pointer to incorrect function type 'int (*)(struct _object *, void *)'
/home/shamil/oss/cpython/3.12/Modules/gcmodule.c:500: note: visit_reachable defined here
SUMMARY: UndefinedBehaviorSanitizer: undefined-behavior Modules/_io/textio.c:1480:5 
Modules/_io/textio.c:1484:5: runtime error: call to function visit_reachable through pointer to incorrect function type 'int (*)(struct _object *, void *)'
/home/shamil/oss/cpython/3.12/Modules/gcmodule.c:500: note: visit_reachable defined here
SUMMARY: UndefinedBehaviorSanitizer: undefined-behavior Modules/_io/textio.c:1484:5 
Modules/_io/textio.c:1485:5: runtime error: call to function visit_reachable through pointer to incorrect function type 'int (*)(struct _object *, void *)'
/home/shamil/oss/cpython/3.12/Modules/gcmodule.c:500: note: visit_reachable defined here
SUMMARY: UndefinedBehaviorSanitizer: undefined-behavior Modules/_io/textio.c:1485:5 
Modules/_io/textio.c:1487:5: runtime error: call to function visit_reachable through pointer to incorrect function type 'int (*)(struct _object *, void *)'
/home/shamil/oss/cpython/3.12/Modules/gcmodule.c:500: note: visit_reachable defined here
SUMMARY: UndefinedBehaviorSanitizer: undefined-behavior Modules/_io/textio.c:1487:5 
Modules/_io/textio.c:1478:5: runtime error: call to function visit_reachable through pointer to incorrect function type 'int (*)(struct _object *, void *)'
/home/shamil/oss/cpython/3.12/Modules/gcmodule.c:500: note: visit_reachable defined here
SUMMARY: UndefinedBehaviorSanitizer: undefined-behavior Modules/_io/textio.c:1478:5 
Objects/dictobject.c:5599:9: runtime error: call to function visit_reachable through pointer to incorrect function type 'int (*)(struct _object *, void *)'
/home/shamil/oss/cpython/3.12/Modules/gcmodule.c:500: note: visit_reachable defined here
SUMMARY: UndefinedBehaviorSanitizer: undefined-behavior Objects/dictobject.c:5599:9 
Modules/_io/bufferedio.c:449:5: runtime error: call to function visit_reachable through pointer to incorrect function type 'int (*)(struct _object *, void *)'
/home/shamil/oss/cpython/3.12/Modules/gcmodule.c:500: note: visit_reachable defined here
SUMMARY: UndefinedBehaviorSanitizer: undefined-behavior Modules/_io/bufferedio.c:449:5 
Modules/_io/bufferedio.c:450:5: runtime error: call to function visit_reachable through pointer to incorrect function type 'int (*)(struct _object *, void *)'
/home/shamil/oss/cpython/3.12/Modules/gcmodule.c:500: note: visit_reachable defined here
SUMMARY: UndefinedBehaviorSanitizer: undefined-behavior Modules/_io/bufferedio.c:450:5 
Modules/_io/bufferedio.c:451:5: runtime error: call to function visit_reachable through pointer to incorrect function type 'int (*)(struct _object *, void *)'
/home/shamil/oss/cpython/3.12/Modules/gcmodule.c:500: note: visit_reachable defined here
SUMMARY: UndefinedBehaviorSanitizer: undefined-behavior Modules/_io/bufferedio.c:451:5 
Modules/_io/fileio.c:517:5: runtime error: call to function visit_reachable through pointer to incorrect function type 'int (*)(struct _object *, void *)'
/home/shamil/oss/cpython/3.12/Modules/gcmodule.c:500: note: visit_reachable defined here
SUMMARY: UndefinedBehaviorSanitizer: undefined-behavior Modules/_io/fileio.c:517:5 
Modules/_io/fileio.c:518:5: runtime error: call to function visit_reachable through pointer to incorrect function type 'int (*)(struct _object *, void *)'
/home/shamil/oss/cpython/3.12/Modules/gcmodule.c:500: note: visit_reachable defined here
SUMMARY: UndefinedBehaviorSanitizer: undefined-behavior Modules/_io/fileio.c:518:5 
Objects/dictobject.c:3543:17: runtime error: call to function visit_reachable through pointer to incorrect function type 'int (*)(struct _object *, void *)'
/home/shamil/oss/cpython/3.12/Modules/gcmodule.c:500: note: visit_reachable defined here
SUMMARY: UndefinedBehaviorSanitizer: undefined-behavior Objects/dictobject.c:3543:17 
Objects/methodobject.c:509:24: runtime error: call to function list_remove through pointer to incorrect function type 'struct _object *(*)(struct _object *, struct _object *)'
/home/shamil/oss/cpython/3.12/Objects/listobject.c:2678: note: list_remove defined here
SUMMARY: UndefinedBehaviorSanitizer: undefined-behavior Objects/methodobject.c:509:24 
Objects/methodobject.c:422:24: runtime error: call to function list_insert through pointer to incorrect function type 'struct _object *(*)(struct _object *, struct _object *const *, long)'
/home/shamil/oss/cpython/3.12/Objects/clinic/listobject.c.h:25: note: list_insert defined here
SUMMARY: UndefinedBehaviorSanitizer: undefined-behavior Objects/methodobject.c:422:24 
Modules/_abc.c:50:5: runtime error: call to function visit_reachable through pointer to incorrect function type 'int (*)(struct _object *, void *)'
/home/shamil/oss/cpython/3.12/Modules/gcmodule.c:500: note: visit_reachable defined here
SUMMARY: UndefinedBehaviorSanitizer: undefined-behavior Modules/_abc.c:50:5 
Python/bltinmodule.c:1382:25: runtime error: call to function tupleiter_next through pointer to incorrect function type 'struct _object *(*)(struct _object *)'
/home/shamil/oss/cpython/3.12/Objects/tupleobject.c:997: note: tupleiter_next defined here
SUMMARY: UndefinedBehaviorSanitizer: undefined-behavior Python/bltinmodule.c:1382:25 
Objects/abstract.c:890:23: runtime error: call to function long_mul through pointer to incorrect function type 'struct _object *(*)(struct _object *, struct _object *)'
/home/shamil/oss/cpython/3.12/Objects/longobject.c:4004: note: long_mul defined here
SUMMARY: UndefinedBehaviorSanitizer: undefined-behavior Objects/abstract.c:890:23 
Python/bltinmodule.c:1494:11: runtime error: call to function gen_iternext through pointer to incorrect function type 'struct _object *(*)(struct _object *)'
/home/shamil/oss/cpython/3.12/Objects/genobject.c:600: note: gen_iternext defined here
SUMMARY: UndefinedBehaviorSanitizer: undefined-behavior Python/bltinmodule.c:1494:11 
Objects/descrobject.c:427:24: runtime error: call to function bytes_decode through pointer to incorrect function type 'struct _object *(*)(struct _object *, struct _object *const *, long, struct _object *)'
/home/shamil/oss/cpython/3.12/Objects/clinic/bytesobject.c.h:710: note: bytes_decode defined here
SUMMARY: UndefinedBehaviorSanitizer: undefined-behavior Objects/descrobject.c:427:24 
Python/bytecodes.c:3123:19: runtime error: call to function bytes_decode through pointer to incorrect function type 'struct _object *(*)(struct _object *, struct _object *const *, long, struct _object *)'
/home/shamil/oss/cpython/3.12/Objects/clinic/bytesobject.c.h:710: note: bytes_decode defined here
SUMMARY: UndefinedBehaviorSanitizer: undefined-behavior Python/bytecodes.c:3123:19 
Modules/_operator.c:1844:5: runtime error: call to function visit_reachable through pointer to incorrect function type 'int (*)(struct _object *, void *)'
/home/shamil/oss/cpython/3.12/Modules/gcmodule.c:500: note: visit_reachable defined here
SUMMARY: UndefinedBehaviorSanitizer: undefined-behavior Modules/_operator.c:1844:5 
Modules/_operator.c:1845:5: runtime error: call to function visit_reachable through pointer to incorrect function type 'int (*)(struct _object *, void *)'
/home/shamil/oss/cpython/3.12/Modules/gcmodule.c:500: note: visit_reachable defined here
SUMMARY: UndefinedBehaviorSanitizer: undefined-behavior Modules/_operator.c:1845:5 
Modules/_operator.c:1846:5: runtime error: call to function visit_reachable through pointer to incorrect function type 'int (*)(struct _object *, void *)'
/home/shamil/oss/cpython/3.12/Modules/gcmodule.c:500: note: visit_reachable defined here
SUMMARY: UndefinedBehaviorSanitizer: undefined-behavior Modules/_operator.c:1846:5 
Modules/itertoolsmodule.c:4624:5: runtime error: call to function visit_reachable through pointer to incorrect function type 'int (*)(struct _object *, void *)'
/home/shamil/oss/cpython/3.12/Modules/gcmodule.c:500: note: visit_reachable defined here
SUMMARY: UndefinedBehaviorSanitizer: undefined-behavior Modules/itertoolsmodule.c:4624:5 
Modules/itertoolsmodule.c:4625:5: runtime error: call to function visit_reachable through pointer to incorrect function type 'int (*)(struct _object *, void *)'
/home/shamil/oss/cpython/3.12/Modules/gcmodule.c:500: note: visit_reachable defined here
SUMMARY: UndefinedBehaviorSanitizer: undefined-behavior Modules/itertoolsmodule.c:4625:5 
Modules/itertoolsmodule.c:4626:5: runtime error: call to function visit_reachable through pointer to incorrect function type 'int (*)(struct _object *, void *)'
/home/shamil/oss/cpython/3.12/Modules/gcmodule.c:500: note: visit_reachable defined here
SUMMARY: UndefinedBehaviorSanitizer: undefined-behavior Modules/itertoolsmodule.c:4626:5 
Modules/itertoolsmodule.c:4627:5: runtime error: call to function visit_reachable through pointer to incorrect function type 'int (*)(struct _object *, void *)'
/home/shamil/oss/cpython/3.12/Modules/gcmodule.c:500: note: visit_reachable defined here
SUMMARY: UndefinedBehaviorSanitizer: undefined-behavior Modules/itertoolsmodule.c:4627:5 
Modules/itertoolsmodule.c:4628:5: runtime error: call to function visit_reachable through pointer to incorrect function type 'int (*)(struct _object *, void *)'
/home/shamil/oss/cpython/3.12/Modules/gcmodule.c:500: note: visit_reachable defined here
SUMMARY: UndefinedBehaviorSanitizer: undefined-behavior Modules/itertoolsmodule.c:4628:5 
Modules/itertoolsmodule.c:4629:5: runtime error: call to function visit_reachable through pointer to incorrect function type 'int (*)(struct _object *, void *)'
/home/shamil/oss/cpython/3.12/Modules/gcmodule.c:500: note: visit_reachable defined here
SUMMARY: UndefinedBehaviorSanitizer: undefined-behavior Modules/itertoolsmodule.c:4629:5 
Modules/itertoolsmodule.c:4630:5: runtime error: call to function visit_reachable through pointer to incorrect function type 'int (*)(struct _object *, void *)'
/home/shamil/oss/cpython/3.12/Modules/gcmodule.c:500: note: visit_reachable defined here
SUMMARY: UndefinedBehaviorSanitizer: undefined-behavior Modules/itertoolsmodule.c:4630:5 
Modules/itertoolsmodule.c:4631:5: runtime error: call to function visit_reachable through pointer to incorrect function type 'int (*)(struct _object *, void *)'
/home/shamil/oss/cpython/3.12/Modules/gcmodule.c:500: note: visit_reachable defined here
SUMMARY: UndefinedBehaviorSanitizer: undefined-behavior Modules/itertoolsmodule.c:4631:5 
Modules/itertoolsmodule.c:4632:5: runtime error: call to function visit_reachable through pointer to incorrect function type 'int (*)(struct _object *, void *)'
/home/shamil/oss/cpython/3.12/Modules/gcmodule.c:500: note: visit_reachable defined here
SUMMARY: UndefinedBehaviorSanitizer: undefined-behavior Modules/itertoolsmodule.c:4632:5 
Modules/itertoolsmodule.c:4633:5: runtime error: call to function visit_reachable through pointer to incorrect function type 'int (*)(struct _object *, void *)'
/home/shamil/oss/cpython/3.12/Modules/gcmodule.c:500: note: visit_reachable defined here
SUMMARY: UndefinedBehaviorSanitizer: undefined-behavior Modules/itertoolsmodule.c:4633:5 
Modules/itertoolsmodule.c:4634:5: runtime error: call to function visit_reachable through pointer to incorrect function type 'int (*)(struct _object *, void *)'
/home/shamil/oss/cpython/3.12/Modules/gcmodule.c:500: note: visit_reachable defined here
SUMMARY: UndefinedBehaviorSanitizer: undefined-behavior Modules/itertoolsmodule.c:4634:5 
Modules/itertoolsmodule.c:4635:5: runtime error: call to function visit_reachable through pointer to incorrect function type 'int (*)(struct _object *, void *)'
/home/shamil/oss/cpython/3.12/Modules/gcmodule.c:500: note: visit_reachable defined here
SUMMARY: UndefinedBehaviorSanitizer: undefined-behavior Modules/itertoolsmodule.c:4635:5 
Modules/itertoolsmodule.c:4636:5: runtime error: call to function visit_reachable through pointer to incorrect function type 'int (*)(struct _object *, void *)'
/home/shamil/oss/cpython/3.12/Modules/gcmodule.c:500: note: visit_reachable defined here
SUMMARY: UndefinedBehaviorSanitizer: undefined-behavior Modules/itertoolsmodule.c:4636:5 
Modules/itertoolsmodule.c:4637:5: runtime error: call to function visit_reachable through pointer to incorrect function type 'int (*)(struct _object *, void *)'
/home/shamil/oss/cpython/3.12/Modules/gcmodule.c:500: note: visit_reachable defined here
SUMMARY: UndefinedBehaviorSanitizer: undefined-behavior Modules/itertoolsmodule.c:4637:5 
Modules/itertoolsmodule.c:4638:5: runtime error: call to function visit_reachable through pointer to incorrect function type 'int (*)(struct _object *, void *)'
/home/shamil/oss/cpython/3.12/Modules/gcmodule.c:500: note: visit_reachable defined here
SUMMARY: UndefinedBehaviorSanitizer: undefined-behavior Modules/itertoolsmodule.c:4638:5 
Modules/itertoolsmodule.c:4639:5: runtime error: call to function visit_reachable through pointer to incorrect function type 'int (*)(struct _object *, void *)'
/home/shamil/oss/cpython/3.12/Modules/gcmodule.c:500: note: visit_reachable defined here
SUMMARY: UndefinedBehaviorSanitizer: undefined-behavior Modules/itertoolsmodule.c:4639:5 
Modules/itertoolsmodule.c:4640:5: runtime error: call to function visit_reachable through pointer to incorrect function type 'int (*)(struct _object *, void *)'
/home/shamil/oss/cpython/3.12/Modules/gcmodule.c:500: note: visit_reachable defined here
SUMMARY: UndefinedBehaviorSanitizer: undefined-behavior Modules/itertoolsmodule.c:4640:5 
Modules/itertoolsmodule.c:4641:5: runtime error: call to function visit_reachable through pointer to incorrect function type 'int (*)(struct _object *, void *)'
/home/shamil/oss/cpython/3.12/Modules/gcmodule.c:500: note: visit_reachable defined here
SUMMARY: UndefinedBehaviorSanitizer: undefined-behavior Modules/itertoolsmodule.c:4641:5 
Modules/itertoolsmodule.c:4642:5: runtime error: call to function visit_reachable through pointer to incorrect function type 'int (*)(struct _object *, void *)'
/home/shamil/oss/cpython/3.12/Modules/gcmodule.c:500: note: visit_reachable defined here
SUMMARY: UndefinedBehaviorSanitizer: undefined-behavior Modules/itertoolsmodule.c:4642:5 
Modules/itertoolsmodule.c:4643:5: runtime error: call to function visit_reachable through pointer to incorrect function type 'int (*)(struct _object *, void *)'
/home/shamil/oss/cpython/3.12/Modules/gcmodule.c:500: note: visit_reachable defined here
SUMMARY: UndefinedBehaviorSanitizer: undefined-behavior Modules/itertoolsmodule.c:4643:5 
Modules/itertoolsmodule.c:4644:5: runtime error: call to function visit_reachable through pointer to incorrect function type 'int (*)(struct _object *, void *)'
/home/shamil/oss/cpython/3.12/Modules/gcmodule.c:500: note: visit_reachable defined here
SUMMARY: UndefinedBehaviorSanitizer: undefined-behavior Modules/itertoolsmodule.c:4644:5 
Modules/itertoolsmodule.c:4645:5: runtime error: call to function visit_reachable through pointer to incorrect function type 'int (*)(struct _object *, void *)'
/home/shamil/oss/cpython/3.12/Modules/gcmodule.c:500: note: visit_reachable defined here
SUMMARY: UndefinedBehaviorSanitizer: undefined-behavior Modules/itertoolsmodule.c:4645:5 
Objects/abstract.c:1179:27: runtime error: call to function set_ior through pointer to incorrect function type 'struct _object *(*)(struct _object *, struct _object *)'
/home/shamil/oss/cpython/3.12/Objects/setobject.c:1165: note: set_ior defined here
SUMMARY: UndefinedBehaviorSanitizer: undefined-behavior Objects/abstract.c:1179:27 
Objects/abstract.c:1965:19: runtime error: call to function list_ass_item through pointer to incorrect function type 'int (*)(struct _object *, long, struct _object *)'
/home/shamil/oss/cpython/3.12/Objects/listobject.c:770: note: list_ass_item defined here
SUMMARY: UndefinedBehaviorSanitizer: undefined-behavior Objects/abstract.c:1965:19 
Objects/enumobject.c:231:17: runtime error: call to function tupleiter_next through pointer to incorrect function type 'struct _object *(*)(struct _object *)'
/home/shamil/oss/cpython/3.12/Objects/tupleobject.c:997: note: tupleiter_next defined here
SUMMARY: UndefinedBehaviorSanitizer: undefined-behavior Objects/enumobject.c:231:17 
Modules/_collectionsmodule.c:2507:5: runtime error: call to function visit_reachable through pointer to incorrect function type 'int (*)(struct _object *, void *)'
/home/shamil/oss/cpython/3.12/Modules/gcmodule.c:500: note: visit_reachable defined here
SUMMARY: UndefinedBehaviorSanitizer: undefined-behavior Modules/_collectionsmodule.c:2507:5 
Modules/_collectionsmodule.c:2508:5: runtime error: call to function visit_reachable through pointer to incorrect function type 'int (*)(struct _object *, void *)'
/home/shamil/oss/cpython/3.12/Modules/gcmodule.c:500: note: visit_reachable defined here
SUMMARY: UndefinedBehaviorSanitizer: undefined-behavior Modules/_collectionsmodule.c:2508:5 
Modules/_collectionsmodule.c:2509:5: runtime error: call to function visit_reachable through pointer to incorrect function type 'int (*)(struct _object *, void *)'
/home/shamil/oss/cpython/3.12/Modules/gcmodule.c:500: note: visit_reachable defined here
SUMMARY: UndefinedBehaviorSanitizer: undefined-behavior Modules/_collectionsmodule.c:2509:5 
Modules/_collectionsmodule.c:2510:5: runtime error: call to function visit_reachable through pointer to incorrect function type 'int (*)(struct _object *, void *)'
/home/shamil/oss/cpython/3.12/Modules/gcmodule.c:500: note: visit_reachable defined here
SUMMARY: UndefinedBehaviorSanitizer: undefined-behavior Modules/_collectionsmodule.c:2510:5 
Modules/_collectionsmodule.c:2511:5: runtime error: call to function visit_reachable through pointer to incorrect function type 'int (*)(struct _object *, void *)'
/home/shamil/oss/cpython/3.12/Modules/gcmodule.c:500: note: visit_reachable defined here
SUMMARY: UndefinedBehaviorSanitizer: undefined-behavior Modules/_collectionsmodule.c:2511:5 
Modules/_functoolsmodule.c:1499:5: runtime error: call to function visit_reachable through pointer to incorrect function type 'int (*)(struct _object *, void *)'
/home/shamil/oss/cpython/3.12/Modules/gcmodule.c:500: note: visit_reachable defined here
SUMMARY: UndefinedBehaviorSanitizer: undefined-behavior Modules/_functoolsmodule.c:1499:5 
Modules/_functoolsmodule.c:1500:5: runtime error: call to function visit_reachable through pointer to incorrect function type 'int (*)(struct _object *, void *)'
/home/shamil/oss/cpython/3.12/Modules/gcmodule.c:500: note: visit_reachable defined here
SUMMARY: UndefinedBehaviorSanitizer: undefined-behavior Modules/_functoolsmodule.c:1500:5 
Modules/_functoolsmodule.c:1501:5: runtime error: call to function visit_reachable through pointer to incorrect function type 'int (*)(struct _object *, void *)'
/home/shamil/oss/cpython/3.12/Modules/gcmodule.c:500: note: visit_reachable defined here
SUMMARY: UndefinedBehaviorSanitizer: undefined-behavior Modules/_functoolsmodule.c:1501:5 
Modules/_functoolsmodule.c:1502:5: runtime error: call to function visit_reachable through pointer to incorrect function type 'int (*)(struct _object *, void *)'
/home/shamil/oss/cpython/3.12/Modules/gcmodule.c:500: note: visit_reachable defined here
SUMMARY: UndefinedBehaviorSanitizer: undefined-behavior Modules/_functoolsmodule.c:1502:5 
Objects/funcobject.c:883:5: runtime error: call to function visit_reachable through pointer to incorrect function type 'int (*)(struct _object *, void *)'
/home/shamil/oss/cpython/3.12/Modules/gcmodule.c:500: note: visit_reachable defined here
SUMMARY: UndefinedBehaviorSanitizer: undefined-behavior Objects/funcobject.c:883:5 
Modules/_collectionsmodule.c:2431:5: runtime error: call to function visit_reachable through pointer to incorrect function type 'int (*)(struct _object *, void *)'
/home/shamil/oss/cpython/3.12/Modules/gcmodule.c:500: note: visit_reachable defined here
SUMMARY: UndefinedBehaviorSanitizer: undefined-behavior Modules/_collectionsmodule.c:2431:5 
Modules/_collectionsmodule.c:2432:5: runtime error: call to function visit_reachable through pointer to incorrect function type 'int (*)(struct _object *, void *)'
/home/shamil/oss/cpython/3.12/Modules/gcmodule.c:500: note: visit_reachable defined here
SUMMARY: UndefinedBehaviorSanitizer: undefined-behavior Modules/_collectionsmodule.c:2432:5 
Objects/typeobject.c:7968:11: runtime error: call to function dict_ass_sub through pointer to incorrect function type 'int (*)(struct _object *, struct _object *, struct _object *)'
/home/shamil/oss/cpython/3.12/Objects/dictobject.c:2525: note: dict_ass_sub defined here
SUMMARY: UndefinedBehaviorSanitizer: undefined-behavior Objects/typeobject.c:7968:11 
Objects/typeobject.c:8068:11: runtime error: call to function type_setattro through pointer to incorrect function type 'int (*)(struct _object *, struct _object *, struct _object *)'
/home/shamil/oss/cpython/3.12/Objects/typeobject.c:4901: note: type_setattro defined here
SUMMARY: UndefinedBehaviorSanitizer: undefined-behavior Objects/typeobject.c:8068:11 
Objects/typeobject.c:8050:11: runtime error: call to function type_setattro through pointer to incorrect function type 'int (*)(struct _object *, struct _object *, struct _object *)'
/home/shamil/oss/cpython/3.12/Objects/typeobject.c:4901: note: type_setattro defined here
SUMMARY: UndefinedBehaviorSanitizer: undefined-behavior Objects/typeobject.c:8050:11 
Python/bytecodes.c:3159:19: runtime error: call to function set_pop through pointer to incorrect function type 'struct _object *(*)(struct _object *, struct _object *)'
/home/shamil/oss/cpython/3.12/Objects/setobject.c:630: note: set_pop defined here
SUMMARY: UndefinedBehaviorSanitizer: undefined-behavior Python/bytecodes.c:3159:19 
Objects/abstract.c:2304:26: runtime error: call to function dict_length through pointer to incorrect function type 'long (*)(struct _object *)'
/home/shamil/oss/cpython/3.12/Objects/dictobject.c:2484: note: dict_length defined here
SUMMARY: UndefinedBehaviorSanitizer: undefined-behavior Objects/abstract.c:2304:26 
Objects/tupleobject.c:991:5: runtime error: call to function visit_reachable through pointer to incorrect function type 'int (*)(struct _object *, void *)'
/home/shamil/oss/cpython/3.12/Modules/gcmodule.c:500: note: visit_reachable defined here
SUMMARY: UndefinedBehaviorSanitizer: undefined-behavior Objects/tupleobject.c:991:5 
Modules/_sre/sre.c:3268:5: runtime error: call to function visit_reachable through pointer to incorrect function type 'int (*)(struct _object *, void *)'
/home/shamil/oss/cpython/3.12/Modules/gcmodule.c:500: note: visit_reachable defined here
SUMMARY: UndefinedBehaviorSanitizer: undefined-behavior Modules/_sre/sre.c:3268:5 
Modules/_sre/sre.c:3269:5: runtime error: call to function visit_reachable through pointer to incorrect function type 'int (*)(struct _object *, void *)'
/home/shamil/oss/cpython/3.12/Modules/gcmodule.c:500: note: visit_reachable defined here
SUMMARY: UndefinedBehaviorSanitizer: undefined-behavior Modules/_sre/sre.c:3269:5 
Modules/_sre/sre.c:3270:5: runtime error: call to function visit_reachable through pointer to incorrect function type 'int (*)(struct _object *, void *)'
/home/shamil/oss/cpython/3.12/Modules/gcmodule.c:500: note: visit_reachable defined here
SUMMARY: UndefinedBehaviorSanitizer: undefined-behavior Modules/_sre/sre.c:3270:5 
Modules/_sre/sre.c:3271:5: runtime error: call to function visit_reachable through pointer to incorrect function type 'int (*)(struct _object *, void *)'
/home/shamil/oss/cpython/3.12/Modules/gcmodule.c:500: note: visit_reachable defined here
SUMMARY: UndefinedBehaviorSanitizer: undefined-behavior Modules/_sre/sre.c:3271:5 
Objects/listobject.c:3256:5: runtime error: call to function visit_reachable through pointer to incorrect function type 'int (*)(struct _object *, void *)'
/home/shamil/oss/cpython/3.12/Modules/gcmodule.c:500: note: visit_reachable defined here
SUMMARY: UndefinedBehaviorSanitizer: undefined-behavior Objects/listobject.c:3256:5 
Objects/abstract.c:1092:21: runtime error: call to function list_repeat through pointer to incorrect function type 'struct _object *(*)(struct _object *, long)'
/home/shamil/oss/cpython/3.12/Objects/listobject.c:554: note: list_repeat defined here
SUMMARY: UndefinedBehaviorSanitizer: undefined-behavior Objects/abstract.c:1092:21 
Python/bytecodes.c:2880:19: runtime error: call to function range_vectorcall through pointer to incorrect function type 'struct _object *(*)(struct _object *, struct _object *const *, unsigned long, struct _object *)'
/home/shamil/oss/cpython/3.12/Objects/rangeobject.c:146: note: range_vectorcall defined here
SUMMARY: UndefinedBehaviorSanitizer: undefined-behavior Python/bytecodes.c:2880:19 
Python/bytecodes.c:2913:19: runtime error: call to function list_append through pointer to incorrect function type 'struct _object *(*)(struct _object *, struct _object *)'
/home/shamil/oss/cpython/3.12/Objects/listobject.c:840: note: list_append defined here
SUMMARY: UndefinedBehaviorSanitizer: undefined-behavior Python/bytecodes.c:2913:19 
Objects/abstract.c:1749:25: runtime error: call to function tupleconcat through pointer to incorrect function type 'struct _object *(*)(struct _object *, struct _object *)'
/home/shamil/oss/cpython/3.12/Objects/tupleobject.c:441: note: tupleconcat defined here
SUMMARY: UndefinedBehaviorSanitizer: undefined-behavior Objects/abstract.c:1749:25 
Objects/object.c:1337:27: runtime error: call to function getset_get through pointer to incorrect function type 'struct _object *(*)(struct _object *, struct _object *, struct _object *)'
/home/shamil/oss/cpython/3.12/Objects/descrobject.c:195: note: getset_get defined here
SUMMARY: UndefinedBehaviorSanitizer: undefined-behavior Objects/object.c:1337:27 
Objects/abstract.c:1358:25: runtime error: call to function long_invert through pointer to incorrect function type 'struct _object *(*)(struct _object *)'
/home/shamil/oss/cpython/3.12/Objects/longobject.c:4905: note: long_invert defined here
SUMMARY: UndefinedBehaviorSanitizer: undefined-behavior Objects/abstract.c:1358:25 
Objects/descrobject.c:331:24: runtime error: call to function bytearray_find through pointer to incorrect function type 'struct _object *(*)(struct _object *, struct _object *)'
/home/shamil/oss/cpython/3.12/Objects/bytearrayobject.c:1126: note: bytearray_find defined here
SUMMARY: UndefinedBehaviorSanitizer: undefined-behavior Objects/descrobject.c:331:24 
Objects/abstract.c:1324:25: runtime error: call to function long_neg through pointer to incorrect function type 'struct _object *(*)(struct _object *)'
/home/shamil/oss/cpython/3.12/Objects/longobject.c:4921: note: long_neg defined here
SUMMARY: UndefinedBehaviorSanitizer: undefined-behavior Objects/abstract.c:1324:25 
Objects/abstract.c:1260:26: runtime error: call to function list_inplace_concat through pointer to incorrect function type 'struct _object *(*)(struct _object *, struct _object *)'
/home/shamil/oss/cpython/3.12/Objects/listobject.c:987: note: list_inplace_concat defined here
SUMMARY: UndefinedBehaviorSanitizer: undefined-behavior Objects/abstract.c:1260:26 
Modules/_functoolsmodule.c:1356:5: runtime error: call to function visit_reachable through pointer to incorrect function type 'int (*)(struct _object *, void *)'
/home/shamil/oss/cpython/3.12/Modules/gcmodule.c:500: note: visit_reachable defined here
SUMMARY: UndefinedBehaviorSanitizer: undefined-behavior Modules/_functoolsmodule.c:1356:5 
Modules/_functoolsmodule.c:1365:5: runtime error: call to function visit_reachable through pointer to incorrect function type 'int (*)(struct _object *, void *)'
/home/shamil/oss/cpython/3.12/Modules/gcmodule.c:500: note: visit_reachable defined here
SUMMARY: UndefinedBehaviorSanitizer: undefined-behavior Modules/_functoolsmodule.c:1365:5 
Modules/_functoolsmodule.c:1366:5: runtime error: call to function visit_reachable through pointer to incorrect function type 'int (*)(struct _object *, void *)'
/home/shamil/oss/cpython/3.12/Modules/gcmodule.c:500: note: visit_reachable defined here
SUMMARY: UndefinedBehaviorSanitizer: undefined-behavior Modules/_functoolsmodule.c:1366:5 
Modules/_functoolsmodule.c:1367:5: runtime error: call to function visit_reachable through pointer to incorrect function type 'int (*)(struct _object *, void *)'
/home/shamil/oss/cpython/3.12/Modules/gcmodule.c:500: note: visit_reachable defined here
SUMMARY: UndefinedBehaviorSanitizer: undefined-behavior Modules/_functoolsmodule.c:1367:5 
Modules/_functoolsmodule.c:1368:5: runtime error: call to function visit_reachable through pointer to incorrect function type 'int (*)(struct _object *, void *)'
/home/shamil/oss/cpython/3.12/Modules/gcmodule.c:500: note: visit_reachable defined here
SUMMARY: UndefinedBehaviorSanitizer: undefined-behavior Modules/_functoolsmodule.c:1368:5 
Modules/_functoolsmodule.c:1369:5: runtime error: call to function visit_reachable through pointer to incorrect function type 'int (*)(struct _object *, void *)'
/home/shamil/oss/cpython/3.12/Modules/gcmodule.c:500: note: visit_reachable defined here
SUMMARY: UndefinedBehaviorSanitizer: undefined-behavior Modules/_functoolsmodule.c:1369:5 
Modules/_functoolsmodule.c:1370:5: runtime error: call to function visit_reachable through pointer to incorrect function type 'int (*)(struct _object *, void *)'
/home/shamil/oss/cpython/3.12/Modules/gcmodule.c:500: note: visit_reachable defined here
SUMMARY: UndefinedBehaviorSanitizer: undefined-behavior Modules/_functoolsmodule.c:1370:5 
Modules/_localemodule.c:937:5: runtime error: call to function visit_reachable through pointer to incorrect function type 'int (*)(struct _object *, void *)'
/home/shamil/oss/cpython/3.12/Modules/gcmodule.c:500: note: visit_reachable defined here
SUMMARY: UndefinedBehaviorSanitizer: undefined-behavior Modules/_localemodule.c:937:5 
Modules/_sre/sre.c:656:5: runtime error: call to function visit_reachable through pointer to incorrect function type 'int (*)(struct _object *, void *)'
/home/shamil/oss/cpython/3.12/Modules/gcmodule.c:500: note: visit_reachable defined here
SUMMARY: UndefinedBehaviorSanitizer: undefined-behavior Modules/_sre/sre.c:656:5 
Modules/_sre/sre.c:657:5: runtime error: call to function visit_reachable through pointer to incorrect function type 'int (*)(struct _object *, void *)'
/home/shamil/oss/cpython/3.12/Modules/gcmodule.c:500: note: visit_reachable defined here
SUMMARY: UndefinedBehaviorSanitizer: undefined-behavior Modules/_sre/sre.c:657:5 
Modules/_sre/sre.c:658:5: runtime error: call to function visit_reachable through pointer to incorrect function type 'int (*)(struct _object *, void *)'
/home/shamil/oss/cpython/3.12/Modules/gcmodule.c:500: note: visit_reachable defined here
SUMMARY: UndefinedBehaviorSanitizer: undefined-behavior Modules/_sre/sre.c:658:5 
Modules/_sre/sre.c:659:5: runtime error: call to function visit_reachable through pointer to incorrect function type 'int (*)(struct _object *, void *)'
/home/shamil/oss/cpython/3.12/Modules/gcmodule.c:500: note: visit_reachable defined here
SUMMARY: UndefinedBehaviorSanitizer: undefined-behavior Modules/_sre/sre.c:659:5 
Objects/descrobject.c:365:14: runtime error: call to function lock_PyThread_acquire_lock through pointer to incorrect function type 'struct _object *(*)(struct _object *, struct _object *, struct _object *)'
/home/shamil/oss/cpython/3.12/./Modules/_threadmodule.c:177: note: lock_PyThread_acquire_lock defined here
SUMMARY: UndefinedBehaviorSanitizer: undefined-behavior Objects/descrobject.c:365:14 
Objects/object.c:1692:15: runtime error: call to function deque_len through pointer to incorrect function type 'long (*)(struct _object *)'
/home/shamil/oss/cpython/3.12/./Modules/_collectionsmodule.c:1069: note: deque_len defined here
SUMMARY: UndefinedBehaviorSanitizer: undefined-behavior Objects/object.c:1692:15 
Objects/descrobject.c:1413:5: runtime error: call to function visit_reachable through pointer to incorrect function type 'int (*)(struct _object *, void *)'
/home/shamil/oss/cpython/3.12/Modules/gcmodule.c:500: note: visit_reachable defined here
SUMMARY: UndefinedBehaviorSanitizer: undefined-behavior Objects/descrobject.c:1413:5 
Objects/descrobject.c:1414:5: runtime error: call to function visit_reachable through pointer to incorrect function type 'int (*)(struct _object *, void *)'
/home/shamil/oss/cpython/3.12/Modules/gcmodule.c:500: note: visit_reachable defined here
SUMMARY: UndefinedBehaviorSanitizer: undefined-behavior Objects/descrobject.c:1414:5 
Modules/_collectionsmodule.c:1355:5: runtime error: call to function visit_reachable through pointer to incorrect function type 'int (*)(struct _object *, void *)'
/home/shamil/oss/cpython/3.12/Modules/gcmodule.c:500: note: visit_reachable defined here
SUMMARY: UndefinedBehaviorSanitizer: undefined-behavior Modules/_collectionsmodule.c:1355:5 
Modules/selectmodule.c:2529:5: runtime error: call to function visit_reachable through pointer to incorrect function type 'int (*)(struct _object *, void *)'
/home/shamil/oss/cpython/3.12/Modules/gcmodule.c:500: note: visit_reachable defined here
SUMMARY: UndefinedBehaviorSanitizer: undefined-behavior Modules/selectmodule.c:2529:5 
Modules/selectmodule.c:2530:5: runtime error: call to function visit_reachable through pointer to incorrect function type 'int (*)(struct _object *, void *)'
/home/shamil/oss/cpython/3.12/Modules/gcmodule.c:500: note: visit_reachable defined here
SUMMARY: UndefinedBehaviorSanitizer: undefined-behavior Modules/selectmodule.c:2530:5 
Modules/selectmodule.c:2532:5: runtime error: call to function visit_reachable through pointer to incorrect function type 'int (*)(struct _object *, void *)'
/home/shamil/oss/cpython/3.12/Modules/gcmodule.c:500: note: visit_reachable defined here
SUMMARY: UndefinedBehaviorSanitizer: undefined-behavior Modules/selectmodule.c:2532:5 
Modules/itertoolsmodule.c:4104:5: runtime error: call to function visit_reachable through pointer to incorrect function type 'int (*)(struct _object *, void *)'
/home/shamil/oss/cpython/3.12/Modules/gcmodule.c:500: note: visit_reachable defined here
SUMMARY: UndefinedBehaviorSanitizer: undefined-behavior Modules/itertoolsmodule.c:4104:5 
Modules/itertoolsmodule.c:4106:5: runtime error: call to function visit_reachable through pointer to incorrect function type 'int (*)(struct _object *, void *)'
/home/shamil/oss/cpython/3.12/Modules/gcmodule.c:500: note: visit_reachable defined here
SUMMARY: UndefinedBehaviorSanitizer: undefined-behavior Modules/itertoolsmodule.c:4106:5 
Objects/abstract.c:1903:25: runtime error: call to function tuplesubscript through pointer to incorrect function type 'struct _object *(*)(struct _object *, struct _object *)'
/home/shamil/oss/cpython/3.12/Objects/tupleobject.c:764: note: tuplesubscript defined here
SUMMARY: UndefinedBehaviorSanitizer: undefined-behavior Objects/abstract.c:1903:25 
Objects/typeobject.c:1766:27: runtime error: call to function visit_reachable through pointer to incorrect function type 'int (*)(struct _object *, void *)'
/home/shamil/oss/cpython/3.12/Modules/gcmodule.c:500: note: visit_reachable defined here
SUMMARY: UndefinedBehaviorSanitizer: undefined-behavior Objects/typeobject.c:1766:27 
Modules/_collectionsmodule.c:2156:5: runtime error: call to function visit_reachable through pointer to incorrect function type 'int (*)(struct _object *, void *)'
/home/shamil/oss/cpython/3.12/Modules/gcmodule.c:500: note: visit_reachable defined here
SUMMARY: UndefinedBehaviorSanitizer: undefined-behavior Modules/_collectionsmodule.c:2156:5 
Modules/_collectionsmodule.c:2157:5: runtime error: call to function visit_reachable through pointer to incorrect function type 'int (*)(struct _object *, void *)'
/home/shamil/oss/cpython/3.12/Modules/gcmodule.c:500: note: visit_reachable defined here
SUMMARY: UndefinedBehaviorSanitizer: undefined-behavior Modules/_collectionsmodule.c:2157:5 
Objects/typevarobject.c:213:5: runtime error: call to function visit_reachable through pointer to incorrect function type 'int (*)(struct _object *, void *)'
/home/shamil/oss/cpython/3.12/Modules/gcmodule.c:500: note: visit_reachable defined here
SUMMARY: UndefinedBehaviorSanitizer: undefined-behavior Objects/typevarobject.c:213:5 
Objects/typevarobject.c:215:5: runtime error: call to function visit_reachable through pointer to incorrect function type 'int (*)(struct _object *, void *)'
/home/shamil/oss/cpython/3.12/Modules/gcmodule.c:500: note: visit_reachable defined here
SUMMARY: UndefinedBehaviorSanitizer: undefined-behavior Objects/typevarobject.c:215:5 
Objects/typevarobject.c:217:5: runtime error: call to function visit_reachable through pointer to incorrect function type 'int (*)(struct _object *, void *)'
/home/shamil/oss/cpython/3.12/Modules/gcmodule.c:500: note: visit_reachable defined here
SUMMARY: UndefinedBehaviorSanitizer: undefined-behavior Objects/typevarobject.c:217:5 
Modules/_functoolsmodule.c:171:5: runtime error: call to function visit_reachable through pointer to incorrect function type 'int (*)(struct _object *, void *)'
/home/shamil/oss/cpython/3.12/Modules/gcmodule.c:500: note: visit_reachable defined here
SUMMARY: UndefinedBehaviorSanitizer: undefined-behavior Modules/_functoolsmodule.c:171:5 
Modules/_functoolsmodule.c:172:5: runtime error: call to function visit_reachable through pointer to incorrect function type 'int (*)(struct _object *, void *)'
/home/shamil/oss/cpython/3.12/Modules/gcmodule.c:500: note: visit_reachable defined here
SUMMARY: UndefinedBehaviorSanitizer: undefined-behavior Modules/_functoolsmodule.c:172:5 
Modules/_functoolsmodule.c:173:5: runtime error: call to function visit_reachable through pointer to incorrect function type 'int (*)(struct _object *, void *)'
/home/shamil/oss/cpython/3.12/Modules/gcmodule.c:500: note: visit_reachable defined here
SUMMARY: UndefinedBehaviorSanitizer: undefined-behavior Modules/_functoolsmodule.c:173:5 
Modules/_functoolsmodule.c:174:5: runtime error: call to function visit_reachable through pointer to incorrect function type 'int (*)(struct _object *, void *)'
/home/shamil/oss/cpython/3.12/Modules/gcmodule.c:500: note: visit_reachable defined here
SUMMARY: UndefinedBehaviorSanitizer: undefined-behavior Modules/_functoolsmodule.c:174:5 
Python/bltinmodule.c:2872:20: runtime error: call to function tupleiter_next through pointer to incorrect function type 'struct _object *(*)(struct _object *)'
/home/shamil/oss/cpython/3.12/Objects/tupleobject.c:997: note: tupleiter_next defined here
SUMMARY: UndefinedBehaviorSanitizer: undefined-behavior Python/bltinmodule.c:2872:20 
Objects/typeobject.c:7781:12: runtime error: call to function _Py_type_getattro through pointer to incorrect function type 'struct _object *(*)(struct _object *, struct _object *)'
/home/shamil/oss/cpython/3.12/Objects/typeobject.c:4895: note: _Py_type_getattro defined here
SUMMARY: UndefinedBehaviorSanitizer: undefined-behavior Objects/typeobject.c:7781:12 
Objects/typevarobject.c:1388:5: runtime error: call to function visit_reachable through pointer to incorrect function type 'int (*)(struct _object *, void *)'
/home/shamil/oss/cpython/3.12/Modules/gcmodule.c:500: note: visit_reachable defined here
SUMMARY: UndefinedBehaviorSanitizer: undefined-behavior Objects/typevarobject.c:1388:5 
Objects/genericaliasobject.c:45:5: runtime error: call to function visit_reachable through pointer to incorrect function type 'int (*)(struct _object *, void *)'
/home/shamil/oss/cpython/3.12/Modules/gcmodule.c:500: note: visit_reachable defined here
SUMMARY: UndefinedBehaviorSanitizer: undefined-behavior Objects/genericaliasobject.c:45:5 
Objects/genericaliasobject.c:46:5: runtime error: call to function visit_reachable through pointer to incorrect function type 'int (*)(struct _object *, void *)'
/home/shamil/oss/cpython/3.12/Modules/gcmodule.c:500: note: visit_reachable defined here
SUMMARY: UndefinedBehaviorSanitizer: undefined-behavior Objects/genericaliasobject.c:46:5 
Objects/genericaliasobject.c:47:5: runtime error: call to function visit_reachable through pointer to incorrect function type 'int (*)(struct _object *, void *)'
/home/shamil/oss/cpython/3.12/Modules/gcmodule.c:500: note: visit_reachable defined here
SUMMARY: UndefinedBehaviorSanitizer: undefined-behavior Objects/genericaliasobject.c:47:5 
Objects/typevarobject.c:216:5: runtime error: call to function visit_reachable through pointer to incorrect function type 'int (*)(struct _object *, void *)'
/home/shamil/oss/cpython/3.12/Modules/gcmodule.c:500: note: visit_reachable defined here
SUMMARY: UndefinedBehaviorSanitizer: undefined-behavior Objects/typevarobject.c:216:5 
Python/Python-ast.c:843:5: runtime error: call to function visit_reachable through pointer to incorrect function type 'int (*)(struct _object *, void *)'
/home/shamil/oss/cpython/3.12/Modules/gcmodule.c:500: note: visit_reachable defined here
SUMMARY: UndefinedBehaviorSanitizer: undefined-behavior Python/Python-ast.c:843:5 
Objects/abstract.c:1719:26: runtime error: call to function tuplelength through pointer to incorrect function type 'long (*)(struct _object *)'
/home/shamil/oss/cpython/3.12/Objects/tupleobject.c:346: note: tuplelength defined here
SUMMARY: UndefinedBehaviorSanitizer: undefined-behavior Objects/abstract.c:1719:26 
Python/bltinmodule.c:2895:20: runtime error: call to function listreviter_next through pointer to incorrect function type 'struct _object *(*)(struct _object *)'
/home/shamil/oss/cpython/3.12/Objects/listobject.c:3411: note: listreviter_next defined here
SUMMARY: UndefinedBehaviorSanitizer: undefined-behavior Python/bltinmodule.c:2895:20 
Python/bltinmodule.c:2851:5: runtime error: call to function visit_reachable through pointer to incorrect function type 'int (*)(struct _object *, void *)'
/home/shamil/oss/cpython/3.12/Modules/gcmodule.c:500: note: visit_reachable defined here
SUMMARY: UndefinedBehaviorSanitizer: undefined-behavior Python/bltinmodule.c:2851:5 
Python/bltinmodule.c:2852:5: runtime error: call to function visit_reachable through pointer to incorrect function type 'int (*)(struct _object *, void *)'
/home/shamil/oss/cpython/3.12/Modules/gcmodule.c:500: note: visit_reachable defined here
SUMMARY: UndefinedBehaviorSanitizer: undefined-behavior Python/bltinmodule.c:2852:5 
Objects/enumobject.c:423:5: runtime error: call to function visit_reachable through pointer to incorrect function type 'int (*)(struct _object *, void *)'
/home/shamil/oss/cpython/3.12/Modules/gcmodule.c:500: note: visit_reachable defined here
SUMMARY: UndefinedBehaviorSanitizer: undefined-behavior Objects/enumobject.c:423:5 
Objects/listobject.c:3405:5: runtime error: call to function visit_reachable through pointer to incorrect function type 'int (*)(struct _object *, void *)'
/home/shamil/oss/cpython/3.12/Modules/gcmodule.c:500: note: visit_reachable defined here
SUMMARY: UndefinedBehaviorSanitizer: undefined-behavior Objects/listobject.c:3405:5 
Python/Python-tokenize.c:382:5: runtime error: call to function visit_reachable through pointer to incorrect function type 'int (*)(struct _object *, void *)'
/home/shamil/oss/cpython/3.12/Modules/gcmodule.c:500: note: visit_reachable defined here
SUMMARY: UndefinedBehaviorSanitizer: undefined-behavior Python/Python-tokenize.c:382:5 
Objects/descrobject.c:1206:5: runtime error: call to function visit_reachable through pointer to incorrect function type 'int (*)(struct _object *, void *)'
/home/shamil/oss/cpython/3.12/Modules/gcmodule.c:500: note: visit_reachable defined here
SUMMARY: UndefinedBehaviorSanitizer: undefined-behavior Objects/descrobject.c:1206:5 
Objects/methodobject.c:246:5: runtime error: call to function visit_reachable through pointer to incorrect function type 'int (*)(struct _object *, void *)'
/home/shamil/oss/cpython/3.12/Modules/gcmodule.c:500: note: visit_reachable defined here
SUMMARY: UndefinedBehaviorSanitizer: undefined-behavior Objects/methodobject.c:246:5 
Modules/_functoolsmodule.c:1360:9: runtime error: call to function visit_reachable through pointer to incorrect function type 'int (*)(struct _object *, void *)'
/home/shamil/oss/cpython/3.12/Modules/gcmodule.c:500: note: visit_reachable defined here
SUMMARY: UndefinedBehaviorSanitizer: undefined-behavior Modules/_functoolsmodule.c:1360:9 
Modules/_functoolsmodule.c:1361:9: runtime error: call to function visit_reachable through pointer to incorrect function type 'int (*)(struct _object *, void *)'
/home/shamil/oss/cpython/3.12/Modules/gcmodule.c:500: note: visit_reachable defined here
SUMMARY: UndefinedBehaviorSanitizer: undefined-behavior Modules/_functoolsmodule.c:1361:9 
Modules/_functoolsmodule.c:1362:9: runtime error: call to function visit_reachable through pointer to incorrect function type 'int (*)(struct _object *, void *)'
/home/shamil/oss/cpython/3.12/Modules/gcmodule.c:500: note: visit_reachable defined here
SUMMARY: UndefinedBehaviorSanitizer: undefined-behavior Modules/_functoolsmodule.c:1362:9 
Python/bytecodes.c:853:26: runtime error: call to function listiter_next through pointer to incorrect function type 'struct _object *(*)(struct _object *)'
/home/shamil/oss/cpython/3.12/Objects/listobject.c:3262: note: listiter_next defined here
SUMMARY: UndefinedBehaviorSanitizer: undefined-behavior Python/bytecodes.c:853:26 
Modules/_randommodule.c:634:5: runtime error: call to function visit_reachable through pointer to incorrect function type 'int (*)(struct _object *, void *)'
/home/shamil/oss/cpython/3.12/Modules/gcmodule.c:500: note: visit_reachable defined here
SUMMARY: UndefinedBehaviorSanitizer: undefined-behavior Modules/_randommodule.c:634:5 
Modules/sha2module.c:802:5: runtime error: call to function visit_reachable through pointer to incorrect function type 'int (*)(struct _object *, void *)'
/home/shamil/oss/cpython/3.12/Modules/gcmodule.c:500: note: visit_reachable defined here
SUMMARY: UndefinedBehaviorSanitizer: undefined-behavior Modules/sha2module.c:802:5 
Modules/sha2module.c:803:5: runtime error: call to function visit_reachable through pointer to incorrect function type 'int (*)(struct _object *, void *)'
/home/shamil/oss/cpython/3.12/Modules/gcmodule.c:500: note: visit_reachable defined here
SUMMARY: UndefinedBehaviorSanitizer: undefined-behavior Modules/sha2module.c:803:5 
Modules/sha2module.c:804:5: runtime error: call to function visit_reachable through pointer to incorrect function type 'int (*)(struct _object *, void *)'
/home/shamil/oss/cpython/3.12/Modules/gcmodule.c:500: note: visit_reachable defined here
SUMMARY: UndefinedBehaviorSanitizer: undefined-behavior Modules/sha2module.c:804:5 
Modules/sha2module.c:805:5: runtime error: call to function visit_reachable through pointer to incorrect function type 'int (*)(struct _object *, void *)'
/home/shamil/oss/cpython/3.12/Modules/gcmodule.c:500: note: visit_reachable defined here
SUMMARY: UndefinedBehaviorSanitizer: undefined-behavior Modules/sha2module.c:805:5 
Modules/_json.c:637:5: runtime error: call to function visit_reachable through pointer to incorrect function type 'int (*)(struct _object *, void *)'
/home/shamil/oss/cpython/3.12/Modules/gcmodule.c:500: note: visit_reachable defined here
SUMMARY: UndefinedBehaviorSanitizer: undefined-behavior Modules/_json.c:637:5 
Modules/_json.c:638:5: runtime error: call to function visit_reachable through pointer to incorrect function type 'int (*)(struct _object *, void *)'
/home/shamil/oss/cpython/3.12/Modules/gcmodule.c:500: note: visit_reachable defined here
SUMMARY: UndefinedBehaviorSanitizer: undefined-behavior Modules/_json.c:638:5 
Modules/_json.c:639:5: runtime error: call to function visit_reachable through pointer to incorrect function type 'int (*)(struct _object *, void *)'
/home/shamil/oss/cpython/3.12/Modules/gcmodule.c:500: note: visit_reachable defined here
SUMMARY: UndefinedBehaviorSanitizer: undefined-behavior Modules/_json.c:639:5 
Modules/_json.c:640:5: runtime error: call to function visit_reachable through pointer to incorrect function type 'int (*)(struct _object *, void *)'
/home/shamil/oss/cpython/3.12/Modules/gcmodule.c:500: note: visit_reachable defined here
SUMMARY: UndefinedBehaviorSanitizer: undefined-behavior Modules/_json.c:640:5 
Modules/_json.c:641:5: runtime error: call to function visit_reachable through pointer to incorrect function type 'int (*)(struct _object *, void *)'
/home/shamil/oss/cpython/3.12/Modules/gcmodule.c:500: note: visit_reachable defined here
SUMMARY: UndefinedBehaviorSanitizer: undefined-behavior Modules/_json.c:641:5 
Modules/_json.c:642:5: runtime error: call to function visit_reachable through pointer to incorrect function type 'int (*)(struct _object *, void *)'
/home/shamil/oss/cpython/3.12/Modules/gcmodule.c:500: note: visit_reachable defined here
SUMMARY: UndefinedBehaviorSanitizer: undefined-behavior Modules/_json.c:642:5 
Modules/_json.c:643:5: runtime error: call to function visit_reachable through pointer to incorrect function type 'int (*)(struct _object *, void *)'
/home/shamil/oss/cpython/3.12/Modules/gcmodule.c:500: note: visit_reachable defined here
SUMMARY: UndefinedBehaviorSanitizer: undefined-behavior Modules/_json.c:643:5 
Modules/zlibmodule.c:2003:5: runtime error: call to function visit_reachable through pointer to incorrect function type 'int (*)(struct _object *, void *)'
/home/shamil/oss/cpython/3.12/Modules/gcmodule.c:500: note: visit_reachable defined here
SUMMARY: UndefinedBehaviorSanitizer: undefined-behavior Modules/zlibmodule.c:2003:5 
Modules/zlibmodule.c:2004:5: runtime error: call to function visit_reachable through pointer to incorrect function type 'int (*)(struct _object *, void *)'
/home/shamil/oss/cpython/3.12/Modules/gcmodule.c:500: note: visit_reachable defined here
SUMMARY: UndefinedBehaviorSanitizer: undefined-behavior Modules/zlibmodule.c:2004:5 
Modules/zlibmodule.c:2005:5: runtime error: call to function visit_reachable through pointer to incorrect function type 'int (*)(struct _object *, void *)'
/home/shamil/oss/cpython/3.12/Modules/gcmodule.c:500: note: visit_reachable defined here
SUMMARY: UndefinedBehaviorSanitizer: undefined-behavior Modules/zlibmodule.c:2005:5 
Modules/zlibmodule.c:2006:5: runtime error: call to function visit_reachable through pointer to incorrect function type 'int (*)(struct _object *, void *)'
/home/shamil/oss/cpython/3.12/Modules/gcmodule.c:500: note: visit_reachable defined here
SUMMARY: UndefinedBehaviorSanitizer: undefined-behavior Modules/zlibmodule.c:2006:5 
Modules/_bz2module.c:780:5: runtime error: call to function visit_reachable through pointer to incorrect function type 'int (*)(struct _object *, void *)'
/home/shamil/oss/cpython/3.12/Modules/gcmodule.c:500: note: visit_reachable defined here
SUMMARY: UndefinedBehaviorSanitizer: undefined-behavior Modules/_bz2module.c:780:5 
Modules/_bz2module.c:781:5: runtime error: call to function visit_reachable through pointer to incorrect function type 'int (*)(struct _object *, void *)'
/home/shamil/oss/cpython/3.12/Modules/gcmodule.c:500: note: visit_reachable defined here
SUMMARY: UndefinedBehaviorSanitizer: undefined-behavior Modules/_bz2module.c:781:5 
Modules/_lzmamodule.c:1624:5: runtime error: call to function visit_reachable through pointer to incorrect function type 'int (*)(struct _object *, void *)'
/home/shamil/oss/cpython/3.12/Modules/gcmodule.c:500: note: visit_reachable defined here
SUMMARY: UndefinedBehaviorSanitizer: undefined-behavior Modules/_lzmamodule.c:1624:5 
Modules/_lzmamodule.c:1625:5: runtime error: call to function visit_reachable through pointer to incorrect function type 'int (*)(struct _object *, void *)'
/home/shamil/oss/cpython/3.12/Modules/gcmodule.c:500: note: visit_reachable defined here
SUMMARY: UndefinedBehaviorSanitizer: undefined-behavior Modules/_lzmamodule.c:1625:5 
Modules/_lzmamodule.c:1626:5: runtime error: call to function visit_reachable through pointer to incorrect function type 'int (*)(struct _object *, void *)'
/home/shamil/oss/cpython/3.12/Modules/gcmodule.c:500: note: visit_reachable defined here
SUMMARY: UndefinedBehaviorSanitizer: undefined-behavior Modules/_lzmamodule.c:1626:5 
Modules/_lzmamodule.c:1627:5: runtime error: call to function visit_reachable through pointer to incorrect function type 'int (*)(struct _object *, void *)'
/home/shamil/oss/cpython/3.12/Modules/gcmodule.c:500: note: visit_reachable defined here
SUMMARY: UndefinedBehaviorSanitizer: undefined-behavior Modules/_lzmamodule.c:1627:5 
Objects/typeobject.c:8167:12: runtime error: call to function getset_get through pointer to incorrect function type 'struct _object *(*)(struct _object *, struct _object *, struct _object *)'
/home/shamil/oss/cpython/3.12/Objects/descrobject.c:195: note: getset_get defined here
SUMMARY: UndefinedBehaviorSanitizer: undefined-behavior Objects/typeobject.c:8167:12 
Objects/classobject.c:196:20: runtime error: call to function member_get through pointer to incorrect function type 'struct _object *(*)(struct _object *, struct _object *, struct _object *)'
/home/shamil/oss/cpython/3.12/Objects/descrobject.c:175: note: member_get defined here
SUMMARY: UndefinedBehaviorSanitizer: undefined-behavior Objects/classobject.c:196:20 
Objects/odictobject.c:1376:5: runtime error: call to function dict_dealloc through pointer to incorrect function type 'void (*)(struct _object *)'
/home/shamil/oss/cpython/3.12/Objects/dictobject.c:2352: note: dict_dealloc defined here
SUMMARY: UndefinedBehaviorSanitizer: undefined-behavior Objects/odictobject.c:1376:5 
Modules/itertoolsmodule.c:3912:16: runtime error: call to function chain_next through pointer to incorrect function type 'struct _object *(*)(struct _object *)'
/home/shamil/oss/cpython/3.12/./Modules/itertoolsmodule.c:2088: note: chain_next defined here
SUMMARY: UndefinedBehaviorSanitizer: undefined-behavior Modules/itertoolsmodule.c:3912:16 
Modules/itertoolsmodule.c:2108:16: runtime error: call to function tupleiter_next through pointer to incorrect function type 'struct _object *(*)(struct _object *)'
/home/shamil/oss/cpython/3.12/Objects/tupleobject.c:997: note: tupleiter_next defined here
SUMMARY: UndefinedBehaviorSanitizer: undefined-behavior Modules/itertoolsmodule.c:2108:16 
Objects/unionobject.c:34:5: runtime error: call to function visit_reachable through pointer to incorrect function type 'int (*)(struct _object *, void *)'
/home/shamil/oss/cpython/3.12/Modules/gcmodule.c:500: note: visit_reachable defined here
SUMMARY: UndefinedBehaviorSanitizer: undefined-behavior Objects/unionobject.c:34:5 
Objects/methodobject.c:454:24: runtime error: call to function _sre_SRE_Pattern_match through pointer to incorrect function type 'struct _object *(*)(struct _object *, struct _typeobject *, struct _object *const *, unsigned long, struct _object *)'
/home/shamil/oss/cpython/3.12/./Modules/_sre/clinic/sre.c.h:182: note: _sre_SRE_Pattern_match defined here
SUMMARY: UndefinedBehaviorSanitizer: undefined-behavior Objects/methodobject.c:454:24 
Objects/abstract.c:1375:25: runtime error: call to function long_abs through pointer to incorrect function type 'struct _object *(*)(struct _object *)'
/home/shamil/oss/cpython/3.12/Objects/longobject.c:4933: note: long_abs defined here
SUMMARY: UndefinedBehaviorSanitizer: undefined-behavior Objects/abstract.c:1375:25 
Python/bltinmodule.c:582:16: runtime error: call to function dictiter_iternextvalue through pointer to incorrect function type 'struct _object *(*)(struct _object *)'
/home/shamil/oss/cpython/3.12/Objects/dictobject.c:4147: note: dictiter_iternextvalue defined here
SUMMARY: UndefinedBehaviorSanitizer: undefined-behavior Python/bltinmodule.c:582:16 
Modules/resource.c:526:5: runtime error: call to function visit_reachable through pointer to incorrect function type 'int (*)(struct _object *, void *)'
/home/shamil/oss/cpython/3.12/Modules/gcmodule.c:500: note: visit_reachable defined here
SUMMARY: UndefinedBehaviorSanitizer: undefined-behavior Modules/resource.c:526:5 
Objects/genobject.c:53:5: runtime error: call to function visit_reachable through pointer to incorrect function type 'int (*)(struct _object *, void *)'
/home/shamil/oss/cpython/3.12/Modules/gcmodule.c:500: note: visit_reachable defined here
SUMMARY: UndefinedBehaviorSanitizer: undefined-behavior Objects/genobject.c:53:5 
Objects/genobject.c:54:5: runtime error: call to function visit_reachable through pointer to incorrect function type 'int (*)(struct _object *, void *)'
/home/shamil/oss/cpython/3.12/Modules/gcmodule.c:500: note: visit_reachable defined here
SUMMARY: UndefinedBehaviorSanitizer: undefined-behavior Objects/genobject.c:54:5 
Python/frame.c:16:5: runtime error: call to function visit_reachable through pointer to incorrect function type 'int (*)(struct _object *, void *)'
/home/shamil/oss/cpython/3.12/Modules/gcmodule.c:500: note: visit_reachable defined here
SUMMARY: UndefinedBehaviorSanitizer: undefined-behavior Python/frame.c:16:5 
Python/frame.c:17:5: runtime error: call to function visit_reachable through pointer to incorrect function type 'int (*)(struct _object *, void *)'
/home/shamil/oss/cpython/3.12/Modules/gcmodule.c:500: note: visit_reachable defined here
SUMMARY: UndefinedBehaviorSanitizer: undefined-behavior Python/frame.c:17:5 
Python/frame.c:23:9: runtime error: call to function visit_reachable through pointer to incorrect function type 'int (*)(struct _object *, void *)'
/home/shamil/oss/cpython/3.12/Modules/gcmodule.c:500: note: visit_reachable defined here
SUMMARY: UndefinedBehaviorSanitizer: undefined-behavior Python/frame.c:23:9 
beginning 10 repetitions. Showing number of leaks (. for 0 or less, X for 10 or more)
12345:67890
Objects/genobject.c:46:5: runtime error: call to function visit_reachable through pointer to incorrect function type 'int (*)(struct _object *, void *)'
/home/shamil/oss/cpython/3.12/Modules/gcmodule.c:500: note: visit_reachable defined here
SUMMARY: UndefinedBehaviorSanitizer: undefined-behavior Objects/genobject.c:46:5 
Objects/descrobject.c:1885:5: runtime error: call to function visit_reachable through pointer to incorrect function type 'int (*)(struct _object *, void *)'
/home/shamil/oss/cpython/3.12/Modules/gcmodule.c:500: note: visit_reachable defined here
SUMMARY: UndefinedBehaviorSanitizer: undefined-behavior Objects/descrobject.c:1885:5 
Objects/listobject.c:2095:15: runtime error: call to function bytes_richcompare through pointer to incorrect function type 'struct _object *(*)(struct _object *, struct _object *, int)'
/home/shamil/oss/cpython/3.12/Objects/bytesobject.c:1546: note: bytes_richcompare defined here
SUMMARY: UndefinedBehaviorSanitizer: undefined-behavior Objects/listobject.c:2095:15 
Modules/binascii.c:1317:5: runtime error: call to function visit_reachable through pointer to incorrect function type 'int (*)(struct _object *, void *)'
/home/shamil/oss/cpython/3.12/Modules/gcmodule.c:500: note: visit_reachable defined here
SUMMARY: UndefinedBehaviorSanitizer: undefined-behavior Modules/binascii.c:1317:5 
Modules/binascii.c:1318:5: runtime error: call to function visit_reachable through pointer to incorrect function type 'int (*)(struct _object *, void *)'
/home/shamil/oss/cpython/3.12/Modules/gcmodule.c:500: note: visit_reachable defined here
SUMMARY: UndefinedBehaviorSanitizer: undefined-behavior Modules/binascii.c:1318:5 
Modules/_struct.c:2483:9: runtime error: call to function visit_reachable through pointer to incorrect function type 'int (*)(struct _object *, void *)'
/home/shamil/oss/cpython/3.12/Modules/gcmodule.c:500: note: visit_reachable defined here
SUMMARY: UndefinedBehaviorSanitizer: undefined-behavior Modules/_struct.c:2483:9 
Modules/_struct.c:2484:9: runtime error: call to function visit_reachable through pointer to incorrect function type 'int (*)(struct _object *, void *)'
/home/shamil/oss/cpython/3.12/Modules/gcmodule.c:500: note: visit_reachable defined here
SUMMARY: UndefinedBehaviorSanitizer: undefined-behavior Modules/_struct.c:2484:9 
Modules/_struct.c:2485:9: runtime error: call to function visit_reachable through pointer to incorrect function type 'int (*)(struct _object *, void *)'
/home/shamil/oss/cpython/3.12/Modules/gcmodule.c:500: note: visit_reachable defined here
SUMMARY: UndefinedBehaviorSanitizer: undefined-behavior Modules/_struct.c:2485:9 
Modules/_struct.c:2486:9: runtime error: call to function visit_reachable through pointer to incorrect function type 'int (*)(struct _object *, void *)'
/home/shamil/oss/cpython/3.12/Modules/gcmodule.c:500: note: visit_reachable defined here
SUMMARY: UndefinedBehaviorSanitizer: undefined-behavior Modules/_struct.c:2486:9 
Modules/_struct.c:1625:5: runtime error: call to function visit_reachable through pointer to incorrect function type 'int (*)(struct _object *, void *)'
/home/shamil/oss/cpython/3.12/Modules/gcmodule.c:500: note: visit_reachable defined here
SUMMARY: UndefinedBehaviorSanitizer: undefined-behavior Modules/_struct.c:1625:5 
Modules/_struct.c:1626:5: runtime error: call to function visit_reachable through pointer to incorrect function type 'int (*)(struct _object *, void *)'
/home/shamil/oss/cpython/3.12/Modules/gcmodule.c:500: note: visit_reachable defined here
SUMMARY: UndefinedBehaviorSanitizer: undefined-behavior Modules/_struct.c:1626:5 
Python/bltinmodule.c:1354:5: runtime error: call to function visit_reachable through pointer to incorrect function type 'int (*)(struct _object *, void *)'
/home/shamil/oss/cpython/3.12/Modules/gcmodule.c:500: note: visit_reachable defined here
SUMMARY: UndefinedBehaviorSanitizer: undefined-behavior Python/bltinmodule.c:1354:5 
Python/bltinmodule.c:1355:5: runtime error: call to function visit_reachable through pointer to incorrect function type 'int (*)(struct _object *, void *)'
/home/shamil/oss/cpython/3.12/Modules/gcmodule.c:500: note: visit_reachable defined here
SUMMARY: UndefinedBehaviorSanitizer: undefined-behavior Python/bltinmodule.c:1355:5 
Objects/sliceobject.c:636:5: runtime error: call to function visit_reachable through pointer to incorrect function type 'int (*)(struct _object *, void *)'
/home/shamil/oss/cpython/3.12/Modules/gcmodule.c:500: note: visit_reachable defined here
SUMMARY: UndefinedBehaviorSanitizer: undefined-behavior Objects/sliceobject.c:636:5 
Objects/sliceobject.c:637:5: runtime error: call to function visit_reachable through pointer to incorrect function type 'int (*)(struct _object *, void *)'
/home/shamil/oss/cpython/3.12/Modules/gcmodule.c:500: note: visit_reachable defined here
SUMMARY: UndefinedBehaviorSanitizer: undefined-behavior Objects/sliceobject.c:637:5 
Objects/sliceobject.c:638:5: runtime error: call to function visit_reachable through pointer to incorrect function type 'int (*)(struct _object *, void *)'
/home/shamil/oss/cpython/3.12/Modules/gcmodule.c:500: note: visit_reachable defined here
SUMMARY: UndefinedBehaviorSanitizer: undefined-behavior Objects/sliceobject.c:638:5 
Modules/_pickle.c:7907:5: runtime error: call to function visit_reachable through pointer to incorrect function type 'int (*)(struct _object *, void *)'
/home/shamil/oss/cpython/3.12/Modules/gcmodule.c:500: note: visit_reachable defined here
SUMMARY: UndefinedBehaviorSanitizer: undefined-behavior Modules/_pickle.c:7907:5 
Modules/_pickle.c:7908:5: runtime error: call to function visit_reachable through pointer to incorrect function type 'int (*)(struct _object *, void *)'
/home/shamil/oss/cpython/3.12/Modules/gcmodule.c:500: note: visit_reachable defined here
SUMMARY: UndefinedBehaviorSanitizer: undefined-behavior Modules/_pickle.c:7908:5 
Modules/_pickle.c:7909:5: runtime error: call to function visit_reachable through pointer to incorrect function type 'int (*)(struct _object *, void *)'
/home/shamil/oss/cpython/3.12/Modules/gcmodule.c:500: note: visit_reachable defined here
SUMMARY: UndefinedBehaviorSanitizer: undefined-behavior Modules/_pickle.c:7909:5 
Modules/_pickle.c:7910:5: runtime error: call to function visit_reachable through pointer to incorrect function type 'int (*)(struct _object *, void *)'
/home/shamil/oss/cpython/3.12/Modules/gcmodule.c:500: note: visit_reachable defined here
SUMMARY: UndefinedBehaviorSanitizer: undefined-behavior Modules/_pickle.c:7910:5 
Modules/_pickle.c:7911:5: runtime error: call to function visit_reachable through pointer to incorrect function type 'int (*)(struct _object *, void *)'
/home/shamil/oss/cpython/3.12/Modules/gcmodule.c:500: note: visit_reachable defined here
SUMMARY: UndefinedBehaviorSanitizer: undefined-behavior Modules/_pickle.c:7911:5 
Modules/_pickle.c:7912:5: runtime error: call to function visit_reachable through pointer to incorrect function type 'int (*)(struct _object *, void *)'
/home/shamil/oss/cpython/3.12/Modules/gcmodule.c:500: note: visit_reachable defined here
SUMMARY: UndefinedBehaviorSanitizer: undefined-behavior Modules/_pickle.c:7912:5 
Modules/_pickle.c:7913:5: runtime error: call to function visit_reachable through pointer to incorrect function type 'int (*)(struct _object *, void *)'
/home/shamil/oss/cpython/3.12/Modules/gcmodule.c:500: note: visit_reachable defined here
SUMMARY: UndefinedBehaviorSanitizer: undefined-behavior Modules/_pickle.c:7913:5 
Modules/_pickle.c:7914:5: runtime error: call to function visit_reachable through pointer to incorrect function type 'int (*)(struct _object *, void *)'
/home/shamil/oss/cpython/3.12/Modules/gcmodule.c:500: note: visit_reachable defined here
SUMMARY: UndefinedBehaviorSanitizer: undefined-behavior Modules/_pickle.c:7914:5 
Modules/_pickle.c:7915:5: runtime error: call to function visit_reachable through pointer to incorrect function type 'int (*)(struct _object *, void *)'
/home/shamil/oss/cpython/3.12/Modules/gcmodule.c:500: note: visit_reachable defined here
SUMMARY: UndefinedBehaviorSanitizer: undefined-behavior Modules/_pickle.c:7915:5 
Modules/_pickle.c:7916:5: runtime error: call to function visit_reachable through pointer to incorrect function type 'int (*)(struct _object *, void *)'
/home/shamil/oss/cpython/3.12/Modules/gcmodule.c:500: note: visit_reachable defined here
SUMMARY: UndefinedBehaviorSanitizer: undefined-behavior Modules/_pickle.c:7916:5 
Modules/_pickle.c:7917:5: runtime error: call to function visit_reachable through pointer to incorrect function type 'int (*)(struct _object *, void *)'
/home/shamil/oss/cpython/3.12/Modules/gcmodule.c:500: note: visit_reachable defined here
SUMMARY: UndefinedBehaviorSanitizer: undefined-behavior Modules/_pickle.c:7917:5 
Modules/_pickle.c:7918:5: runtime error: call to function visit_reachable through pointer to incorrect function type 'int (*)(struct _object *, void *)'
/home/shamil/oss/cpython/3.12/Modules/gcmodule.c:500: note: visit_reachable defined here
SUMMARY: UndefinedBehaviorSanitizer: undefined-behavior Modules/_pickle.c:7918:5 
Modules/_pickle.c:7919:5: runtime error: call to function visit_reachable through pointer to incorrect function type 'int (*)(struct _object *, void *)'
/home/shamil/oss/cpython/3.12/Modules/gcmodule.c:500: note: visit_reachable defined here
SUMMARY: UndefinedBehaviorSanitizer: undefined-behavior Modules/_pickle.c:7919:5 
Modules/_pickle.c:7920:5: runtime error: call to function visit_reachable through pointer to incorrect function type 'int (*)(struct _object *, void *)'
/home/shamil/oss/cpython/3.12/Modules/gcmodule.c:500: note: visit_reachable defined here
SUMMARY: UndefinedBehaviorSanitizer: undefined-behavior Modules/_pickle.c:7920:5 
Modules/_pickle.c:7921:5: runtime error: call to function visit_reachable through pointer to incorrect function type 'int (*)(struct _object *, void *)'
/home/shamil/oss/cpython/3.12/Modules/gcmodule.c:500: note: visit_reachable defined here
SUMMARY: UndefinedBehaviorSanitizer: undefined-behavior Modules/_pickle.c:7921:5 
Modules/_pickle.c:7922:5: runtime error: call to function visit_reachable through pointer to incorrect function type 'int (*)(struct _object *, void *)'
/home/shamil/oss/cpython/3.12/Modules/gcmodule.c:500: note: visit_reachable defined here
SUMMARY: UndefinedBehaviorSanitizer: undefined-behavior Modules/_pickle.c:7922:5 
Modules/_pickle.c:7923:5: runtime error: call to function visit_reachable through pointer to incorrect function type 'int (*)(struct _object *, void *)'
/home/shamil/oss/cpython/3.12/Modules/gcmodule.c:500: note: visit_reachable defined here
SUMMARY: UndefinedBehaviorSanitizer: undefined-behavior Modules/_pickle.c:7923:5 
Modules/_pickle.c:7924:5: runtime error: call to function visit_reachable through pointer to incorrect function type 'int (*)(struct _object *, void *)'
/home/shamil/oss/cpython/3.12/Modules/gcmodule.c:500: note: visit_reachable defined here
SUMMARY: UndefinedBehaviorSanitizer: undefined-behavior Modules/_pickle.c:7924:5 
Modules/_pickle.c:7925:5: runtime error: call to function visit_reachable through pointer to incorrect function type 'int (*)(struct _object *, void *)'
/home/shamil/oss/cpython/3.12/Modules/gcmodule.c:500: note: visit_reachable defined here
SUMMARY: UndefinedBehaviorSanitizer: undefined-behavior Modules/_pickle.c:7925:5 
Modules/_queuemodule.c:339:5: runtime error: call to function visit_reachable through pointer to incorrect function type 'int (*)(struct _object *, void *)'
/home/shamil/oss/cpython/3.12/Modules/gcmodule.c:500: note: visit_reachable defined here
SUMMARY: UndefinedBehaviorSanitizer: undefined-behavior Modules/_queuemodule.c:339:5 
Modules/_queuemodule.c:340:5: runtime error: call to function visit_reachable through pointer to incorrect function type 'int (*)(struct _object *, void *)'
/home/shamil/oss/cpython/3.12/Modules/gcmodule.c:500: note: visit_reachable defined here
SUMMARY: UndefinedBehaviorSanitizer: undefined-behavior Modules/_queuemodule.c:340:5 
Modules/_xxsubinterpretersmodule.c:98:5: runtime error: call to function visit_reachable through pointer to incorrect function type 'int (*)(struct _object *, void *)'
/home/shamil/oss/cpython/3.12/Modules/gcmodule.c:500: note: visit_reachable defined here
SUMMARY: UndefinedBehaviorSanitizer: undefined-behavior Modules/_xxsubinterpretersmodule.c:98:5 
Objects/classobject.c:427:5: runtime error: call to function visit_reachable through pointer to incorrect function type 'int (*)(struct _object *, void *)'
/home/shamil/oss/cpython/3.12/Modules/gcmodule.c:500: note: visit_reachable defined here
SUMMARY: UndefinedBehaviorSanitizer: undefined-behavior Objects/classobject.c:427:5 
Modules/unicodedata.c:1435:5: runtime error: call to function visit_reachable through pointer to incorrect function type 'int (*)(struct _object *, void *)'
/home/shamil/oss/cpython/3.12/Modules/gcmodule.c:500: note: visit_reachable defined here
SUMMARY: UndefinedBehaviorSanitizer: undefined-behavior Modules/unicodedata.c:1435:5 
Objects/abstract.c:1957:32: runtime error: call to function list_length through pointer to incorrect function type 'long (*)(struct _object *)'
/home/shamil/oss/cpython/3.12/Objects/listobject.c:436: note: list_length defined here
SUMMARY: UndefinedBehaviorSanitizer: undefined-behavior Objects/abstract.c:1957:32 
Objects/abstract.c:2015:19: runtime error: call to function list_ass_subscript through pointer to incorrect function type 'int (*)(struct _object *, struct _object *, struct _object *)'
/home/shamil/oss/cpython/3.12/Objects/listobject.c:2957: note: list_ass_subscript defined here
SUMMARY: UndefinedBehaviorSanitizer: undefined-behavior Objects/abstract.c:2015:19 
Objects/abstract.c:1871:32: runtime error: call to function list_length through pointer to incorrect function type 'long (*)(struct _object *)'
/home/shamil/oss/cpython/3.12/Objects/listobject.c:436: note: list_length defined here
SUMMARY: UndefinedBehaviorSanitizer: undefined-behavior Objects/abstract.c:1871:32 
Objects/abstract.c:1806:25: runtime error: call to function list_inplace_concat through pointer to incorrect function type 'struct _object *(*)(struct _object *, struct _object *)'
/home/shamil/oss/cpython/3.12/Objects/listobject.c:987: note: list_inplace_concat defined here
SUMMARY: UndefinedBehaviorSanitizer: undefined-behavior Objects/abstract.c:1806:25 
Objects/abstract.c:1811:25: runtime error: call to function tupleconcat through pointer to incorrect function type 'struct _object *(*)(struct _object *, struct _object *)'
/home/shamil/oss/cpython/3.12/Objects/tupleobject.c:441: note: tupleconcat defined here
SUMMARY: UndefinedBehaviorSanitizer: undefined-behavior Objects/abstract.c:1811:25 
Objects/abstract.c:1835:25: runtime error: call to function list_inplace_repeat through pointer to incorrect function type 'struct _object *(*)(struct _object *, long)'
/home/shamil/oss/cpython/3.12/Objects/listobject.c:739: note: list_inplace_repeat defined here
SUMMARY: UndefinedBehaviorSanitizer: undefined-behavior Objects/abstract.c:1835:25 
Objects/abstract.c:1840:25: runtime error: call to function tuplerepeat through pointer to incorrect function type 'struct _object *(*)(struct _object *, long)'
/home/shamil/oss/cpython/3.12/Objects/tupleobject.c:488: note: tuplerepeat defined here
SUMMARY: UndefinedBehaviorSanitizer: undefined-behavior Objects/abstract.c:1840:25 
Objects/abstract.c:1775:25: runtime error: call to function list_repeat through pointer to incorrect function type 'struct _object *(*)(struct _object *, long)'
/home/shamil/oss/cpython/3.12/Objects/listobject.c:554: note: list_repeat defined here
SUMMARY: UndefinedBehaviorSanitizer: undefined-behavior Objects/abstract.c:1775:25 
Objects/abstract.c:1932:19: runtime error: call to function list_ass_item through pointer to incorrect function type 'int (*)(struct _object *, long, struct _object *)'
/home/shamil/oss/cpython/3.12/Objects/listobject.c:770: note: list_ass_item defined here
SUMMARY: UndefinedBehaviorSanitizer: undefined-behavior Objects/abstract.c:1932:19 
Objects/abstract.c:1924:32: runtime error: call to function list_length through pointer to incorrect function type 'long (*)(struct _object *)'
/home/shamil/oss/cpython/3.12/Objects/listobject.c:436: note: list_length defined here
SUMMARY: UndefinedBehaviorSanitizer: undefined-behavior Objects/abstract.c:1924:32 
Objects/abstract.c:1991:19: runtime error: call to function list_ass_subscript through pointer to incorrect function type 'int (*)(struct _object *, struct _object *, struct _object *)'
/home/shamil/oss/cpython/3.12/Objects/listobject.c:2957: note: list_ass_subscript defined here
SUMMARY: UndefinedBehaviorSanitizer: undefined-behavior Objects/abstract.c:1991:19 
Python/bytecodes.c:2938:19: runtime error: call to function list_insert through pointer to incorrect function type 'struct _object *(*)(struct _object *, struct _object *const *, long)'
/home/shamil/oss/cpython/3.12/Objects/clinic/listobject.c.h:25: note: list_insert defined here
SUMMARY: UndefinedBehaviorSanitizer: undefined-behavior Python/bytecodes.c:2938:19 
Objects/enumobject.c:164:5: runtime error: call to function visit_reachable through pointer to incorrect function type 'int (*)(struct _object *, void *)'
/home/shamil/oss/cpython/3.12/Modules/gcmodule.c:500: note: visit_reachable defined here
SUMMARY: UndefinedBehaviorSanitizer: undefined-behavior Objects/enumobject.c:164:5 
Objects/enumobject.c:165:5: runtime error: call to function visit_reachable through pointer to incorrect function type 'int (*)(struct _object *, void *)'
/home/shamil/oss/cpython/3.12/Modules/gcmodule.c:500: note: visit_reachable defined here
SUMMARY: UndefinedBehaviorSanitizer: undefined-behavior Objects/enumobject.c:165:5 
Objects/object.c:630:11: runtime error: call to function BaseException_str through pointer to incorrect function type 'struct _object *(*)(struct _object *)'
/home/shamil/oss/cpython/3.12/Objects/exceptions.c:119: note: BaseException_str defined here
SUMMARY: UndefinedBehaviorSanitizer: undefined-behavior Objects/object.c:630:11 
Objects/object.c:572:11: runtime error: call to function meth_repr through pointer to incorrect function type 'struct _object *(*)(struct _object *)'
/home/shamil/oss/cpython/3.12/Objects/methodobject.c:281: note: meth_repr defined here
SUMMARY: UndefinedBehaviorSanitizer: undefined-behavior Objects/object.c:572:11 
Modules/_ctypes/_ctypes.c:922:12: runtime error: call to function type_traverse through pointer to incorrect function type 'int (*)(struct _object *, int (*)(struct _object *, void *), void *)'
/home/shamil/oss/cpython/3.12/Objects/typeobject.c:5236: note: type_traverse defined here
SUMMARY: UndefinedBehaviorSanitizer: undefined-behavior Modules/_ctypes/_ctypes.c:922:12 
Python/getargs.c:1226:26: runtime error: call to function _get_name through pointer to incorrect function type 'int (*)(struct _object *, void *)'
/home/shamil/oss/cpython/3.12/./Modules/_ctypes/_ctypes.c:3530: note: _get_name defined here
SUMMARY: UndefinedBehaviorSanitizer: undefined-behavior Python/getargs.c:1226:26 
Objects/object.c:2640:5: runtime error: call to function list_dealloc through pointer to incorrect function type 'void (*)(struct _object *)'
/home/shamil/oss/cpython/3.12/Objects/listobject.c:345: note: list_dealloc defined here
SUMMARY: UndefinedBehaviorSanitizer: undefined-behavior Objects/object.c:2640:5 
Modules/gcmodule.c:2253:11: runtime error: call to function gc_traverse through pointer to incorrect function type 'int (*)(struct _object *, int (*)(struct _object *, void *), void *)'
/home/shamil/oss/cpython/3.12/Objects/weakrefobject.c:117: note: gc_traverse defined here
SUMMARY: UndefinedBehaviorSanitizer: undefined-behavior Modules/gcmodule.c:2253:11 
Objects/object.c:911:16: runtime error: call to function long_hash through pointer to incorrect function type 'long (*)(struct _object *)'
/home/shamil/oss/cpython/3.12/Objects/longobject.c:3347: note: long_hash defined here
SUMMARY: UndefinedBehaviorSanitizer: undefined-behavior Objects/object.c:911:16 
Include/internal/pycore_object.h:344:20: runtime error: call to function type_is_gc through pointer to incorrect function type 'int (*)(struct _object *)'
/home/shamil/oss/cpython/3.12/Objects/typeobject.c:5313: note: type_is_gc defined here
SUMMARY: UndefinedBehaviorSanitizer: undefined-behavior Include/internal/pycore_object.h:344:20 
Objects/abstract.c:157:26: runtime error: call to function dict_subscript through pointer to incorrect function type 'struct _object *(*)(struct _object *, struct _object *)'
/home/shamil/oss/cpython/3.12/Objects/dictobject.c:2490: note: dict_subscript defined here
SUMMARY: UndefinedBehaviorSanitizer: undefined-behavior Objects/abstract.c:157:26 
Objects/abstract.c:2847:14: runtime error: call to function tupleiter_next through pointer to incorrect function type 'struct _object *(*)(struct _object *)'
/home/shamil/oss/cpython/3.12/Objects/tupleobject.c:997: note: tupleiter_next defined here
SUMMARY: UndefinedBehaviorSanitizer: undefined-behavior Objects/abstract.c:2847:14 
Objects/abstract.c:212:19: runtime error: call to function dict_ass_sub through pointer to incorrect function type 'int (*)(struct _object *, struct _object *, struct _object *)'
/home/shamil/oss/cpython/3.12/Objects/dictobject.c:2525: note: dict_ass_sub defined here
SUMMARY: UndefinedBehaviorSanitizer: undefined-behavior Objects/abstract.c:212:19 
Objects/call.c:240:18: runtime error: call to function type_call through pointer to incorrect function type 'struct _object *(*)(struct _object *, struct _object *, struct _object *)'
/home/shamil/oss/cpython/3.12/Objects/typeobject.c:1628: note: type_call defined here
SUMMARY: UndefinedBehaviorSanitizer: undefined-behavior Objects/call.c:240:18 
Objects/typeobject.c:10384:24: runtime error: call to function classmethod_get through pointer to incorrect function type 'struct _object *(*)(struct _object *, struct _object *, struct _object *)'
/home/shamil/oss/cpython/3.12/Objects/descrobject.c:109: note: classmethod_get defined here
SUMMARY: UndefinedBehaviorSanitizer: undefined-behavior Objects/typeobject.c:10384:24 
Modules/gcmodule.c:491:16: runtime error: call to function list_traverse through pointer to incorrect function type 'int (*)(struct _object *, int (*)(struct _object *, void *), void *)'
/home/shamil/oss/cpython/3.12/Objects/listobject.c:2701: note: list_traverse defined here
SUMMARY: UndefinedBehaviorSanitizer: undefined-behavior Modules/gcmodule.c:491:16 
Modules/gcmodule.c:602:20: runtime error: call to function list_traverse through pointer to incorrect function type 'int (*)(struct _object *, int (*)(struct _object *, void *), void *)'
/home/shamil/oss/cpython/3.12/Objects/listobject.c:2701: note: list_traverse defined here
SUMMARY: UndefinedBehaviorSanitizer: undefined-behavior Modules/gcmodule.c:602:20 
Objects/dictobject.c:3549:17: runtime error: call to function visit_reachable through pointer to incorrect function type 'int (*)(struct _object *, void *)'
/home/shamil/oss/cpython/3.12/Modules/gcmodule.c:500: note: visit_reachable defined here
SUMMARY: UndefinedBehaviorSanitizer: undefined-behavior Objects/dictobject.c:3549:17 
Objects/descrobject.c:706:5: runtime error: call to function visit_reachable through pointer to incorrect function type 'int (*)(struct _object *, void *)'
/home/shamil/oss/cpython/3.12/Modules/gcmodule.c:500: note: visit_reachable defined here
SUMMARY: UndefinedBehaviorSanitizer: undefined-behavior Objects/descrobject.c:706:5 
Objects/dictobject.c:3557:17: runtime error: call to function visit_reachable through pointer to incorrect function type 'int (*)(struct _object *, void *)'
/home/shamil/oss/cpython/3.12/Modules/gcmodule.c:500: note: visit_reachable defined here
SUMMARY: UndefinedBehaviorSanitizer: undefined-behavior Objects/dictobject.c:3557:17 
Objects/dictobject.c:3558:17: runtime error: call to function visit_reachable through pointer to incorrect function type 'int (*)(struct _object *, void *)'
/home/shamil/oss/cpython/3.12/Modules/gcmodule.c:500: note: visit_reachable defined here
SUMMARY: UndefinedBehaviorSanitizer: undefined-behavior Objects/dictobject.c:3558:17 
Objects/funcobject.c:1214:5: runtime error: call to function visit_reachable through pointer to incorrect function type 'int (*)(struct _object *, void *)'
/home/shamil/oss/cpython/3.12/Modules/gcmodule.c:500: note: visit_reachable defined here
SUMMARY: UndefinedBehaviorSanitizer: undefined-behavior Objects/funcobject.c:1214:5 
Objects/typeobject.c:5246:5: runtime error: call to function visit_reachable through pointer to incorrect function type 'int (*)(struct _object *, void *)'
/home/shamil/oss/cpython/3.12/Modules/gcmodule.c:500: note: visit_reachable defined here
SUMMARY: UndefinedBehaviorSanitizer: undefined-behavior Objects/typeobject.c:5246:5 
Objects/typeobject.c:5248:5: runtime error: call to function visit_reachable through pointer to incorrect function type 'int (*)(struct _object *, void *)'
/home/shamil/oss/cpython/3.12/Modules/gcmodule.c:500: note: visit_reachable defined here
SUMMARY: UndefinedBehaviorSanitizer: undefined-behavior Objects/typeobject.c:5248:5 
Objects/typeobject.c:5249:5: runtime error: call to function visit_reachable through pointer to incorrect function type 'int (*)(struct _object *, void *)'
/home/shamil/oss/cpython/3.12/Modules/gcmodule.c:500: note: visit_reachable defined here
SUMMARY: UndefinedBehaviorSanitizer: undefined-behavior Objects/typeobject.c:5249:5 
Objects/typeobject.c:5250:5: runtime error: call to function visit_reachable through pointer to incorrect function type 'int (*)(struct _object *, void *)'
/home/shamil/oss/cpython/3.12/Modules/gcmodule.c:500: note: visit_reachable defined here
SUMMARY: UndefinedBehaviorSanitizer: undefined-behavior Objects/typeobject.c:5250:5 
Objects/tupleobject.c:608:9: runtime error: call to function visit_reachable through pointer to incorrect function type 'int (*)(struct _object *, void *)'
/home/shamil/oss/cpython/3.12/Modules/gcmodule.c:500: note: visit_reachable defined here
SUMMARY: UndefinedBehaviorSanitizer: undefined-behavior Objects/tupleobject.c:608:9 
Objects/moduleobject.c:878:5: runtime error: call to function visit_reachable through pointer to incorrect function type 'int (*)(struct _object *, void *)'
/home/shamil/oss/cpython/3.12/Modules/gcmodule.c:500: note: visit_reachable defined here
SUMMARY: UndefinedBehaviorSanitizer: undefined-behavior Objects/moduleobject.c:878:5 
Objects/methodobject.c:247:5: runtime error: call to function visit_reachable through pointer to incorrect function type 'int (*)(struct _object *, void *)'
/home/shamil/oss/cpython/3.12/Modules/gcmodule.c:500: note: visit_reachable defined here
SUMMARY: UndefinedBehaviorSanitizer: undefined-behavior Objects/methodobject.c:247:5 
Objects/methodobject.c:248:5: runtime error: call to function visit_reachable through pointer to incorrect function type 'int (*)(struct _object *, void *)'
/home/shamil/oss/cpython/3.12/Modules/gcmodule.c:500: note: visit_reachable defined here
SUMMARY: UndefinedBehaviorSanitizer: undefined-behavior Objects/methodobject.c:248:5 
Objects/setobject.c:663:9: runtime error: call to function visit_reachable through pointer to incorrect function type 'int (*)(struct _object *, void *)'
/home/shamil/oss/cpython/3.12/Modules/gcmodule.c:500: note: visit_reachable defined here
SUMMARY: UndefinedBehaviorSanitizer: undefined-behavior Objects/setobject.c:663:9 
Objects/namespaceobject.c:154:5: runtime error: call to function visit_reachable through pointer to incorrect function type 'int (*)(struct _object *, void *)'
/home/shamil/oss/cpython/3.12/Modules/gcmodule.c:500: note: visit_reachable defined here
SUMMARY: UndefinedBehaviorSanitizer: undefined-behavior Objects/namespaceobject.c:154:5 
Objects/listobject.c:2705:9: runtime error: call to function visit_reachable through pointer to incorrect function type 'int (*)(struct _object *, void *)'
/home/shamil/oss/cpython/3.12/Modules/gcmodule.c:500: note: visit_reachable defined here
SUMMARY: UndefinedBehaviorSanitizer: undefined-behavior Objects/listobject.c:2705:9 
Objects/funcobject.c:872:5: runtime error: call to function visit_reachable through pointer to incorrect function type 'int (*)(struct _object *, void *)'
/home/shamil/oss/cpython/3.12/Modules/gcmodule.c:500: note: visit_reachable defined here
SUMMARY: UndefinedBehaviorSanitizer: undefined-behavior Objects/funcobject.c:872:5 
Objects/funcobject.c:873:5: runtime error: call to function visit_reachable through pointer to incorrect function type 'int (*)(struct _object *, void *)'
/home/shamil/oss/cpython/3.12/Modules/gcmodule.c:500: note: visit_reachable defined here
SUMMARY: UndefinedBehaviorSanitizer: undefined-behavior Objects/funcobject.c:873:5 
Objects/funcobject.c:874:5: runtime error: call to function visit_reachable through pointer to incorrect function type 'int (*)(struct _object *, void *)'
/home/shamil/oss/cpython/3.12/Modules/gcmodule.c:500: note: visit_reachable defined here
SUMMARY: UndefinedBehaviorSanitizer: undefined-behavior Objects/funcobject.c:874:5 
Objects/funcobject.c:875:5: runtime error: call to function visit_reachable through pointer to incorrect function type 'int (*)(struct _object *, void *)'
/home/shamil/oss/cpython/3.12/Modules/gcmodule.c:500: note: visit_reachable defined here
SUMMARY: UndefinedBehaviorSanitizer: undefined-behavior Objects/funcobject.c:875:5 
Objects/funcobject.c:878:5: runtime error: call to function visit_reachable through pointer to incorrect function type 'int (*)(struct _object *, void *)'
/home/shamil/oss/cpython/3.12/Modules/gcmodule.c:500: note: visit_reachable defined here
SUMMARY: UndefinedBehaviorSanitizer: undefined-behavior Objects/funcobject.c:878:5 
Objects/funcobject.c:879:5: runtime error: call to function visit_reachable through pointer to incorrect function type 'int (*)(struct _object *, void *)'
/home/shamil/oss/cpython/3.12/Modules/gcmodule.c:500: note: visit_reachable defined here
SUMMARY: UndefinedBehaviorSanitizer: undefined-behavior Objects/funcobject.c:879:5 
Objects/funcobject.c:884:5: runtime error: call to function visit_reachable through pointer to incorrect function type 'int (*)(struct _object *, void *)'
/home/shamil/oss/cpython/3.12/Modules/gcmodule.c:500: note: visit_reachable defined here
SUMMARY: UndefinedBehaviorSanitizer: undefined-behavior Objects/funcobject.c:884:5 
Objects/typeobject.c:4855:19: runtime error: call to function classmethod_get through pointer to incorrect function type 'struct _object *(*)(struct _object *, struct _object *, struct _object *)'
/home/shamil/oss/cpython/3.12/Objects/descrobject.c:109: note: classmethod_get defined here
SUMMARY: UndefinedBehaviorSanitizer: undefined-behavior Objects/typeobject.c:4855:19 
Objects/object.c:1447:19: runtime error: call to function member_get through pointer to incorrect function type 'struct _object *(*)(struct _object *, struct _object *, struct _object *)'
/home/shamil/oss/cpython/3.12/Objects/descrobject.c:175: note: member_get defined here
SUMMARY: UndefinedBehaviorSanitizer: undefined-behavior Objects/object.c:1447:19 
Objects/object.c:1508:15: runtime error: call to function method_get through pointer to incorrect function type 'struct _object *(*)(struct _object *, struct _object *, struct _object *)'
/home/shamil/oss/cpython/3.12/Objects/descrobject.c:151: note: method_get defined here
SUMMARY: UndefinedBehaviorSanitizer: undefined-behavior Objects/object.c:1508:15 
Objects/typeobject.c:2173:19: runtime error: call to function method_get through pointer to incorrect function type 'struct _object *(*)(struct _object *, struct _object *, struct _object *)'
/home/shamil/oss/cpython/3.12/Objects/descrobject.c:151: note: method_get defined here
SUMMARY: UndefinedBehaviorSanitizer: undefined-behavior Objects/typeobject.c:2173:19 
Objects/descrobject.c:203:16: runtime error: call to function func_get_name through pointer to incorrect function type 'struct _object *(*)(struct _object *, void *)'
/home/shamil/oss/cpython/3.12/Objects/funcobject.c:510: note: func_get_name defined here
SUMMARY: UndefinedBehaviorSanitizer: undefined-behavior Objects/descrobject.c:203:16 
Python/bytecodes.c:2324:20: runtime error: call to function tupleiter_next through pointer to incorrect function type 'struct _object *(*)(struct _object *)'
/home/shamil/oss/cpython/3.12/Objects/tupleobject.c:997: note: tupleiter_next defined here
SUMMARY: UndefinedBehaviorSanitizer: undefined-behavior Python/bytecodes.c:2324:20 
Objects/object.c:1569:19: runtime error: call to function member_set through pointer to incorrect function type 'int (*)(struct _object *, struct _object *, struct _object *)'
/home/shamil/oss/cpython/3.12/Objects/descrobject.c:242: note: member_set defined here
SUMMARY: UndefinedBehaviorSanitizer: undefined-behavior Objects/object.c:1569:19 
Objects/descrobject.c:256:16: runtime error: call to function func_set_name through pointer to incorrect function type 'int (*)(struct _object *, struct _object *, void *)'
/home/shamil/oss/cpython/3.12/Objects/funcobject.c:516: note: func_set_name defined here
SUMMARY: UndefinedBehaviorSanitizer: undefined-behavior Objects/descrobject.c:256:16 
Objects/object.c:1060:18: runtime error: call to function _Py_module_getattro through pointer to incorrect function type 'struct _object *(*)(struct _object *, struct _object *)'
/home/shamil/oss/cpython/3.12/Objects/moduleobject.c:863: note: _Py_module_getattro defined here
SUMMARY: UndefinedBehaviorSanitizer: undefined-behavior Objects/object.c:1060:18 
Objects/abstract.c:2788:25: runtime error: call to function dictitems_iter through pointer to incorrect function type 'struct _object *(*)(struct _object *)'
/home/shamil/oss/cpython/3.12/Objects/dictobject.c:5136: note: dictitems_iter defined here
SUMMARY: UndefinedBehaviorSanitizer: undefined-behavior Objects/abstract.c:2788:25 
Objects/abstract.c:2263:19: runtime error: call to function tuplecontains through pointer to incorrect function type 'int (*)(struct _object *, struct _object *)'
/home/shamil/oss/cpython/3.12/Objects/tupleobject.c:352: note: tuplecontains defined here
SUMMARY: UndefinedBehaviorSanitizer: undefined-behavior Objects/abstract.c:2263:19 
Objects/typeobject.c:1679:19: runtime error: call to function AttributeError_init through pointer to incorrect function type 'int (*)(struct _object *, struct _object *, struct _object *)'
/home/shamil/oss/cpython/3.12/Objects/exceptions.c:2278: note: AttributeError_init defined here
SUMMARY: UndefinedBehaviorSanitizer: undefined-behavior Objects/typeobject.c:1679:19 
Objects/descrobject.c:408:24: runtime error: call to function dict_pop through pointer to incorrect function type 'struct _object *(*)(struct _object *, struct _object *const *, long)'
/home/shamil/oss/cpython/3.12/Objects/clinic/dictobject.c.h:142: note: dict_pop defined here
SUMMARY: UndefinedBehaviorSanitizer: undefined-behavior Objects/descrobject.c:408:24 
Objects/object.c:1686:15: runtime error: call to function long_bool through pointer to incorrect function type 'int (*)(struct _object *)'
/home/shamil/oss/cpython/3.12/Objects/longobject.c:4942: note: long_bool defined here
SUMMARY: UndefinedBehaviorSanitizer: undefined-behavior Objects/object.c:1686:15 
Python/bytecodes.c:3188:19: runtime error: call to function dict_pop through pointer to incorrect function type 'struct _object *(*)(struct _object *, struct _object *const *, long)'
/home/shamil/oss/cpython/3.12/Objects/clinic/dictobject.c.h:142: note: dict_pop defined here
SUMMARY: UndefinedBehaviorSanitizer: undefined-behavior Python/bytecodes.c:3188:19 
Objects/descrobject.c:482:24: runtime error: call to function list_append through pointer to incorrect function type 'struct _object *(*)(struct _object *, struct _object *)'
/home/shamil/oss/cpython/3.12/Objects/listobject.c:840: note: list_append defined here
SUMMARY: UndefinedBehaviorSanitizer: undefined-behavior Objects/descrobject.c:482:24 
Include/internal/pycore_object.h:123:9: runtime error: call to function PyObject_Free through pointer to incorrect function type 'void (*)(struct _object *)'
/home/shamil/oss/cpython/3.12/Objects/obmalloc.c:828: note: PyObject_Free defined here
SUMMARY: UndefinedBehaviorSanitizer: undefined-behavior Include/internal/pycore_object.h:123:9 
Objects/call.c:367:18: runtime error: call to function type_call through pointer to incorrect function type 'struct _object *(*)(struct _object *, struct _object *, struct _object *)'
/home/shamil/oss/cpython/3.12/Objects/typeobject.c:1628: note: type_call defined here
SUMMARY: UndefinedBehaviorSanitizer: undefined-behavior Objects/call.c:367:18 
Python/bltinmodule.c:371:16: runtime error: call to function gen_iternext through pointer to incorrect function type 'struct _object *(*)(struct _object *)'
/home/shamil/oss/cpython/3.12/Objects/genobject.c:600: note: gen_iternext defined here
SUMMARY: UndefinedBehaviorSanitizer: undefined-behavior Python/bltinmodule.c:371:16 
Objects/object.c:1689:15: runtime error: call to function list_length through pointer to incorrect function type 'long (*)(struct _object *)'
/home/shamil/oss/cpython/3.12/Objects/listobject.c:436: note: list_length defined here
SUMMARY: UndefinedBehaviorSanitizer: undefined-behavior Objects/object.c:1689:15 
Objects/methodobject.c:537:18: runtime error: call to function rlock_acquire through pointer to incorrect function type 'struct _object *(*)(struct _object *, struct _object *, struct _object *)'
/home/shamil/oss/cpython/3.12/./Modules/_threadmodule.c:359: note: rlock_acquire defined here
SUMMARY: UndefinedBehaviorSanitizer: undefined-behavior Objects/methodobject.c:537:18 
Objects/methodobject.c:548:18: runtime error: call to function rlock_release through pointer to incorrect function type 'struct _object *(*)(struct _object *, struct _object *)'
/home/shamil/oss/cpython/3.12/./Modules/_threadmodule.c:409: note: rlock_release defined here
SUMMARY: UndefinedBehaviorSanitizer: undefined-behavior Objects/methodobject.c:548:18 
Include/internal/pycore_call.h:92:11: runtime error: call to function weakref_vectorcall through pointer to incorrect function type 'struct _object *(*)(struct _object *, struct _object *const *, unsigned long, struct _object *)'
/home/shamil/oss/cpython/3.12/Objects/weakrefobject.c:134: note: weakref_vectorcall defined here
SUMMARY: UndefinedBehaviorSanitizer: undefined-behavior Include/internal/pycore_call.h:92:11 
Objects/typeobject.c:2057:5: runtime error: call to function list_dealloc through pointer to incorrect function type 'void (*)(struct _object *)'
/home/shamil/oss/cpython/3.12/Objects/listobject.c:345: note: list_dealloc defined here
SUMMARY: UndefinedBehaviorSanitizer: undefined-behavior Objects/typeobject.c:2057:5 
Objects/object.c:1192:15: runtime error: call to function type_setattro through pointer to incorrect function type 'int (*)(struct _object *, struct _object *, struct _object *)'
/home/shamil/oss/cpython/3.12/Objects/typeobject.c:4901: note: type_setattro defined here
SUMMARY: UndefinedBehaviorSanitizer: undefined-behavior Objects/object.c:1192:15 
Objects/funcobject.c:877:5: runtime error: call to function visit_reachable through pointer to incorrect function type 'int (*)(struct _object *, void *)'
/home/shamil/oss/cpython/3.12/Modules/gcmodule.c:500: note: visit_reachable defined here
SUMMARY: UndefinedBehaviorSanitizer: undefined-behavior Objects/funcobject.c:877:5 
Objects/funcobject.c:882:5: runtime error: call to function visit_reachable through pointer to incorrect function type 'int (*)(struct _object *, void *)'
/home/shamil/oss/cpython/3.12/Modules/gcmodule.c:500: note: visit_reachable defined here
SUMMARY: UndefinedBehaviorSanitizer: undefined-behavior Objects/funcobject.c:882:5 
Objects/funcobject.c:876:5: runtime error: call to function visit_reachable through pointer to incorrect function type 'int (*)(struct _object *, void *)'
/home/shamil/oss/cpython/3.12/Modules/gcmodule.c:500: note: visit_reachable defined here
SUMMARY: UndefinedBehaviorSanitizer: undefined-behavior Objects/funcobject.c:876:5 
Objects/dictobject.c:5594:13: runtime error: call to function visit_reachable through pointer to incorrect function type 'int (*)(struct _object *, void *)'
/home/shamil/oss/cpython/3.12/Modules/gcmodule.c:500: note: visit_reachable defined here
SUMMARY: UndefinedBehaviorSanitizer: undefined-behavior Objects/dictobject.c:5594:13 
Objects/typeobject.c:1820:9: runtime error: call to function visit_reachable through pointer to incorrect function type 'int (*)(struct _object *, void *)'
/home/shamil/oss/cpython/3.12/Modules/gcmodule.c:500: note: visit_reachable defined here
SUMMARY: UndefinedBehaviorSanitizer: undefined-behavior Objects/typeobject.c:1820:9 
Modules/_threadmodule.c:1739:5: runtime error: call to function visit_reachable through pointer to incorrect function type 'int (*)(struct _object *, void *)'
/home/shamil/oss/cpython/3.12/Modules/gcmodule.c:500: note: visit_reachable defined here
SUMMARY: UndefinedBehaviorSanitizer: undefined-behavior Modules/_threadmodule.c:1739:5 
Modules/_threadmodule.c:1740:5: runtime error: call to function visit_reachable through pointer to incorrect function type 'int (*)(struct _object *, void *)'
/home/shamil/oss/cpython/3.12/Modules/gcmodule.c:500: note: visit_reachable defined here
SUMMARY: UndefinedBehaviorSanitizer: undefined-behavior Modules/_threadmodule.c:1740:5 
Modules/_threadmodule.c:1741:5: runtime error: call to function visit_reachable through pointer to incorrect function type 'int (*)(struct _object *, void *)'
/home/shamil/oss/cpython/3.12/Modules/gcmodule.c:500: note: visit_reachable defined here
SUMMARY: UndefinedBehaviorSanitizer: undefined-behavior Modules/_threadmodule.c:1741:5 
Modules/_threadmodule.c:1742:5: runtime error: call to function visit_reachable through pointer to incorrect function type 'int (*)(struct _object *, void *)'
/home/shamil/oss/cpython/3.12/Modules/gcmodule.c:500: note: visit_reachable defined here
SUMMARY: UndefinedBehaviorSanitizer: undefined-behavior Modules/_threadmodule.c:1742:5 
Objects/typeobject.c:5251:5: runtime error: call to function visit_reachable through pointer to incorrect function type 'int (*)(struct _object *, void *)'
/home/shamil/oss/cpython/3.12/Modules/gcmodule.c:500: note: visit_reachable defined here
SUMMARY: UndefinedBehaviorSanitizer: undefined-behavior Objects/typeobject.c:5251:5 
Objects/classobject.c:316:5: runtime error: call to function visit_reachable through pointer to incorrect function type 'int (*)(struct _object *, void *)'
/home/shamil/oss/cpython/3.12/Modules/gcmodule.c:500: note: visit_reachable defined here
SUMMARY: UndefinedBehaviorSanitizer: undefined-behavior Objects/classobject.c:316:5 
Objects/classobject.c:317:5: runtime error: call to function visit_reachable through pointer to incorrect function type 'int (*)(struct _object *, void *)'
/home/shamil/oss/cpython/3.12/Modules/gcmodule.c:500: note: visit_reachable defined here
SUMMARY: UndefinedBehaviorSanitizer: undefined-behavior Objects/classobject.c:317:5 
Objects/weakrefobject.c:118:5: runtime error: call to function visit_reachable through pointer to incorrect function type 'int (*)(struct _object *, void *)'
/home/shamil/oss/cpython/3.12/Modules/gcmodule.c:500: note: visit_reachable defined here
SUMMARY: UndefinedBehaviorSanitizer: undefined-behavior Objects/weakrefobject.c:118:5 
Modules/_io/_iomodule.c:567:5: runtime error: call to function visit_reachable through pointer to incorrect function type 'int (*)(struct _object *, void *)'
/home/shamil/oss/cpython/3.12/Modules/gcmodule.c:500: note: visit_reachable defined here
SUMMARY: UndefinedBehaviorSanitizer: undefined-behavior Modules/_io/_iomodule.c:567:5 
Modules/_io/_iomodule.c:569:5: runtime error: call to function visit_reachable through pointer to incorrect function type 'int (*)(struct _object *, void *)'
/home/shamil/oss/cpython/3.12/Modules/gcmodule.c:500: note: visit_reachable defined here
SUMMARY: UndefinedBehaviorSanitizer: undefined-behavior Modules/_io/_iomodule.c:569:5 
Modules/_io/_iomodule.c:570:5: runtime error: call to function visit_reachable through pointer to incorrect function type 'int (*)(struct _object *, void *)'
/home/shamil/oss/cpython/3.12/Modules/gcmodule.c:500: note: visit_reachable defined here
SUMMARY: UndefinedBehaviorSanitizer: undefined-behavior Modules/_io/_iomodule.c:570:5 
Modules/_io/_iomodule.c:571:5: runtime error: call to function visit_reachable through pointer to incorrect function type 'int (*)(struct _object *, void *)'
/home/shamil/oss/cpython/3.12/Modules/gcmodule.c:500: note: visit_reachable defined here
SUMMARY: UndefinedBehaviorSanitizer: undefined-behavior Modules/_io/_iomodule.c:571:5 
Modules/_io/_iomodule.c:572:5: runtime error: call to function visit_reachable through pointer to incorrect function type 'int (*)(struct _object *, void *)'
/home/shamil/oss/cpython/3.12/Modules/gcmodule.c:500: note: visit_reachable defined here
SUMMARY: UndefinedBehaviorSanitizer: undefined-behavior Modules/_io/_iomodule.c:572:5 
Modules/_io/_iomodule.c:573:5: runtime error: call to function visit_reachable through pointer to incorrect function type 'int (*)(struct _object *, void *)'
/home/shamil/oss/cpython/3.12/Modules/gcmodule.c:500: note: visit_reachable defined here
SUMMARY: UndefinedBehaviorSanitizer: undefined-behavior Modules/_io/_iomodule.c:573:5 
Modules/_io/_iomodule.c:574:5: runtime error: call to function visit_reachable through pointer to incorrect function type 'int (*)(struct _object *, void *)'
/home/shamil/oss/cpython/3.12/Modules/gcmodule.c:500: note: visit_reachable defined here
SUMMARY: UndefinedBehaviorSanitizer: undefined-behavior Modules/_io/_iomodule.c:574:5 
Modules/_io/_iomodule.c:575:5: runtime error: call to function visit_reachable through pointer to incorrect function type 'int (*)(struct _object *, void *)'
/home/shamil/oss/cpython/3.12/Modules/gcmodule.c:500: note: visit_reachable defined here
SUMMARY: UndefinedBehaviorSanitizer: undefined-behavior Modules/_io/_iomodule.c:575:5 
Modules/_io/_iomodule.c:576:5: runtime error: call to function visit_reachable through pointer to incorrect function type 'int (*)(struct _object *, void *)'
/home/shamil/oss/cpython/3.12/Modules/gcmodule.c:500: note: visit_reachable defined here
SUMMARY: UndefinedBehaviorSanitizer: undefined-behavior Modules/_io/_iomodule.c:576:5 
Modules/_io/_iomodule.c:577:5: runtime error: call to function visit_reachable through pointer to incorrect function type 'int (*)(struct _object *, void *)'
/home/shamil/oss/cpython/3.12/Modules/gcmodule.c:500: note: visit_reachable defined here
SUMMARY: UndefinedBehaviorSanitizer: undefined-behavior Modules/_io/_iomodule.c:577:5 
Modules/_io/_iomodule.c:578:5: runtime error: call to function visit_reachable through pointer to incorrect function type 'int (*)(struct _object *, void *)'
/home/shamil/oss/cpython/3.12/Modules/gcmodule.c:500: note: visit_reachable defined here
SUMMARY: UndefinedBehaviorSanitizer: undefined-behavior Modules/_io/_iomodule.c:578:5 
Modules/_io/_iomodule.c:579:5: runtime error: call to function visit_reachable through pointer to incorrect function type 'int (*)(struct _object *, void *)'
/home/shamil/oss/cpython/3.12/Modules/gcmodule.c:500: note: visit_reachable defined here
SUMMARY: UndefinedBehaviorSanitizer: undefined-behavior Modules/_io/_iomodule.c:579:5 
Modules/_io/_iomodule.c:580:5: runtime error: call to function visit_reachable through pointer to incorrect function type 'int (*)(struct _object *, void *)'
/home/shamil/oss/cpython/3.12/Modules/gcmodule.c:500: note: visit_reachable defined here
SUMMARY: UndefinedBehaviorSanitizer: undefined-behavior Modules/_io/_iomodule.c:580:5 
Modules/_io/_iomodule.c:581:5: runtime error: call to function visit_reachable through pointer to incorrect function type 'int (*)(struct _object *, void *)'
/home/shamil/oss/cpython/3.12/Modules/gcmodule.c:500: note: visit_reachable defined here
SUMMARY: UndefinedBehaviorSanitizer: undefined-behavior Modules/_io/_iomodule.c:581:5 
Modules/_io/_iomodule.c:582:5: runtime error: call to function visit_reachable through pointer to incorrect function type 'int (*)(struct _object *, void *)'
/home/shamil/oss/cpython/3.12/Modules/gcmodule.c:500: note: visit_reachable defined here
SUMMARY: UndefinedBehaviorSanitizer: undefined-behavior Modules/_io/_iomodule.c:582:5 
Objects/descrobject.c:1883:5: runtime error: call to function visit_reachable through pointer to incorrect function type 'int (*)(struct _object *, void *)'
/home/shamil/oss/cpython/3.12/Modules/gcmodule.c:500: note: visit_reachable defined here
SUMMARY: UndefinedBehaviorSanitizer: undefined-behavior Objects/descrobject.c:1883:5 
Objects/descrobject.c:1884:5: runtime error: call to function visit_reachable through pointer to incorrect function type 'int (*)(struct _object *, void *)'
/home/shamil/oss/cpython/3.12/Modules/gcmodule.c:500: note: visit_reachable defined here
SUMMARY: UndefinedBehaviorSanitizer: undefined-behavior Objects/descrobject.c:1884:5 
Objects/descrobject.c:1887:5: runtime error: call to function visit_reachable through pointer to incorrect function type 'int (*)(struct _object *, void *)'
/home/shamil/oss/cpython/3.12/Modules/gcmodule.c:500: note: visit_reachable defined here
SUMMARY: UndefinedBehaviorSanitizer: undefined-behavior Objects/descrobject.c:1887:5 
Objects/descrobject.c:1886:5: runtime error: call to function visit_reachable through pointer to incorrect function type 'int (*)(struct _object *, void *)'
/home/shamil/oss/cpython/3.12/Modules/gcmodule.c:500: note: visit_reachable defined here
SUMMARY: UndefinedBehaviorSanitizer: undefined-behavior Objects/descrobject.c:1886:5 
Objects/funcobject.c:1019:5: runtime error: call to function visit_reachable through pointer to incorrect function type 'int (*)(struct _object *, void *)'
/home/shamil/oss/cpython/3.12/Modules/gcmodule.c:500: note: visit_reachable defined here
SUMMARY: UndefinedBehaviorSanitizer: undefined-behavior Objects/funcobject.c:1019:5 
Objects/funcobject.c:1020:5: runtime error: call to function visit_reachable through pointer to incorrect function type 'int (*)(struct _object *, void *)'
/home/shamil/oss/cpython/3.12/Modules/gcmodule.c:500: note: visit_reachable defined here
SUMMARY: UndefinedBehaviorSanitizer: undefined-behavior Objects/funcobject.c:1020:5 
Objects/funcobject.c:1215:5: runtime error: call to function visit_reachable through pointer to incorrect function type 'int (*)(struct _object *, void *)'
/home/shamil/oss/cpython/3.12/Modules/gcmodule.c:500: note: visit_reachable defined here
SUMMARY: UndefinedBehaviorSanitizer: undefined-behavior Objects/funcobject.c:1215:5 
Objects/funcobject.c:881:5: runtime error: call to function visit_reachable through pointer to incorrect function type 'int (*)(struct _object *, void *)'
/home/shamil/oss/cpython/3.12/Modules/gcmodule.c:500: note: visit_reachable defined here
SUMMARY: UndefinedBehaviorSanitizer: undefined-behavior Objects/funcobject.c:881:5 
Objects/funcobject.c:880:5: runtime error: call to function visit_reachable through pointer to incorrect function type 'int (*)(struct _object *, void *)'
/home/shamil/oss/cpython/3.12/Modules/gcmodule.c:500: note: visit_reachable defined here
SUMMARY: UndefinedBehaviorSanitizer: undefined-behavior Objects/funcobject.c:880:5 
Modules/_threadmodule.c:332:5: runtime error: call to function visit_reachable through pointer to incorrect function type 'int (*)(struct _object *, void *)'
/home/shamil/oss/cpython/3.12/Modules/gcmodule.c:500: note: visit_reachable defined here
SUMMARY: UndefinedBehaviorSanitizer: undefined-behavior Modules/_threadmodule.c:332:5 
Modules/_threadmodule.c:55:5: runtime error: call to function visit_reachable through pointer to incorrect function type 'int (*)(struct _object *, void *)'
/home/shamil/oss/cpython/3.12/Modules/gcmodule.c:500: note: visit_reachable defined here
SUMMARY: UndefinedBehaviorSanitizer: undefined-behavior Modules/_threadmodule.c:55:5 
Objects/cellobject.c:117:5: runtime error: call to function visit_reachable through pointer to incorrect function type 'int (*)(struct _object *, void *)'
/home/shamil/oss/cpython/3.12/Modules/gcmodule.c:500: note: visit_reachable defined here
SUMMARY: UndefinedBehaviorSanitizer: undefined-behavior Objects/cellobject.c:117:5 
Modules/gcmodule.c:1029:24: runtime error: call to function _list_clear through pointer to incorrect function type 'int (*)(struct _object *)'
/home/shamil/oss/cpython/3.12/Objects/listobject.c:595: note: _list_clear defined here
SUMMARY: UndefinedBehaviorSanitizer: undefined-behavior Modules/gcmodule.c:1029:24 
Objects/abstract.c:62:26: runtime error: call to function list_length through pointer to incorrect function type 'long (*)(struct _object *)'
/home/shamil/oss/cpython/3.12/Objects/listobject.c:436: note: list_length defined here
SUMMARY: UndefinedBehaviorSanitizer: undefined-behavior Objects/abstract.c:62:26 
Objects/abstract.c:246:19: runtime error: call to function dict_ass_sub through pointer to incorrect function type 'int (*)(struct _object *, struct _object *, struct _object *)'
/home/shamil/oss/cpython/3.12/Objects/dictobject.c:2525: note: dict_ass_sub defined here
SUMMARY: UndefinedBehaviorSanitizer: undefined-behavior Objects/abstract.c:246:19 
Python/bltinmodule.c:322:16: runtime error: call to function gen_iternext through pointer to incorrect function type 'struct _object *(*)(struct _object *)'
/home/shamil/oss/cpython/3.12/Objects/genobject.c:600: note: gen_iternext defined here
SUMMARY: UndefinedBehaviorSanitizer: undefined-behavior Python/bltinmodule.c:322:16 
Objects/abstract.c:1070:18: runtime error: call to function tupleconcat through pointer to incorrect function type 'struct _object *(*)(struct _object *, struct _object *)'
/home/shamil/oss/cpython/3.12/Objects/tupleobject.c:441: note: tupleconcat defined here
SUMMARY: UndefinedBehaviorSanitizer: undefined-behavior Objects/abstract.c:1070:18 
Objects/abstract.c:390:15: runtime error: call to function bytes_buffer_getbuffer through pointer to incorrect function type 'int (*)(struct _object *, Py_buffer *, int)'
/home/shamil/oss/cpython/3.12/Objects/bytesobject.c:1685: note: bytes_buffer_getbuffer defined here
SUMMARY: UndefinedBehaviorSanitizer: undefined-behavior Objects/abstract.c:390:15 
Objects/methodobject.c:438:24: runtime error: call to function int_from_bytes through pointer to incorrect function type 'struct _object *(*)(struct _object *, struct _object *const *, long, struct _object *)'
/home/shamil/oss/cpython/3.12/Objects/clinic/longobject.c.h:401: note: int_from_bytes defined here
SUMMARY: UndefinedBehaviorSanitizer: undefined-behavior Objects/methodobject.c:438:24 
Objects/abstract.c:882:13: runtime error: call to function long_add through pointer to incorrect function type 'struct _object *(*)(struct _object *, struct _object *)'
/home/shamil/oss/cpython/3.12/Objects/longobject.c:3525: note: long_add defined here
SUMMARY: UndefinedBehaviorSanitizer: undefined-behavior Objects/abstract.c:882:13 
Include/internal/pycore_object.h:123:9: runtime error: call to function PyObject_Free through pointer to incorrect function type 'void (*)(struct _object *)'
/home/shamil/oss/cpython/3.12/Objects/obmalloc.c:828: note: PyObject_Free defined here
SUMMARY: UndefinedBehaviorSanitizer: undefined-behavior Include/internal/pycore_object.h:123:9 
Objects/listobject.c:944:26: runtime error: call to function gen_iternext through pointer to incorrect function type 'struct _object *(*)(struct _object *)'
/home/shamil/oss/cpython/3.12/Objects/genobject.c:600: note: gen_iternext defined here
SUMMARY: UndefinedBehaviorSanitizer: undefined-behavior Objects/listobject.c:944:26 
Python/bytecodes.c:3094:19: runtime error: call to function list_extend through pointer to incorrect function type 'struct _object *(*)(struct _object *, struct _object *)'
/home/shamil/oss/cpython/3.12/Objects/listobject.c:859: note: list_extend defined here
SUMMARY: UndefinedBehaviorSanitizer: undefined-behavior Python/bytecodes.c:3094:19 
Objects/descrobject.c:454:24: runtime error: call to function _io_FileIO_isatty through pointer to incorrect function type 'struct _object *(*)(struct _object *, struct _object *)'
/home/shamil/oss/cpython/3.12/./Modules/_io/clinic/fileio.c.h:532: note: _io_FileIO_isatty defined here
SUMMARY: UndefinedBehaviorSanitizer: undefined-behavior Objects/descrobject.c:454:24 
Objects/methodobject.c:481:24: runtime error: call to function _io_FileIO_readall through pointer to incorrect function type 'struct _object *(*)(struct _object *, struct _object *)'
/home/shamil/oss/cpython/3.12/./Modules/_io/clinic/fileio.c.h:284: note: _io_FileIO_readall defined here
SUMMARY: UndefinedBehaviorSanitizer: undefined-behavior Objects/methodobject.c:481:24 
Objects/descrobject.c:387:24: runtime error: call to function _io_FileIO_close through pointer to incorrect function type 'struct _object *(*)(struct _object *, struct _typeobject *, struct _object *const *, unsigned long, struct _object *)'
/home/shamil/oss/cpython/3.12/./Modules/_io/clinic/fileio.c.h:28: note: _io_FileIO_close defined here
SUMMARY: UndefinedBehaviorSanitizer: undefined-behavior Objects/descrobject.c:387:24 
Objects/object.c:816:15: runtime error: call to function bytes_richcompare through pointer to incorrect function type 'struct _object *(*)(struct _object *, struct _object *, int)'
/home/shamil/oss/cpython/3.12/Objects/bytesobject.c:1546: note: bytes_richcompare defined here
SUMMARY: UndefinedBehaviorSanitizer: undefined-behavior Objects/object.c:816:15 
Objects/abstract.c:754:9: runtime error: call to function memory_releasebuf through pointer to incorrect function type 'void (*)(struct _object *, Py_buffer *)'
/home/shamil/oss/cpython/3.12/Objects/memoryobject.c:1591: note: memory_releasebuf defined here
SUMMARY: UndefinedBehaviorSanitizer: undefined-behavior Objects/abstract.c:754:9 
Objects/typeobject.c:1824:16: runtime error: call to function list_traverse through pointer to incorrect function type 'int (*)(struct _object *, int (*)(struct _object *, void *), void *)'
/home/shamil/oss/cpython/3.12/Objects/listobject.c:2701: note: list_traverse defined here
SUMMARY: UndefinedBehaviorSanitizer: undefined-behavior Objects/typeobject.c:1824:16 
Modules/posixmodule.c:2423:5: runtime error: call to function visit_reachable through pointer to incorrect function type 'int (*)(struct _object *, void *)'
/home/shamil/oss/cpython/3.12/Modules/gcmodule.c:500: note: visit_reachable defined here
SUMMARY: UndefinedBehaviorSanitizer: undefined-behavior Modules/posixmodule.c:2423:5 
Modules/posixmodule.c:2424:5: runtime error: call to function visit_reachable through pointer to incorrect function type 'int (*)(struct _object *, void *)'
/home/shamil/oss/cpython/3.12/Modules/gcmodule.c:500: note: visit_reachable defined here
SUMMARY: UndefinedBehaviorSanitizer: undefined-behavior Modules/posixmodule.c:2424:5 
Modules/posixmodule.c:2425:5: runtime error: call to function visit_reachable through pointer to incorrect function type 'int (*)(struct _object *, void *)'
/home/shamil/oss/cpython/3.12/Modules/gcmodule.c:500: note: visit_reachable defined here
SUMMARY: UndefinedBehaviorSanitizer: undefined-behavior Modules/posixmodule.c:2425:5 
Modules/posixmodule.c:2427:5: runtime error: call to function visit_reachable through pointer to incorrect function type 'int (*)(struct _object *, void *)'
/home/shamil/oss/cpython/3.12/Modules/gcmodule.c:500: note: visit_reachable defined here
SUMMARY: UndefinedBehaviorSanitizer: undefined-behavior Modules/posixmodule.c:2427:5 
Modules/posixmodule.c:2429:5: runtime error: call to function visit_reachable through pointer to incorrect function type 'int (*)(struct _object *, void *)'
/home/shamil/oss/cpython/3.12/Modules/gcmodule.c:500: note: visit_reachable defined here
SUMMARY: UndefinedBehaviorSanitizer: undefined-behavior Modules/posixmodule.c:2429:5 
Modules/posixmodule.c:2430:5: runtime error: call to function visit_reachable through pointer to incorrect function type 'int (*)(struct _object *, void *)'
/home/shamil/oss/cpython/3.12/Modules/gcmodule.c:500: note: visit_reachable defined here
SUMMARY: UndefinedBehaviorSanitizer: undefined-behavior Modules/posixmodule.c:2430:5 
Modules/posixmodule.c:2431:5: runtime error: call to function visit_reachable through pointer to incorrect function type 'int (*)(struct _object *, void *)'
/home/shamil/oss/cpython/3.12/Modules/gcmodule.c:500: note: visit_reachable defined here
SUMMARY: UndefinedBehaviorSanitizer: undefined-behavior Modules/posixmodule.c:2431:5 
Modules/posixmodule.c:2432:5: runtime error: call to function visit_reachable through pointer to incorrect function type 'int (*)(struct _object *, void *)'
/home/shamil/oss/cpython/3.12/Modules/gcmodule.c:500: note: visit_reachable defined here
SUMMARY: UndefinedBehaviorSanitizer: undefined-behavior Modules/posixmodule.c:2432:5 
Modules/posixmodule.c:2433:5: runtime error: call to function visit_reachable through pointer to incorrect function type 'int (*)(struct _object *, void *)'
/home/shamil/oss/cpython/3.12/Modules/gcmodule.c:500: note: visit_reachable defined here
SUMMARY: UndefinedBehaviorSanitizer: undefined-behavior Modules/posixmodule.c:2433:5 
Modules/posixmodule.c:2435:5: runtime error: call to function visit_reachable through pointer to incorrect function type 'int (*)(struct _object *, void *)'
/home/shamil/oss/cpython/3.12/Modules/gcmodule.c:500: note: visit_reachable defined here
SUMMARY: UndefinedBehaviorSanitizer: undefined-behavior Modules/posixmodule.c:2435:5 
Modules/posixmodule.c:2438:5: runtime error: call to function visit_reachable through pointer to incorrect function type 'int (*)(struct _object *, void *)'
/home/shamil/oss/cpython/3.12/Modules/gcmodule.c:500: note: visit_reachable defined here
SUMMARY: UndefinedBehaviorSanitizer: undefined-behavior Modules/posixmodule.c:2438:5 
Modules/posixmodule.c:2440:5: runtime error: call to function visit_reachable through pointer to incorrect function type 'int (*)(struct _object *, void *)'
/home/shamil/oss/cpython/3.12/Modules/gcmodule.c:500: note: visit_reachable defined here
SUMMARY: UndefinedBehaviorSanitizer: undefined-behavior Modules/posixmodule.c:2440:5 
Modules/timemodule.c:2148:5: runtime error: call to function visit_reachable through pointer to incorrect function type 'int (*)(struct _object *, void *)'
/home/shamil/oss/cpython/3.12/Modules/gcmodule.c:500: note: visit_reachable defined here
SUMMARY: UndefinedBehaviorSanitizer: undefined-behavior Modules/timemodule.c:2148:5 
Objects/abstract.c:1879:25: runtime error: call to function list_item through pointer to incorrect function type 'struct _object *(*)(struct _object *, long)'
/home/shamil/oss/cpython/3.12/Objects/listobject.c:458: note: list_item defined here
SUMMARY: UndefinedBehaviorSanitizer: undefined-behavior Objects/abstract.c:1879:25 
Objects/typeobject.c:4835:19: runtime error: call to function getset_get through pointer to incorrect function type 'struct _object *(*)(struct _object *, struct _object *, struct _object *)'
/home/shamil/oss/cpython/3.12/Objects/descrobject.c:195: note: getset_get defined here
SUMMARY: UndefinedBehaviorSanitizer: undefined-behavior Objects/typeobject.c:4835:19 
Objects/typeobject.c:4868:15: runtime error: call to function method_get through pointer to incorrect function type 'struct _object *(*)(struct _object *, struct _object *, struct _object *)'
/home/shamil/oss/cpython/3.12/Objects/descrobject.c:151: note: method_get defined here
SUMMARY: UndefinedBehaviorSanitizer: undefined-behavior Objects/typeobject.c:4868:15 
Modules/signalmodule.c:1676:5: runtime error: call to function visit_reachable through pointer to incorrect function type 'int (*)(struct _object *, void *)'
/home/shamil/oss/cpython/3.12/Modules/gcmodule.c:500: note: visit_reachable defined here
SUMMARY: UndefinedBehaviorSanitizer: undefined-behavior Modules/signalmodule.c:1676:5 
Modules/signalmodule.c:1677:5: runtime error: call to function visit_reachable through pointer to incorrect function type 'int (*)(struct _object *, void *)'
/home/shamil/oss/cpython/3.12/Modules/gcmodule.c:500: note: visit_reachable defined here
SUMMARY: UndefinedBehaviorSanitizer: undefined-behavior Modules/signalmodule.c:1677:5 
Modules/_abc.c:927:5: runtime error: call to function visit_reachable through pointer to incorrect function type 'int (*)(struct _object *, void *)'
/home/shamil/oss/cpython/3.12/Modules/gcmodule.c:500: note: visit_reachable defined here
SUMMARY: UndefinedBehaviorSanitizer: undefined-behavior Modules/_abc.c:927:5 
Modules/_abc.c:48:5: runtime error: call to function visit_reachable through pointer to incorrect function type 'int (*)(struct _object *, void *)'
/home/shamil/oss/cpython/3.12/Modules/gcmodule.c:500: note: visit_reachable defined here
SUMMARY: UndefinedBehaviorSanitizer: undefined-behavior Modules/_abc.c:48:5 
Modules/_abc.c:49:5: runtime error: call to function visit_reachable through pointer to incorrect function type 'int (*)(struct _object *, void *)'
/home/shamil/oss/cpython/3.12/Modules/gcmodule.c:500: note: visit_reachable defined here
SUMMARY: UndefinedBehaviorSanitizer: undefined-behavior Modules/_abc.c:49:5 
Modules/_abc.c:51:5: runtime error: call to function visit_reachable through pointer to incorrect function type 'int (*)(struct _object *, void *)'
/home/shamil/oss/cpython/3.12/Modules/gcmodule.c:500: note: visit_reachable defined here
SUMMARY: UndefinedBehaviorSanitizer: undefined-behavior Modules/_abc.c:51:5 
Modules/_io/textio.c:1475:5: runtime error: call to function visit_reachable through pointer to incorrect function type 'int (*)(struct _object *, void *)'
/home/shamil/oss/cpython/3.12/Modules/gcmodule.c:500: note: visit_reachable defined here
SUMMARY: UndefinedBehaviorSanitizer: undefined-behavior Modules/_io/textio.c:1475:5 
Modules/_io/textio.c:1476:5: runtime error: call to function visit_reachable through pointer to incorrect function type 'int (*)(struct _object *, void *)'
/home/shamil/oss/cpython/3.12/Modules/gcmodule.c:500: note: visit_reachable defined here
SUMMARY: UndefinedBehaviorSanitizer: undefined-behavior Modules/_io/textio.c:1476:5 
Modules/_io/textio.c:1477:5: runtime error: call to function visit_reachable through pointer to incorrect function type 'int (*)(struct _object *, void *)'
/home/shamil/oss/cpython/3.12/Modules/gcmodule.c:500: note: visit_reachable defined here
SUMMARY: UndefinedBehaviorSanitizer: undefined-behavior Modules/_io/textio.c:1477:5 
Modules/_io/textio.c:1479:5: runtime error: call to function visit_reachable through pointer to incorrect function type 'int (*)(struct _object *, void *)'
/home/shamil/oss/cpython/3.12/Modules/gcmodule.c:500: note: visit_reachable defined here
SUMMARY: UndefinedBehaviorSanitizer: undefined-behavior Modules/_io/textio.c:1479:5 
Modules/_io/textio.c:1480:5: runtime error: call to function visit_reachable through pointer to incorrect function type 'int (*)(struct _object *, void *)'
/home/shamil/oss/cpython/3.12/Modules/gcmodule.c:500: note: visit_reachable defined here
SUMMARY: UndefinedBehaviorSanitizer: undefined-behavior Modules/_io/textio.c:1480:5 
Modules/_io/textio.c:1484:5: runtime error: call to function visit_reachable through pointer to incorrect function type 'int (*)(struct _object *, void *)'
/home/shamil/oss/cpython/3.12/Modules/gcmodule.c:500: note: visit_reachable defined here
SUMMARY: UndefinedBehaviorSanitizer: undefined-behavior Modules/_io/textio.c:1484:5 
Modules/_io/textio.c:1485:5: runtime error: call to function visit_reachable through pointer to incorrect function type 'int (*)(struct _object *, void *)'
/home/shamil/oss/cpython/3.12/Modules/gcmodule.c:500: note: visit_reachable defined here
SUMMARY: UndefinedBehaviorSanitizer: undefined-behavior Modules/_io/textio.c:1485:5 
Modules/_io/textio.c:1487:5: runtime error: call to function visit_reachable through pointer to incorrect function type 'int (*)(struct _object *, void *)'
/home/shamil/oss/cpython/3.12/Modules/gcmodule.c:500: note: visit_reachable defined here
SUMMARY: UndefinedBehaviorSanitizer: undefined-behavior Modules/_io/textio.c:1487:5 
Modules/_io/textio.c:1478:5: runtime error: call to function visit_reachable through pointer to incorrect function type 'int (*)(struct _object *, void *)'
/home/shamil/oss/cpython/3.12/Modules/gcmodule.c:500: note: visit_reachable defined here
SUMMARY: UndefinedBehaviorSanitizer: undefined-behavior Modules/_io/textio.c:1478:5 
Objects/memoryobject.c:1150:5: runtime error: call to function visit_reachable through pointer to incorrect function type 'int (*)(struct _object *, void *)'
/home/shamil/oss/cpython/3.12/Modules/gcmodule.c:500: note: visit_reachable defined here
SUMMARY: UndefinedBehaviorSanitizer: undefined-behavior Objects/memoryobject.c:1150:5 
Objects/dictobject.c:5599:9: runtime error: call to function visit_reachable through pointer to incorrect function type 'int (*)(struct _object *, void *)'
/home/shamil/oss/cpython/3.12/Modules/gcmodule.c:500: note: visit_reachable defined here
SUMMARY: UndefinedBehaviorSanitizer: undefined-behavior Objects/dictobject.c:5599:9 
Modules/_io/bufferedio.c:449:5: runtime error: call to function visit_reachable through pointer to incorrect function type 'int (*)(struct _object *, void *)'
/home/shamil/oss/cpython/3.12/Modules/gcmodule.c:500: note: visit_reachable defined here
SUMMARY: UndefinedBehaviorSanitizer: undefined-behavior Modules/_io/bufferedio.c:449:5 
Modules/_io/bufferedio.c:450:5: runtime error: call to function visit_reachable through pointer to incorrect function type 'int (*)(struct _object *, void *)'
/home/shamil/oss/cpython/3.12/Modules/gcmodule.c:500: note: visit_reachable defined here
SUMMARY: UndefinedBehaviorSanitizer: undefined-behavior Modules/_io/bufferedio.c:450:5 
Modules/_io/bufferedio.c:451:5: runtime error: call to function visit_reachable through pointer to incorrect function type 'int (*)(struct _object *, void *)'
/home/shamil/oss/cpython/3.12/Modules/gcmodule.c:500: note: visit_reachable defined here
SUMMARY: UndefinedBehaviorSanitizer: undefined-behavior Modules/_io/bufferedio.c:451:5 
Modules/_io/fileio.c:517:5: runtime error: call to function visit_reachable through pointer to incorrect function type 'int (*)(struct _object *, void *)'
/home/shamil/oss/cpython/3.12/Modules/gcmodule.c:500: note: visit_reachable defined here
SUMMARY: UndefinedBehaviorSanitizer: undefined-behavior Modules/_io/fileio.c:517:5 
Modules/_io/fileio.c:518:5: runtime error: call to function visit_reachable through pointer to incorrect function type 'int (*)(struct _object *, void *)'
/home/shamil/oss/cpython/3.12/Modules/gcmodule.c:500: note: visit_reachable defined here
SUMMARY: UndefinedBehaviorSanitizer: undefined-behavior Modules/_io/fileio.c:518:5 
Objects/memoryobject.c:131:5: runtime error: call to function visit_reachable through pointer to incorrect function type 'int (*)(struct _object *, void *)'
/home/shamil/oss/cpython/3.12/Modules/gcmodule.c:500: note: visit_reachable defined here
SUMMARY: UndefinedBehaviorSanitizer: undefined-behavior Objects/memoryobject.c:131:5 
Objects/dictobject.c:3543:17: runtime error: call to function visit_reachable through pointer to incorrect function type 'int (*)(struct _object *, void *)'
/home/shamil/oss/cpython/3.12/Modules/gcmodule.c:500: note: visit_reachable defined here
SUMMARY: UndefinedBehaviorSanitizer: undefined-behavior Objects/dictobject.c:3543:17 
Modules/_abc.c:50:5: runtime error: call to function visit_reachable through pointer to incorrect function type 'int (*)(struct _object *, void *)'
/home/shamil/oss/cpython/3.12/Modules/gcmodule.c:500: note: visit_reachable defined here
SUMMARY: UndefinedBehaviorSanitizer: undefined-behavior Modules/_abc.c:50:5 
Objects/tupleobject.c:991:5: runtime error: call to function visit_reachable through pointer to incorrect function type 'int (*)(struct _object *, void *)'
/home/shamil/oss/cpython/3.12/Modules/gcmodule.c:500: note: visit_reachable defined here
SUMMARY: UndefinedBehaviorSanitizer: undefined-behavior Objects/tupleobject.c:991:5 
Python/bltinmodule.c:1382:25: runtime error: call to function tupleiter_next through pointer to incorrect function type 'struct _object *(*)(struct _object *)'
/home/shamil/oss/cpython/3.12/Objects/tupleobject.c:997: note: tupleiter_next defined here
SUMMARY: UndefinedBehaviorSanitizer: undefined-behavior Python/bltinmodule.c:1382:25 
Objects/abstract.c:890:23: runtime error: call to function long_mul through pointer to incorrect function type 'struct _object *(*)(struct _object *, struct _object *)'
/home/shamil/oss/cpython/3.12/Objects/longobject.c:4004: note: long_mul defined here
SUMMARY: UndefinedBehaviorSanitizer: undefined-behavior Objects/abstract.c:890:23 
Python/bltinmodule.c:1494:11: runtime error: call to function gen_iternext through pointer to incorrect function type 'struct _object *(*)(struct _object *)'
/home/shamil/oss/cpython/3.12/Objects/genobject.c:600: note: gen_iternext defined here
SUMMARY: UndefinedBehaviorSanitizer: undefined-behavior Python/bltinmodule.c:1494:11 
Objects/descrobject.c:427:24: runtime error: call to function bytes_decode through pointer to incorrect function type 'struct _object *(*)(struct _object *, struct _object *const *, long, struct _object *)'
/home/shamil/oss/cpython/3.12/Objects/clinic/bytesobject.c.h:710: note: bytes_decode defined here
SUMMARY: UndefinedBehaviorSanitizer: undefined-behavior Objects/descrobject.c:427:24 
Python/bytecodes.c:3123:19: runtime error: call to function bytes_decode through pointer to incorrect function type 'struct _object *(*)(struct _object *, struct _object *const *, long, struct _object *)'
/home/shamil/oss/cpython/3.12/Objects/clinic/bytesobject.c.h:710: note: bytes_decode defined here
SUMMARY: UndefinedBehaviorSanitizer: undefined-behavior Python/bytecodes.c:3123:19 
Objects/listobject.c:3256:5: runtime error: call to function visit_reachable through pointer to incorrect function type 'int (*)(struct _object *, void *)'
/home/shamil/oss/cpython/3.12/Modules/gcmodule.c:500: note: visit_reachable defined here
SUMMARY: UndefinedBehaviorSanitizer: undefined-behavior Objects/listobject.c:3256:5 
Objects/exceptions.c:109:5: runtime error: call to function visit_reachable through pointer to incorrect function type 'int (*)(struct _object *, void *)'
/home/shamil/oss/cpython/3.12/Modules/gcmodule.c:500: note: visit_reachable defined here
SUMMARY: UndefinedBehaviorSanitizer: undefined-behavior Objects/exceptions.c:109:5 
Objects/exceptions.c:111:5: runtime error: call to function visit_reachable through pointer to incorrect function type 'int (*)(struct _object *, void *)'
/home/shamil/oss/cpython/3.12/Modules/gcmodule.c:500: note: visit_reachable defined here
SUMMARY: UndefinedBehaviorSanitizer: undefined-behavior Objects/exceptions.c:111:5 
Python/traceback.c:201:5: runtime error: call to function visit_reachable through pointer to incorrect function type 'int (*)(struct _object *, void *)'
/home/shamil/oss/cpython/3.12/Modules/gcmodule.c:500: note: visit_reachable defined here
SUMMARY: UndefinedBehaviorSanitizer: undefined-behavior Python/traceback.c:201:5 
Objects/genobject.c:53:5: runtime error: call to function visit_reachable through pointer to incorrect function type 'int (*)(struct _object *, void *)'
/home/shamil/oss/cpython/3.12/Modules/gcmodule.c:500: note: visit_reachable defined here
SUMMARY: UndefinedBehaviorSanitizer: undefined-behavior Objects/genobject.c:53:5 
Objects/genobject.c:54:5: runtime error: call to function visit_reachable through pointer to incorrect function type 'int (*)(struct _object *, void *)'
/home/shamil/oss/cpython/3.12/Modules/gcmodule.c:500: note: visit_reachable defined here
SUMMARY: UndefinedBehaviorSanitizer: undefined-behavior Objects/genobject.c:54:5 
Python/frame.c:16:5: runtime error: call to function visit_reachable through pointer to incorrect function type 'int (*)(struct _object *, void *)'
/home/shamil/oss/cpython/3.12/Modules/gcmodule.c:500: note: visit_reachable defined here
SUMMARY: UndefinedBehaviorSanitizer: undefined-behavior Python/frame.c:16:5 
Python/frame.c:17:5: runtime error: call to function visit_reachable through pointer to incorrect function type 'int (*)(struct _object *, void *)'
/home/shamil/oss/cpython/3.12/Modules/gcmodule.c:500: note: visit_reachable defined here
SUMMARY: UndefinedBehaviorSanitizer: undefined-behavior Python/frame.c:17:5 
Objects/abstract.c:1179:27: runtime error: call to function set_ior through pointer to incorrect function type 'struct _object *(*)(struct _object *, struct _object *)'
/home/shamil/oss/cpython/3.12/Objects/setobject.c:1165: note: set_ior defined here
SUMMARY: UndefinedBehaviorSanitizer: undefined-behavior Objects/abstract.c:1179:27 
Objects/typeobject.c:1879:16: runtime error: call to function type_clear through pointer to incorrect function type 'int (*)(struct _object *)'
/home/shamil/oss/cpython/3.12/Objects/typeobject.c:5265: note: type_clear defined here
SUMMARY: UndefinedBehaviorSanitizer: undefined-behavior Objects/typeobject.c:1879:16 
Modules/_ctypes/_ctypes.c:921:9: runtime error: call to function visit_reachable through pointer to incorrect function type 'int (*)(struct _object *, void *)'
/home/shamil/oss/cpython/3.12/Modules/gcmodule.c:500: note: visit_reachable defined here
SUMMARY: UndefinedBehaviorSanitizer: undefined-behavior Modules/_ctypes/_ctypes.c:921:9 
Modules/_ctypes/_ctypes.c:4257:5: runtime error: call to function visit_reachable through pointer to incorrect function type 'int (*)(struct _object *, void *)'
/home/shamil/oss/cpython/3.12/Modules/gcmodule.c:500: note: visit_reachable defined here
SUMMARY: UndefinedBehaviorSanitizer: undefined-behavior Modules/_ctypes/_ctypes.c:4257:5 
Modules/_ctypes/_ctypes.c:4258:5: runtime error: call to function visit_reachable through pointer to incorrect function type 'int (*)(struct _object *, void *)'
/home/shamil/oss/cpython/3.12/Modules/gcmodule.c:500: note: visit_reachable defined here
SUMMARY: UndefinedBehaviorSanitizer: undefined-behavior Modules/_ctypes/_ctypes.c:4258:5 
Modules/_ctypes/_ctypes.c:4261:5: runtime error: call to function visit_reachable through pointer to incorrect function type 'int (*)(struct _object *, void *)'
/home/shamil/oss/cpython/3.12/Modules/gcmodule.c:500: note: visit_reachable defined here
SUMMARY: UndefinedBehaviorSanitizer: undefined-behavior Modules/_ctypes/_ctypes.c:4261:5 
Modules/_ctypes/_ctypes.c:4262:5: runtime error: call to function visit_reachable through pointer to incorrect function type 'int (*)(struct _object *, void *)'
/home/shamil/oss/cpython/3.12/Modules/gcmodule.c:500: note: visit_reachable defined here
SUMMARY: UndefinedBehaviorSanitizer: undefined-behavior Modules/_ctypes/_ctypes.c:4262:5 
Modules/_ctypes/_ctypes.c:2763:5: runtime error: call to function visit_reachable through pointer to incorrect function type 'int (*)(struct _object *, void *)'
/home/shamil/oss/cpython/3.12/Modules/gcmodule.c:500: note: visit_reachable defined here
SUMMARY: UndefinedBehaviorSanitizer: undefined-behavior Modules/_ctypes/_ctypes.c:2763:5 
Objects/exceptions.c:859:5: runtime error: call to function visit_reachable through pointer to incorrect function type 'int (*)(struct _object *, void *)'
/home/shamil/oss/cpython/3.12/Modules/gcmodule.c:500: note: visit_reachable defined here
SUMMARY: UndefinedBehaviorSanitizer: undefined-behavior Objects/exceptions.c:859:5 
Objects/exceptions.c:860:5: runtime error: call to function visit_reachable through pointer to incorrect function type 'int (*)(struct _object *, void *)'
/home/shamil/oss/cpython/3.12/Modules/gcmodule.c:500: note: visit_reachable defined here
SUMMARY: UndefinedBehaviorSanitizer: undefined-behavior Objects/exceptions.c:860:5 
Objects/exceptions.c:109:5: runtime error: call to function visit_reachable through pointer to incorrect function type 'int (*)(struct _object *, void *)'
/home/shamil/oss/cpython/3.12/Modules/gcmodule.c:500: note: visit_reachable defined here
SUMMARY: UndefinedBehaviorSanitizer: undefined-behavior Objects/exceptions.c:109:5 
Objects/exceptions.c:111:5: runtime error: call to function visit_reachable through pointer to incorrect function type 'int (*)(struct _object *, void *)'
/home/shamil/oss/cpython/3.12/Modules/gcmodule.c:500: note: visit_reachable defined here
SUMMARY: UndefinedBehaviorSanitizer: undefined-behavior Objects/exceptions.c:111:5 
Python/traceback.c:201:5: runtime error: call to function visit_reachable through pointer to incorrect function type 'int (*)(struct _object *, void *)'
/home/shamil/oss/cpython/3.12/Modules/gcmodule.c:500: note: visit_reachable defined here
SUMMARY: UndefinedBehaviorSanitizer: undefined-behavior Python/traceback.c:201:5 
Objects/frameobject.c:924:5: runtime error: call to function visit_reachable through pointer to incorrect function type 'int (*)(struct _object *, void *)'
/home/shamil/oss/cpython/3.12/Modules/gcmodule.c:500: note: visit_reachable defined here
SUMMARY: UndefinedBehaviorSanitizer: undefined-behavior Objects/frameobject.c:924:5 
Objects/typeobject.c:1879:16: runtime error: call to function type_clear through pointer to incorrect function type 'int (*)(struct _object *)'
/home/shamil/oss/cpython/3.12/Objects/typeobject.c:5265: note: type_clear defined here
SUMMARY: UndefinedBehaviorSanitizer: undefined-behavior Objects/typeobject.c:1879:16 
Objects/typeobject.c:1932:9: runtime error: call to function heapctype_dealloc through pointer to incorrect function type 'void (*)(struct _object *)'
/home/shamil/oss/cpython/3.12/./Modules/_testcapi/heaptype.c:530: note: heapctype_dealloc defined here
SUMMARY: UndefinedBehaviorSanitizer: undefined-behavior Objects/typeobject.c:1932:9 
Modules/itertoolsmodule.c:1773:16: runtime error: call to function positionsiter_next through pointer to incorrect function type 'struct _object *(*)(struct _object *)'
/home/shamil/oss/cpython/3.12/Objects/codeobject.c:1299: note: positionsiter_next defined here
SUMMARY: UndefinedBehaviorSanitizer: undefined-behavior Modules/itertoolsmodule.c:1773:16 
Python/modsupport.c:466:20: runtime error: call to function _source_offset_converter through pointer to incorrect function type 'struct _object *(*)(void *)'
/home/shamil/oss/cpython/3.12/Objects/codeobject.c:1197: note: _source_offset_converter defined here
SUMMARY: UndefinedBehaviorSanitizer: undefined-behavior Python/modsupport.c:466:20 
Modules/itertoolsmodule.c:1781:12: runtime error: call to function positionsiter_next through pointer to incorrect function type 'struct _object *(*)(struct _object *)'
/home/shamil/oss/cpython/3.12/Objects/codeobject.c:1299: note: positionsiter_next defined here
SUMMARY: UndefinedBehaviorSanitizer: undefined-behavior Modules/itertoolsmodule.c:1781:12 
Objects/typeobject.c:5559:12: runtime error: call to function dict_repr through pointer to incorrect function type 'struct _object *(*)(struct _object *)'
/home/shamil/oss/cpython/3.12/Objects/dictobject.c:2401: note: dict_repr defined here
SUMMARY: UndefinedBehaviorSanitizer: undefined-behavior Objects/typeobject.c:5559:12 
Modules/_testcapimodule.c:3713:5: runtime error: call to function list_dealloc through pointer to incorrect function type 'void (*)(struct _object *)'
/home/shamil/oss/cpython/3.12/Objects/listobject.c:345: note: list_dealloc defined here
SUMMARY: UndefinedBehaviorSanitizer: undefined-behavior Modules/_testcapimodule.c:3713:5 
Objects/moduleobject.c:719:9: runtime error: call to function pickle_free through pointer to incorrect function type 'void (*)(void *)'
/home/shamil/oss/cpython/3.12/./Modules/_pickle.c:7899: note: pickle_free defined here
SUMMARY: UndefinedBehaviorSanitizer: undefined-behavior Objects/moduleobject.c:719:9 
Objects/typeobject.c:8143:11: runtime error: call to function count_next through pointer to incorrect function type 'struct _object *(*)(struct _object *)'
/home/shamil/oss/cpython/3.12/./Modules/itertoolsmodule.c:4134: note: count_next defined here
SUMMARY: UndefinedBehaviorSanitizer: undefined-behavior Objects/typeobject.c:8143:11 
Python/bltinmodule.c:2925:16: runtime error: call to function listiter_next through pointer to incorrect function type 'struct _object *(*)(struct _object *)'
/home/shamil/oss/cpython/3.12/Objects/listobject.c:3262: note: listiter_next defined here
SUMMARY: UndefinedBehaviorSanitizer: undefined-behavior Python/bltinmodule.c:2925:16 
Objects/object.c:921:20: runtime error: call to function _Py_HashPointer through pointer to incorrect function type 'long (*)(struct _object *)'
/home/shamil/oss/cpython/3.12/Python/pyhash.c:149: note: _Py_HashPointer defined here
SUMMARY: UndefinedBehaviorSanitizer: undefined-behavior Objects/object.c:921:20 
Objects/abstract.c:1341:25: runtime error: call to function complex_pos through pointer to incorrect function type 'struct _object *(*)(struct _object *)'
/home/shamil/oss/cpython/3.12/Objects/complexobject.c:553: note: complex_pos defined here
SUMMARY: UndefinedBehaviorSanitizer: undefined-behavior Objects/abstract.c:1341:25 
Modules/socketmodule.c:8954:5: runtime error: call to function visit_reachable through pointer to incorrect function type 'int (*)(struct _object *, void *)'
/home/shamil/oss/cpython/3.12/Modules/gcmodule.c:500: note: visit_reachable defined here
SUMMARY: UndefinedBehaviorSanitizer: undefined-behavior Modules/socketmodule.c:8954:5 
Modules/socketmodule.c:8955:5: runtime error: call to function visit_reachable through pointer to incorrect function type 'int (*)(struct _object *, void *)'
/home/shamil/oss/cpython/3.12/Modules/gcmodule.c:500: note: visit_reachable defined here
SUMMARY: UndefinedBehaviorSanitizer: undefined-behavior Modules/socketmodule.c:8955:5 
Modules/socketmodule.c:8956:5: runtime error: call to function visit_reachable through pointer to incorrect function type 'int (*)(struct _object *, void *)'
/home/shamil/oss/cpython/3.12/Modules/gcmodule.c:500: note: visit_reachable defined here
SUMMARY: UndefinedBehaviorSanitizer: undefined-behavior Modules/socketmodule.c:8956:5 
Objects/typeobject.c:8263:9: runtime error: call to function BaseException_init through pointer to incorrect function type 'int (*)(struct _object *, struct _object *, struct _object *)'
/home/shamil/oss/cpython/3.12/Objects/exceptions.c:72: note: BaseException_init defined here
SUMMARY: UndefinedBehaviorSanitizer: undefined-behavior Objects/typeobject.c:8263:9 
Objects/exceptions.c:108:5: runtime error: call to function visit_reachable through pointer to incorrect function type 'int (*)(struct _object *, void *)'
/home/shamil/oss/cpython/3.12/Modules/gcmodule.c:500: note: visit_reachable defined here
SUMMARY: UndefinedBehaviorSanitizer: undefined-behavior Objects/exceptions.c:108:5 
Python/traceback.c:200:5: runtime error: call to function visit_reachable through pointer to incorrect function type 'int (*)(struct _object *, void *)'
/home/shamil/oss/cpython/3.12/Modules/gcmodule.c:500: note: visit_reachable defined here
SUMMARY: UndefinedBehaviorSanitizer: undefined-behavior Python/traceback.c:200:5 
test test_capi failed -- multiple errors occurred; run in verbose mode for details
Objects/typeobject.c:7843:12: runtime error: call to function float_repr through pointer to incorrect function type 'struct _object *(*)(struct _object *)'
/home/shamil/oss/cpython/3.12/Objects/floatobject.c:387: note: float_repr defined here
SUMMARY: UndefinedBehaviorSanitizer: undefined-behavior Objects/typeobject.c:7843:12 
Modules/_io/textio.c:1699:17: runtime error: call to function utf8_encode through pointer to incorrect function type 'struct _object *(*)(struct _object *, struct _object *)'
/home/shamil/oss/cpython/3.12/./Modules/_io/textio.c:781: note: utf8_encode defined here
SUMMARY: UndefinedBehaviorSanitizer: undefined-behavior Modules/_io/textio.c:1699:17 
Objects/object.c:367:5: runtime error: call to function ScandirIterator_finalize through pointer to incorrect function type 'void (*)(struct _object *)'
/home/shamil/oss/cpython/3.12/./Modules/posixmodule.c:15412: note: ScandirIterator_finalize defined here
SUMMARY: UndefinedBehaviorSanitizer: undefined-behavior Objects/object.c:367:5 
Modules/faulthandler.c:1173:5: runtime error: call to function visit_reachable through pointer to incorrect function type 'int (*)(struct _object *, void *)'
/home/shamil/oss/cpython/3.12/Modules/gcmodule.c:500: note: visit_reachable defined here
SUMMARY: UndefinedBehaviorSanitizer: undefined-behavior Modules/faulthandler.c:1173:5 
Modules/_collectionsmodule.c:2071:5: runtime error: call to function dict_dealloc through pointer to incorrect function type 'void (*)(struct _object *)'
/home/shamil/oss/cpython/3.12/Objects/dictobject.c:2352: note: dict_dealloc defined here
SUMMARY: UndefinedBehaviorSanitizer: undefined-behavior Modules/_collectionsmodule.c:2071:5 
[3175 refs, 0 blocks]

=================================================================
==823429==ERROR: LeakSanitizer: detected memory leaks

Direct leak of 172 byte(s) in 1 object(s) allocated from:
    #0 0x614b547f9168 in malloc (/home/shamil/oss/cpython/3.12/python+0x9b7168) (BuildId: 3c6e2e4ee04b612b7f0f4656e461576bf9299dc2)
    #1 0x614b54db1213 in _PyMem_DebugRawAlloc /home/shamil/oss/cpython/3.12/Objects/obmalloc.c:2096:24
    #2 0x614b54db0a47 in PyMem_RawMalloc /home/shamil/oss/cpython/3.12/Objects/obmalloc.c:662:12
    #3 0x614b54db0a47 in _PyMem_RawWcsdup /home/shamil/oss/cpython/3.12/Objects/obmalloc.c:751:21
    #4 0x614b551e6335 in PyConfig_SetString /home/shamil/oss/cpython/3.12/Python/initconfig.c:852:16
    #5 0x614b551e7242 in _PyConfig_Copy /home/shamil/oss/cpython/3.12/Python/initconfig.c:955:5
    #6 0x614b552495fb in new_interpreter /home/shamil/oss/cpython/3.12/Python/pylifecycle.c:2120:14
    #7 0x614b552491b5 in Py_NewInterpreterFromConfig /home/shamil/oss/cpython/3.12/Python/pylifecycle.c:2178:12
    #8 0x7039d852f51b in run_in_subinterp_with_config /home/shamil/oss/cpython/3.12/./Modules/_testcapimodule.c:1568:23
    #9 0x614b54d8ef7a in cfunction_call /home/shamil/oss/cpython/3.12/Objects/methodobject.c:537:18
    #10 0x614b54c145f4 in _PyObject_Call /home/shamil/oss/cpython/3.12/Objects/call.c:367:18
    #11 0x614b5504f1c0 in _PyEval_EvalFrameDefault /home/shamil/oss/cpython/3.12/Python/bytecodes.c:3263:26
    #12 0x614b54c1fe73 in _PyObject_VectorcallTstate /home/shamil/oss/cpython/3.12/./Include/internal/pycore_call.h:92:11
    #13 0x614b54c1c64d in method_vectorcall /home/shamil/oss/cpython/3.12/Objects/classobject.c:91:18
    #14 0x614b54c1409b in _PyVectorcall_Call /home/shamil/oss/cpython/3.12/Objects/call.c:271:16
    #15 0x614b5504f1c0 in _PyEval_EvalFrameDefault /home/shamil/oss/cpython/3.12/Python/bytecodes.c:3263:26
    #16 0x614b54c1120e in _PyObject_FastCallDictTstate /home/shamil/oss/cpython/3.12/Objects/call.c:133:15
    #17 0x614b54c1562d in _PyObject_Call_Prepend /home/shamil/oss/cpython/3.12/Objects/call.c:508:24
    #18 0x614b54e18488 in slot_tp_call /home/shamil/oss/cpython/3.12/Objects/typeobject.c:8791:15
    #19 0x614b54c11754 in _PyObject_MakeTpCall /home/shamil/oss/cpython/3.12/Objects/call.c:240:18
    #20 0x614b5506300d in _PyEval_EvalFrameDefault /home/shamil/oss/cpython/3.12/Python/bytecodes.c:2715:19
    #21 0x614b54c1fe73 in _PyObject_VectorcallTstate /home/shamil/oss/cpython/3.12/./Include/internal/pycore_call.h:92:11
    #22 0x614b54c1c64d in method_vectorcall /home/shamil/oss/cpython/3.12/Objects/classobject.c:91:18
    #23 0x614b54c1409b in _PyVectorcall_Call /home/shamil/oss/cpython/3.12/Objects/call.c:271:16
    #24 0x614b5504f1c0 in _PyEval_EvalFrameDefault /home/shamil/oss/cpython/3.12/Python/bytecodes.c:3263:26
    #25 0x614b54c1120e in _PyObject_FastCallDictTstate /home/shamil/oss/cpython/3.12/Objects/call.c:133:15
    #26 0x614b54c1562d in _PyObject_Call_Prepend /home/shamil/oss/cpython/3.12/Objects/call.c:508:24
    #27 0x614b54e18488 in slot_tp_call /home/shamil/oss/cpython/3.12/Objects/typeobject.c:8791:15
    #28 0x614b54c11754 in _PyObject_MakeTpCall /home/shamil/oss/cpython/3.12/Objects/call.c:240:18
    #29 0x614b5506300d in _PyEval_EvalFrameDefault /home/shamil/oss/cpython/3.12/Python/bytecodes.c:2715:19
    #30 0x614b54c1fe73 in _PyObject_VectorcallTstate /home/shamil/oss/cpython/3.12/./Include/internal/pycore_call.h:92:11

Direct leak of 172 byte(s) in 1 object(s) allocated from:
    #0 0x614b547f9168 in malloc (/home/shamil/oss/cpython/3.12/python+0x9b7168) (BuildId: 3c6e2e4ee04b612b7f0f4656e461576bf9299dc2)
    #1 0x614b54db1213 in _PyMem_DebugRawAlloc /home/shamil/oss/cpython/3.12/Objects/obmalloc.c:2096:24
    #2 0x614b54db0a47 in PyMem_RawMalloc /home/shamil/oss/cpython/3.12/Objects/obmalloc.c:662:12
    #3 0x614b54db0a47 in _PyMem_RawWcsdup /home/shamil/oss/cpython/3.12/Objects/obmalloc.c:751:21
    #4 0x614b551e6335 in PyConfig_SetString /home/shamil/oss/cpython/3.12/Python/initconfig.c:852:16
    #5 0x614b551e7856 in _PyConfig_Copy /home/shamil/oss/cpython/3.12/Python/initconfig.c:965:5
    #6 0x614b552495fb in new_interpreter /home/shamil/oss/cpython/3.12/Python/pylifecycle.c:2120:14
    #7 0x614b552491b5 in Py_NewInterpreterFromConfig /home/shamil/oss/cpython/3.12/Python/pylifecycle.c:2178:12
    #8 0x7039d852f51b in run_in_subinterp_with_config /home/shamil/oss/cpython/3.12/./Modules/_testcapimodule.c:1568:23
    #9 0x614b54d8ef7a in cfunction_call /home/shamil/oss/cpython/3.12/Objects/methodobject.c:537:18
    #10 0x614b54c145f4 in _PyObject_Call /home/shamil/oss/cpython/3.12/Objects/call.c:367:18
    #11 0x614b5504f1c0 in _PyEval_EvalFrameDefault /home/shamil/oss/cpython/3.12/Python/bytecodes.c:3263:26
    #12 0x614b54c1fe73 in _PyObject_VectorcallTstate /home/shamil/oss/cpython/3.12/./Include/internal/pycore_call.h:92:11
    #13 0x614b54c1c64d in method_vectorcall /home/shamil/oss/cpython/3.12/Objects/classobject.c:91:18
    #14 0x614b54c1409b in _PyVectorcall_Call /home/shamil/oss/cpython/3.12/Objects/call.c:271:16
    #15 0x614b5504f1c0 in _PyEval_EvalFrameDefault /home/shamil/oss/cpython/3.12/Python/bytecodes.c:3263:26
    #16 0x614b54c1120e in _PyObject_FastCallDictTstate /home/shamil/oss/cpython/3.12/Objects/call.c:133:15
    #17 0x614b54c1562d in _PyObject_Call_Prepend /home/shamil/oss/cpython/3.12/Objects/call.c:508:24
    #18 0x614b54e18488 in slot_tp_call /home/shamil/oss/cpython/3.12/Objects/typeobject.c:8791:15
    #19 0x614b54c11754 in _PyObject_MakeTpCall /home/shamil/oss/cpython/3.12/Objects/call.c:240:18
    #20 0x614b5506300d in _PyEval_EvalFrameDefault /home/shamil/oss/cpython/3.12/Python/bytecodes.c:2715:19
    #21 0x614b54c1fe73 in _PyObject_VectorcallTstate /home/shamil/oss/cpython/3.12/./Include/internal/pycore_call.h:92:11
    #22 0x614b54c1c64d in method_vectorcall /home/shamil/oss/cpython/3.12/Objects/classobject.c:91:18
    #23 0x614b54c1409b in _PyVectorcall_Call /home/shamil/oss/cpython/3.12/Objects/call.c:271:16
    #24 0x614b5504f1c0 in _PyEval_EvalFrameDefault /home/shamil/oss/cpython/3.12/Python/bytecodes.c:3263:26
    #25 0x614b54c1120e in _PyObject_FastCallDictTstate /home/shamil/oss/cpython/3.12/Objects/call.c:133:15
    #26 0x614b54c1562d in _PyObject_Call_Prepend /home/shamil/oss/cpython/3.12/Objects/call.c:508:24
    #27 0x614b54e18488 in slot_tp_call /home/shamil/oss/cpython/3.12/Objects/typeobject.c:8791:15
    #28 0x614b54c11754 in _PyObject_MakeTpCall /home/shamil/oss/cpython/3.12/Objects/call.c:240:18
    #29 0x614b5506300d in _PyEval_EvalFrameDefault /home/shamil/oss/cpython/3.12/Python/bytecodes.c:2715:19
    #30 0x614b54c1fe73 in _PyObject_VectorcallTstate /home/shamil/oss/cpython/3.12/./Include/internal/pycore_call.h:92:11

Direct leak of 172 byte(s) in 1 object(s) allocated from:
    #0 0x614b547f9168 in malloc (/home/shamil/oss/cpython/3.12/python+0x9b7168) (BuildId: 3c6e2e4ee04b612b7f0f4656e461576bf9299dc2)
    #1 0x614b54db1213 in _PyMem_DebugRawAlloc /home/shamil/oss/cpython/3.12/Objects/obmalloc.c:2096:24
    #2 0x614b54db0a47 in PyMem_RawMalloc /home/shamil/oss/cpython/3.12/Objects/obmalloc.c:662:12
    #3 0x614b54db0a47 in _PyMem_RawWcsdup /home/shamil/oss/cpython/3.12/Objects/obmalloc.c:751:21
    #4 0x614b551e6335 in PyConfig_SetString /home/shamil/oss/cpython/3.12/Python/initconfig.c:852:16
    #5 0x614b551e78ef in _PyConfig_Copy /home/shamil/oss/cpython/3.12/Python/initconfig.c:966:5
    #6 0x614b552495fb in new_interpreter /home/shamil/oss/cpython/3.12/Python/pylifecycle.c:2120:14
    #7 0x614b552491b5 in Py_NewInterpreterFromConfig /home/shamil/oss/cpython/3.12/Python/pylifecycle.c:2178:12
    #8 0x7039d852f51b in run_in_subinterp_with_config /home/shamil/oss/cpython/3.12/./Modules/_testcapimodule.c:1568:23
    #9 0x614b54d8ef7a in cfunction_call /home/shamil/oss/cpython/3.12/Objects/methodobject.c:537:18
    #10 0x614b54c145f4 in _PyObject_Call /home/shamil/oss/cpython/3.12/Objects/call.c:367:18
    #11 0x614b5504f1c0 in _PyEval_EvalFrameDefault /home/shamil/oss/cpython/3.12/Python/bytecodes.c:3263:26
    #12 0x614b54c1fe73 in _PyObject_VectorcallTstate /home/shamil/oss/cpython/3.12/./Include/internal/pycore_call.h:92:11
    #13 0x614b54c1c64d in method_vectorcall /home/shamil/oss/cpython/3.12/Objects/classobject.c:91:18
    #14 0x614b54c1409b in _PyVectorcall_Call /home/shamil/oss/cpython/3.12/Objects/call.c:271:16
    #15 0x614b5504f1c0 in _PyEval_EvalFrameDefault /home/shamil/oss/cpython/3.12/Python/bytecodes.c:3263:26
    #16 0x614b54c1120e in _PyObject_FastCallDictTstate /home/shamil/oss/cpython/3.12/Objects/call.c:133:15
    #17 0x614b54c1562d in _PyObject_Call_Prepend /home/shamil/oss/cpython/3.12/Objects/call.c:508:24
    #18 0x614b54e18488 in slot_tp_call /home/shamil/oss/cpython/3.12/Objects/typeobject.c:8791:15
    #19 0x614b54c11754 in _PyObject_MakeTpCall /home/shamil/oss/cpython/3.12/Objects/call.c:240:18
    #20 0x614b5506300d in _PyEval_EvalFrameDefault /home/shamil/oss/cpython/3.12/Python/bytecodes.c:2715:19
    #21 0x614b54c1fe73 in _PyObject_VectorcallTstate /home/shamil/oss/cpython/3.12/./Include/internal/pycore_call.h:92:11
    #22 0x614b54c1c64d in method_vectorcall /home/shamil/oss/cpython/3.12/Objects/classobject.c:91:18
    #23 0x614b54c1409b in _PyVectorcall_Call /home/shamil/oss/cpython/3.12/Objects/call.c:271:16
    #24 0x614b5504f1c0 in _PyEval_EvalFrameDefault /home/shamil/oss/cpython/3.12/Python/bytecodes.c:3263:26
    #25 0x614b54c1120e in _PyObject_FastCallDictTstate /home/shamil/oss/cpython/3.12/Objects/call.c:133:15
    #26 0x614b54c1562d in _PyObject_Call_Prepend /home/shamil/oss/cpython/3.12/Objects/call.c:508:24
    #27 0x614b54e18488 in slot_tp_call /home/shamil/oss/cpython/3.12/Objects/typeobject.c:8791:15
    #28 0x614b54c11754 in _PyObject_MakeTpCall /home/shamil/oss/cpython/3.12/Objects/call.c:240:18
    #29 0x614b5506300d in _PyEval_EvalFrameDefault /home/shamil/oss/cpython/3.12/Python/bytecodes.c:2715:19
    #30 0x614b54c1fe73 in _PyObject_VectorcallTstate /home/shamil/oss/cpython/3.12/./Include/internal/pycore_call.h:92:11

Direct leak of 160 byte(s) in 1 object(s) allocated from:
    #0 0x614b547f9168 in malloc (/home/shamil/oss/cpython/3.12/python+0x9b7168) (BuildId: 3c6e2e4ee04b612b7f0f4656e461576bf9299dc2)
    #1 0x614b54db1213 in _PyMem_DebugRawAlloc /home/shamil/oss/cpython/3.12/Objects/obmalloc.c:2096:24
    #2 0x614b54db0a47 in PyMem_RawMalloc /home/shamil/oss/cpython/3.12/Objects/obmalloc.c:662:12
    #3 0x614b54db0a47 in _PyMem_RawWcsdup /home/shamil/oss/cpython/3.12/Objects/obmalloc.c:751:21
    #4 0x614b551e6335 in PyConfig_SetString /home/shamil/oss/cpython/3.12/Python/initconfig.c:852:16
    #5 0x614b551e7477 in _PyConfig_Copy /home/shamil/oss/cpython/3.12/Python/initconfig.c:963:5
    #6 0x614b552495fb in new_interpreter /home/shamil/oss/cpython/3.12/Python/pylifecycle.c:2120:14
    #7 0x614b552491b5 in Py_NewInterpreterFromConfig /home/shamil/oss/cpython/3.12/Python/pylifecycle.c:2178:12
    #8 0x7039d852f51b in run_in_subinterp_with_config /home/shamil/oss/cpython/3.12/./Modules/_testcapimodule.c:1568:23
    #9 0x614b54d8ef7a in cfunction_call /home/shamil/oss/cpython/3.12/Objects/methodobject.c:537:18
    #10 0x614b54c145f4 in _PyObject_Call /home/shamil/oss/cpython/3.12/Objects/call.c:367:18
    #11 0x614b5504f1c0 in _PyEval_EvalFrameDefault /home/shamil/oss/cpython/3.12/Python/bytecodes.c:3263:26
    #12 0x614b54c1fe73 in _PyObject_VectorcallTstate /home/shamil/oss/cpython/3.12/./Include/internal/pycore_call.h:92:11
    #13 0x614b54c1c64d in method_vectorcall /home/shamil/oss/cpython/3.12/Objects/classobject.c:91:18
    #14 0x614b54c1409b in _PyVectorcall_Call /home/shamil/oss/cpython/3.12/Objects/call.c:271:16
    #15 0x614b5504f1c0 in _PyEval_EvalFrameDefault /home/shamil/oss/cpython/3.12/Python/bytecodes.c:3263:26
    #16 0x614b54c1120e in _PyObject_FastCallDictTstate /home/shamil/oss/cpython/3.12/Objects/call.c:133:15
    #17 0x614b54c1562d in _PyObject_Call_Prepend /home/shamil/oss/cpython/3.12/Objects/call.c:508:24
    #18 0x614b54e18488 in slot_tp_call /home/shamil/oss/cpython/3.12/Objects/typeobject.c:8791:15
    #19 0x614b54c11754 in _PyObject_MakeTpCall /home/shamil/oss/cpython/3.12/Objects/call.c:240:18
    #20 0x614b5506300d in _PyEval_EvalFrameDefault /home/shamil/oss/cpython/3.12/Python/bytecodes.c:2715:19
    #21 0x614b54c1fe73 in _PyObject_VectorcallTstate /home/shamil/oss/cpython/3.12/./Include/internal/pycore_call.h:92:11
    #22 0x614b54c1c64d in method_vectorcall /home/shamil/oss/cpython/3.12/Objects/classobject.c:91:18
    #23 0x614b54c1409b in _PyVectorcall_Call /home/shamil/oss/cpython/3.12/Objects/call.c:271:16
    #24 0x614b5504f1c0 in _PyEval_EvalFrameDefault /home/shamil/oss/cpython/3.12/Python/bytecodes.c:3263:26
    #25 0x614b54c1120e in _PyObject_FastCallDictTstate /home/shamil/oss/cpython/3.12/Objects/call.c:133:15
    #26 0x614b54c1562d in _PyObject_Call_Prepend /home/shamil/oss/cpython/3.12/Objects/call.c:508:24
    #27 0x614b54e18488 in slot_tp_call /home/shamil/oss/cpython/3.12/Objects/typeobject.c:8791:15
    #28 0x614b54c11754 in _PyObject_MakeTpCall /home/shamil/oss/cpython/3.12/Objects/call.c:240:18
    #29 0x614b5506300d in _PyEval_EvalFrameDefault /home/shamil/oss/cpython/3.12/Python/bytecodes.c:2715:19
    #30 0x614b54c1fe73 in _PyObject_VectorcallTstate /home/shamil/oss/cpython/3.12/./Include/internal/pycore_call.h:92:11

Direct leak of 120 byte(s) in 1 object(s) allocated from:
    #0 0x614b547f9168 in malloc (/home/shamil/oss/cpython/3.12/python+0x9b7168) (BuildId: 3c6e2e4ee04b612b7f0f4656e461576bf9299dc2)
    #1 0x614b54db1213 in _PyMem_DebugRawAlloc /home/shamil/oss/cpython/3.12/Objects/obmalloc.c:2096:24
    #2 0x614b54db0a47 in PyMem_RawMalloc /home/shamil/oss/cpython/3.12/Objects/obmalloc.c:662:12
    #3 0x614b54db0a47 in _PyMem_RawWcsdup /home/shamil/oss/cpython/3.12/Objects/obmalloc.c:751:21
    #4 0x614b551e6335 in PyConfig_SetString /home/shamil/oss/cpython/3.12/Python/initconfig.c:852:16
    #5 0x614b551e8f9a in _PyConfig_Copy /home/shamil/oss/cpython/3.12/Python/initconfig.c:995:5
    #6 0x614b552495fb in new_interpreter /home/shamil/oss/cpython/3.12/Python/pylifecycle.c:2120:14
    #7 0x614b552491b5 in Py_NewInterpreterFromConfig /home/shamil/oss/cpython/3.12/Python/pylifecycle.c:2178:12
    #8 0x7039d852f51b in run_in_subinterp_with_config /home/shamil/oss/cpython/3.12/./Modules/_testcapimodule.c:1568:23
    #9 0x614b54d8ef7a in cfunction_call /home/shamil/oss/cpython/3.12/Objects/methodobject.c:537:18
    #10 0x614b54c145f4 in _PyObject_Call /home/shamil/oss/cpython/3.12/Objects/call.c:367:18
    #11 0x614b5504f1c0 in _PyEval_EvalFrameDefault /home/shamil/oss/cpython/3.12/Python/bytecodes.c:3263:26
    #12 0x614b54c1fe73 in _PyObject_VectorcallTstate /home/shamil/oss/cpython/3.12/./Include/internal/pycore_call.h:92:11
    #13 0x614b54c1c64d in method_vectorcall /home/shamil/oss/cpython/3.12/Objects/classobject.c:91:18
    #14 0x614b54c1409b in _PyVectorcall_Call /home/shamil/oss/cpython/3.12/Objects/call.c:271:16
    #15 0x614b5504f1c0 in _PyEval_EvalFrameDefault /home/shamil/oss/cpython/3.12/Python/bytecodes.c:3263:26
    #16 0x614b54c1120e in _PyObject_FastCallDictTstate /home/shamil/oss/cpython/3.12/Objects/call.c:133:15
    #17 0x614b54c1562d in _PyObject_Call_Prepend /home/shamil/oss/cpython/3.12/Objects/call.c:508:24
    #18 0x614b54e18488 in slot_tp_call /home/shamil/oss/cpython/3.12/Objects/typeobject.c:8791:15
    #19 0x614b54c11754 in _PyObject_MakeTpCall /home/shamil/oss/cpython/3.12/Objects/call.c:240:18
    #20 0x614b5506300d in _PyEval_EvalFrameDefault /home/shamil/oss/cpython/3.12/Python/bytecodes.c:2715:19
    #21 0x614b54c1fe73 in _PyObject_VectorcallTstate /home/shamil/oss/cpython/3.12/./Include/internal/pycore_call.h:92:11
    #22 0x614b54c1c64d in method_vectorcall /home/shamil/oss/cpython/3.12/Objects/classobject.c:91:18
    #23 0x614b54c1409b in _PyVectorcall_Call /home/shamil/oss/cpython/3.12/Objects/call.c:271:16
    #24 0x614b5504f1c0 in _PyEval_EvalFrameDefault /home/shamil/oss/cpython/3.12/Python/bytecodes.c:3263:26
    #25 0x614b54c1120e in _PyObject_FastCallDictTstate /home/shamil/oss/cpython/3.12/Objects/call.c:133:15
    #26 0x614b54c1562d in _PyObject_Call_Prepend /home/shamil/oss/cpython/3.12/Objects/call.c:508:24
    #27 0x614b54e18488 in slot_tp_call /home/shamil/oss/cpython/3.12/Objects/typeobject.c:8791:15
    #28 0x614b54c11754 in _PyObject_MakeTpCall /home/shamil/oss/cpython/3.12/Objects/call.c:240:18
    #29 0x614b5506300d in _PyEval_EvalFrameDefault /home/shamil/oss/cpython/3.12/Python/bytecodes.c:2715:19
    #30 0x614b54c1fe73 in _PyObject_VectorcallTstate /home/shamil/oss/cpython/3.12/./Include/internal/pycore_call.h:92:11

Direct leak of 96 byte(s) in 1 object(s) allocated from:
    #0 0x614b547f9168 in malloc (/home/shamil/oss/cpython/3.12/python+0x9b7168) (BuildId: 3c6e2e4ee04b612b7f0f4656e461576bf9299dc2)
    #1 0x614b54db1213 in _PyMem_DebugRawAlloc /home/shamil/oss/cpython/3.12/Objects/obmalloc.c:2096:24
    #2 0x614b551e177f in _PyWideStringList_Copy /home/shamil/oss/cpython/3.12/Python/initconfig.c:377:18
    #3 0x614b551e959b in _PyConfig_Copy /home/shamil/oss/cpython/3.12/Python/initconfig.c:1002:5
    #4 0x614b552495fb in new_interpreter /home/shamil/oss/cpython/3.12/Python/pylifecycle.c:2120:14
    #5 0x614b552491b5 in Py_NewInterpreterFromConfig /home/shamil/oss/cpython/3.12/Python/pylifecycle.c:2178:12
    #6 0x7039d852f51b in run_in_subinterp_with_config /home/shamil/oss/cpython/3.12/./Modules/_testcapimodule.c:1568:23
    #7 0x614b54d8ef7a in cfunction_call /home/shamil/oss/cpython/3.12/Objects/methodobject.c:537:18
    #8 0x614b54c145f4 in _PyObject_Call /home/shamil/oss/cpython/3.12/Objects/call.c:367:18
    #9 0x614b5504f1c0 in _PyEval_EvalFrameDefault /home/shamil/oss/cpython/3.12/Python/bytecodes.c:3263:26
    #10 0x614b54c1fe73 in _PyObject_VectorcallTstate /home/shamil/oss/cpython/3.12/./Include/internal/pycore_call.h:92:11
    #11 0x614b54c1c64d in method_vectorcall /home/shamil/oss/cpython/3.12/Objects/classobject.c:91:18
    #12 0x614b54c1409b in _PyVectorcall_Call /home/shamil/oss/cpython/3.12/Objects/call.c:271:16
    #13 0x614b5504f1c0 in _PyEval_EvalFrameDefault /home/shamil/oss/cpython/3.12/Python/bytecodes.c:3263:26
    #14 0x614b54c1120e in _PyObject_FastCallDictTstate /home/shamil/oss/cpython/3.12/Objects/call.c:133:15
    #15 0x614b54c1562d in _PyObject_Call_Prepend /home/shamil/oss/cpython/3.12/Objects/call.c:508:24
    #16 0x614b54e18488 in slot_tp_call /home/shamil/oss/cpython/3.12/Objects/typeobject.c:8791:15
    #17 0x614b54c11754 in _PyObject_MakeTpCall /home/shamil/oss/cpython/3.12/Objects/call.c:240:18
    #18 0x614b5506300d in _PyEval_EvalFrameDefault /home/shamil/oss/cpython/3.12/Python/bytecodes.c:2715:19
    #19 0x614b54c1fe73 in _PyObject_VectorcallTstate /home/shamil/oss/cpython/3.12/./Include/internal/pycore_call.h:92:11
    #20 0x614b54c1c64d in method_vectorcall /home/shamil/oss/cpython/3.12/Objects/classobject.c:91:18
    #21 0x614b54c1409b in _PyVectorcall_Call /home/shamil/oss/cpython/3.12/Objects/call.c:271:16
    #22 0x614b5504f1c0 in _PyEval_EvalFrameDefault /home/shamil/oss/cpython/3.12/Python/bytecodes.c:3263:26
    #23 0x614b54c1120e in _PyObject_FastCallDictTstate /home/shamil/oss/cpython/3.12/Objects/call.c:133:15
    #24 0x614b54c1562d in _PyObject_Call_Prepend /home/shamil/oss/cpython/3.12/Objects/call.c:508:24
    #25 0x614b54e18488 in slot_tp_call /home/shamil/oss/cpython/3.12/Objects/typeobject.c:8791:15
    #26 0x614b54c11754 in _PyObject_MakeTpCall /home/shamil/oss/cpython/3.12/Objects/call.c:240:18
    #27 0x614b5506300d in _PyEval_EvalFrameDefault /home/shamil/oss/cpython/3.12/Python/bytecodes.c:2715:19
    #28 0x614b54c1fe73 in _PyObject_VectorcallTstate /home/shamil/oss/cpython/3.12/./Include/internal/pycore_call.h:92:11
    #29 0x614b54c1c64d in method_vectorcall /home/shamil/oss/cpython/3.12/Objects/classobject.c:91:18

Direct leak of 88 byte(s) in 1 object(s) allocated from:
    #0 0x614b547f9168 in malloc (/home/shamil/oss/cpython/3.12/python+0x9b7168) (BuildId: 3c6e2e4ee04b612b7f0f4656e461576bf9299dc2)
    #1 0x614b54db1213 in _PyMem_DebugRawAlloc /home/shamil/oss/cpython/3.12/Objects/obmalloc.c:2096:24
    #2 0x614b54db0a47 in PyMem_RawMalloc /home/shamil/oss/cpython/3.12/Objects/obmalloc.c:662:12
    #3 0x614b54db0a47 in _PyMem_RawWcsdup /home/shamil/oss/cpython/3.12/Objects/obmalloc.c:751:21
    #4 0x614b551e6335 in PyConfig_SetString /home/shamil/oss/cpython/3.12/Python/initconfig.c:852:16
    #5 0x614b551e8b02 in _PyConfig_Copy /home/shamil/oss/cpython/3.12/Python/initconfig.c:987:5
    #6 0x614b552495fb in new_interpreter /home/shamil/oss/cpython/3.12/Python/pylifecycle.c:2120:14
    #7 0x614b552491b5 in Py_NewInterpreterFromConfig /home/shamil/oss/cpython/3.12/Python/pylifecycle.c:2178:12
    #8 0x7039d852f51b in run_in_subinterp_with_config /home/shamil/oss/cpython/3.12/./Modules/_testcapimodule.c:1568:23
    #9 0x614b54d8ef7a in cfunction_call /home/shamil/oss/cpython/3.12/Objects/methodobject.c:537:18
    #10 0x614b54c145f4 in _PyObject_Call /home/shamil/oss/cpython/3.12/Objects/call.c:367:18
    #11 0x614b5504f1c0 in _PyEval_EvalFrameDefault /home/shamil/oss/cpython/3.12/Python/bytecodes.c:3263:26
    #12 0x614b54c1fe73 in _PyObject_VectorcallTstate /home/shamil/oss/cpython/3.12/./Include/internal/pycore_call.h:92:11
    #13 0x614b54c1c64d in method_vectorcall /home/shamil/oss/cpython/3.12/Objects/classobject.c:91:18
    #14 0x614b54c1409b in _PyVectorcall_Call /home/shamil/oss/cpython/3.12/Objects/call.c:271:16
    #15 0x614b5504f1c0 in _PyEval_EvalFrameDefault /home/shamil/oss/cpython/3.12/Python/bytecodes.c:3263:26
    #16 0x614b54c1120e in _PyObject_FastCallDictTstate /home/shamil/oss/cpython/3.12/Objects/call.c:133:15
    #17 0x614b54c1562d in _PyObject_Call_Prepend /home/shamil/oss/cpython/3.12/Objects/call.c:508:24
    #18 0x614b54e18488 in slot_tp_call /home/shamil/oss/cpython/3.12/Objects/typeobject.c:8791:15
    #19 0x614b54c11754 in _PyObject_MakeTpCall /home/shamil/oss/cpython/3.12/Objects/call.c:240:18
    #20 0x614b5506300d in _PyEval_EvalFrameDefault /home/shamil/oss/cpython/3.12/Python/bytecodes.c:2715:19
    #21 0x614b54c1fe73 in _PyObject_VectorcallTstate /home/shamil/oss/cpython/3.12/./Include/internal/pycore_call.h:92:11
    #22 0x614b54c1c64d in method_vectorcall /home/shamil/oss/cpython/3.12/Objects/classobject.c:91:18
    #23 0x614b54c1409b in _PyVectorcall_Call /home/shamil/oss/cpython/3.12/Objects/call.c:271:16
    #24 0x614b5504f1c0 in _PyEval_EvalFrameDefault /home/shamil/oss/cpython/3.12/Python/bytecodes.c:3263:26
    #25 0x614b54c1120e in _PyObject_FastCallDictTstate /home/shamil/oss/cpython/3.12/Objects/call.c:133:15
    #26 0x614b54c1562d in _PyObject_Call_Prepend /home/shamil/oss/cpython/3.12/Objects/call.c:508:24
    #27 0x614b54e18488 in slot_tp_call /home/shamil/oss/cpython/3.12/Objects/typeobject.c:8791:15
    #28 0x614b54c11754 in _PyObject_MakeTpCall /home/shamil/oss/cpython/3.12/Objects/call.c:240:18
    #29 0x614b5506300d in _PyEval_EvalFrameDefault /home/shamil/oss/cpython/3.12/Python/bytecodes.c:2715:19
    #30 0x614b54c1fe73 in _PyObject_VectorcallTstate /home/shamil/oss/cpython/3.12/./Include/internal/pycore_call.h:92:11

Direct leak of 68 byte(s) in 1 object(s) allocated from:
    #0 0x614b547f9168 in malloc (/home/shamil/oss/cpython/3.12/python+0x9b7168) (BuildId: 3c6e2e4ee04b612b7f0f4656e461576bf9299dc2)
    #1 0x614b54db1213 in _PyMem_DebugRawAlloc /home/shamil/oss/cpython/3.12/Objects/obmalloc.c:2096:24
    #2 0x614b54db0a47 in PyMem_RawMalloc /home/shamil/oss/cpython/3.12/Objects/obmalloc.c:662:12
    #3 0x614b54db0a47 in _PyMem_RawWcsdup /home/shamil/oss/cpython/3.12/Objects/obmalloc.c:751:21
    #4 0x614b551e6335 in PyConfig_SetString /home/shamil/oss/cpython/3.12/Python/initconfig.c:852:16
    #5 0x614b551e7b53 in _PyConfig_Copy /home/shamil/oss/cpython/3.12/Python/initconfig.c:970:5
    #6 0x614b552495fb in new_interpreter /home/shamil/oss/cpython/3.12/Python/pylifecycle.c:2120:14
    #7 0x614b552491b5 in Py_NewInterpreterFromConfig /home/shamil/oss/cpython/3.12/Python/pylifecycle.c:2178:12
    #8 0x7039d852f51b in run_in_subinterp_with_config /home/shamil/oss/cpython/3.12/./Modules/_testcapimodule.c:1568:23
    #9 0x614b54d8ef7a in cfunction_call /home/shamil/oss/cpython/3.12/Objects/methodobject.c:537:18
    #10 0x614b54c145f4 in _PyObject_Call /home/shamil/oss/cpython/3.12/Objects/call.c:367:18
    #11 0x614b5504f1c0 in _PyEval_EvalFrameDefault /home/shamil/oss/cpython/3.12/Python/bytecodes.c:3263:26
    #12 0x614b54c1fe73 in _PyObject_VectorcallTstate /home/shamil/oss/cpython/3.12/./Include/internal/pycore_call.h:92:11
    #13 0x614b54c1c64d in method_vectorcall /home/shamil/oss/cpython/3.12/Objects/classobject.c:91:18
    #14 0x614b54c1409b in _PyVectorcall_Call /home/shamil/oss/cpython/3.12/Objects/call.c:271:16
    #15 0x614b5504f1c0 in _PyEval_EvalFrameDefault /home/shamil/oss/cpython/3.12/Python/bytecodes.c:3263:26
    #16 0x614b54c1120e in _PyObject_FastCallDictTstate /home/shamil/oss/cpython/3.12/Objects/call.c:133:15
    #17 0x614b54c1562d in _PyObject_Call_Prepend /home/shamil/oss/cpython/3.12/Objects/call.c:508:24
    #18 0x614b54e18488 in slot_tp_call /home/shamil/oss/cpython/3.12/Objects/typeobject.c:8791:15
    #19 0x614b54c11754 in _PyObject_MakeTpCall /home/shamil/oss/cpython/3.12/Objects/call.c:240:18
    #20 0x614b5506300d in _PyEval_EvalFrameDefault /home/shamil/oss/cpython/3.12/Python/bytecodes.c:2715:19
    #21 0x614b54c1fe73 in _PyObject_VectorcallTstate /home/shamil/oss/cpython/3.12/./Include/internal/pycore_call.h:92:11
    #22 0x614b54c1c64d in method_vectorcall /home/shamil/oss/cpython/3.12/Objects/classobject.c:91:18
    #23 0x614b54c1409b in _PyVectorcall_Call /home/shamil/oss/cpython/3.12/Objects/call.c:271:16
    #24 0x614b5504f1c0 in _PyEval_EvalFrameDefault /home/shamil/oss/cpython/3.12/Python/bytecodes.c:3263:26
    #25 0x614b54c1120e in _PyObject_FastCallDictTstate /home/shamil/oss/cpython/3.12/Objects/call.c:133:15
    #26 0x614b54c1562d in _PyObject_Call_Prepend /home/shamil/oss/cpython/3.12/Objects/call.c:508:24
    #27 0x614b54e18488 in slot_tp_call /home/shamil/oss/cpython/3.12/Objects/typeobject.c:8791:15
    #28 0x614b54c11754 in _PyObject_MakeTpCall /home/shamil/oss/cpython/3.12/Objects/call.c:240:18
    #29 0x614b5506300d in _PyEval_EvalFrameDefault /home/shamil/oss/cpython/3.12/Python/bytecodes.c:2715:19
    #30 0x614b54c1fe73 in _PyObject_VectorcallTstate /home/shamil/oss/cpython/3.12/./Include/internal/pycore_call.h:92:11

Direct leak of 68 byte(s) in 1 object(s) allocated from:
    #0 0x614b547f9168 in malloc (/home/shamil/oss/cpython/3.12/python+0x9b7168) (BuildId: 3c6e2e4ee04b612b7f0f4656e461576bf9299dc2)
    #1 0x614b54db1213 in _PyMem_DebugRawAlloc /home/shamil/oss/cpython/3.12/Objects/obmalloc.c:2096:24
    #2 0x614b54db0a47 in PyMem_RawMalloc /home/shamil/oss/cpython/3.12/Objects/obmalloc.c:662:12
    #3 0x614b54db0a47 in _PyMem_RawWcsdup /home/shamil/oss/cpython/3.12/Objects/obmalloc.c:751:21
    #4 0x614b551e6335 in PyConfig_SetString /home/shamil/oss/cpython/3.12/Python/initconfig.c:852:16
    #5 0x614b551e7aba in _PyConfig_Copy /home/shamil/oss/cpython/3.12/Python/initconfig.c:969:5
    #6 0x614b552495fb in new_interpreter /home/shamil/oss/cpython/3.12/Python/pylifecycle.c:2120:14
    #7 0x614b552491b5 in Py_NewInterpreterFromConfig /home/shamil/oss/cpython/3.12/Python/pylifecycle.c:2178:12
    #8 0x7039d852f51b in run_in_subinterp_with_config /home/shamil/oss/cpython/3.12/./Modules/_testcapimodule.c:1568:23
    #9 0x614b54d8ef7a in cfunction_call /home/shamil/oss/cpython/3.12/Objects/methodobject.c:537:18
    #10 0x614b54c145f4 in _PyObject_Call /home/shamil/oss/cpython/3.12/Objects/call.c:367:18
    #11 0x614b5504f1c0 in _PyEval_EvalFrameDefault /home/shamil/oss/cpython/3.12/Python/bytecodes.c:3263:26
    #12 0x614b54c1fe73 in _PyObject_VectorcallTstate /home/shamil/oss/cpython/3.12/./Include/internal/pycore_call.h:92:11
    #13 0x614b54c1c64d in method_vectorcall /home/shamil/oss/cpython/3.12/Objects/classobject.c:91:18
    #14 0x614b54c1409b in _PyVectorcall_Call /home/shamil/oss/cpython/3.12/Objects/call.c:271:16
    #15 0x614b5504f1c0 in _PyEval_EvalFrameDefault /home/shamil/oss/cpython/3.12/Python/bytecodes.c:3263:26
    #16 0x614b54c1120e in _PyObject_FastCallDictTstate /home/shamil/oss/cpython/3.12/Objects/call.c:133:15
    #17 0x614b54c1562d in _PyObject_Call_Prepend /home/shamil/oss/cpython/3.12/Objects/call.c:508:24
    #18 0x614b54e18488 in slot_tp_call /home/shamil/oss/cpython/3.12/Objects/typeobject.c:8791:15
    #19 0x614b54c11754 in _PyObject_MakeTpCall /home/shamil/oss/cpython/3.12/Objects/call.c:240:18
    #20 0x614b5506300d in _PyEval_EvalFrameDefault /home/shamil/oss/cpython/3.12/Python/bytecodes.c:2715:19
    #21 0x614b54c1fe73 in _PyObject_VectorcallTstate /home/shamil/oss/cpython/3.12/./Include/internal/pycore_call.h:92:11
    #22 0x614b54c1c64d in method_vectorcall /home/shamil/oss/cpython/3.12/Objects/classobject.c:91:18
    #23 0x614b54c1409b in _PyVectorcall_Call /home/shamil/oss/cpython/3.12/Objects/call.c:271:16
    #24 0x614b5504f1c0 in _PyEval_EvalFrameDefault /home/shamil/oss/cpython/3.12/Python/bytecodes.c:3263:26
    #25 0x614b54c1120e in _PyObject_FastCallDictTstate /home/shamil/oss/cpython/3.12/Objects/call.c:133:15
    #26 0x614b54c1562d in _PyObject_Call_Prepend /home/shamil/oss/cpython/3.12/Objects/call.c:508:24
    #27 0x614b54e18488 in slot_tp_call /home/shamil/oss/cpython/3.12/Objects/typeobject.c:8791:15
    #28 0x614b54c11754 in _PyObject_MakeTpCall /home/shamil/oss/cpython/3.12/Objects/call.c:240:18
    #29 0x614b5506300d in _PyEval_EvalFrameDefault /home/shamil/oss/cpython/3.12/Python/bytecodes.c:2715:19
    #30 0x614b54c1fe73 in _PyObject_VectorcallTstate /home/shamil/oss/cpython/3.12/./Include/internal/pycore_call.h:92:11

Direct leak of 68 byte(s) in 1 object(s) allocated from:
    #0 0x614b547f9168 in malloc (/home/shamil/oss/cpython/3.12/python+0x9b7168) (BuildId: 3c6e2e4ee04b612b7f0f4656e461576bf9299dc2)
    #1 0x614b54db1213 in _PyMem_DebugRawAlloc /home/shamil/oss/cpython/3.12/Objects/obmalloc.c:2096:24
    #2 0x614b54db0a47 in PyMem_RawMalloc /home/shamil/oss/cpython/3.12/Objects/obmalloc.c:662:12
    #3 0x614b54db0a47 in _PyMem_RawWcsdup /home/shamil/oss/cpython/3.12/Objects/obmalloc.c:751:21
    #4 0x614b551e6335 in PyConfig_SetString /home/shamil/oss/cpython/3.12/Python/initconfig.c:852:16
    #5 0x614b551e7a21 in _PyConfig_Copy /home/shamil/oss/cpython/3.12/Python/initconfig.c:968:5
    #6 0x614b552495fb in new_interpreter /home/shamil/oss/cpython/3.12/Python/pylifecycle.c:2120:14
    #7 0x614b552491b5 in Py_NewInterpreterFromConfig /home/shamil/oss/cpython/3.12/Python/pylifecycle.c:2178:12
    #8 0x7039d852f51b in run_in_subinterp_with_config /home/shamil/oss/cpython/3.12/./Modules/_testcapimodule.c:1568:23
    #9 0x614b54d8ef7a in cfunction_call /home/shamil/oss/cpython/3.12/Objects/methodobject.c:537:18
    #10 0x614b54c145f4 in _PyObject_Call /home/shamil/oss/cpython/3.12/Objects/call.c:367:18
    #11 0x614b5504f1c0 in _PyEval_EvalFrameDefault /home/shamil/oss/cpython/3.12/Python/bytecodes.c:3263:26
    #12 0x614b54c1fe73 in _PyObject_VectorcallTstate /home/shamil/oss/cpython/3.12/./Include/internal/pycore_call.h:92:11
    #13 0x614b54c1c64d in method_vectorcall /home/shamil/oss/cpython/3.12/Objects/classobject.c:91:18
    #14 0x614b54c1409b in _PyVectorcall_Call /home/shamil/oss/cpython/3.12/Objects/call.c:271:16
    #15 0x614b5504f1c0 in _PyEval_EvalFrameDefault /home/shamil/oss/cpython/3.12/Python/bytecodes.c:3263:26
    #16 0x614b54c1120e in _PyObject_FastCallDictTstate /home/shamil/oss/cpython/3.12/Objects/call.c:133:15
    #17 0x614b54c1562d in _PyObject_Call_Prepend /home/shamil/oss/cpython/3.12/Objects/call.c:508:24
    #18 0x614b54e18488 in slot_tp_call /home/shamil/oss/cpython/3.12/Objects/typeobject.c:8791:15
    #19 0x614b54c11754 in _PyObject_MakeTpCall /home/shamil/oss/cpython/3.12/Objects/call.c:240:18
    #20 0x614b5506300d in _PyEval_EvalFrameDefault /home/shamil/oss/cpython/3.12/Python/bytecodes.c:2715:19
    #21 0x614b54c1fe73 in _PyObject_VectorcallTstate /home/shamil/oss/cpython/3.12/./Include/internal/pycore_call.h:92:11
    #22 0x614b54c1c64d in method_vectorcall /home/shamil/oss/cpython/3.12/Objects/classobject.c:91:18
    #23 0x614b54c1409b in _PyVectorcall_Call /home/shamil/oss/cpython/3.12/Objects/call.c:271:16
    #24 0x614b5504f1c0 in _PyEval_EvalFrameDefault /home/shamil/oss/cpython/3.12/Python/bytecodes.c:3263:26
    #25 0x614b54c1120e in _PyObject_FastCallDictTstate /home/shamil/oss/cpython/3.12/Objects/call.c:133:15
    #26 0x614b54c1562d in _PyObject_Call_Prepend /home/shamil/oss/cpython/3.12/Objects/call.c:508:24
    #27 0x614b54e18488 in slot_tp_call /home/shamil/oss/cpython/3.12/Objects/typeobject.c:8791:15
    #28 0x614b54c11754 in _PyObject_MakeTpCall /home/shamil/oss/cpython/3.12/Objects/call.c:240:18
    #29 0x614b5506300d in _PyEval_EvalFrameDefault /home/shamil/oss/cpython/3.12/Python/bytecodes.c:2715:19
    #30 0x614b54c1fe73 in _PyObject_VectorcallTstate /home/shamil/oss/cpython/3.12/./Include/internal/pycore_call.h:92:11

Direct leak of 68 byte(s) in 1 object(s) allocated from:
    #0 0x614b547f9168 in malloc (/home/shamil/oss/cpython/3.12/python+0x9b7168) (BuildId: 3c6e2e4ee04b612b7f0f4656e461576bf9299dc2)
    #1 0x614b54db1213 in _PyMem_DebugRawAlloc /home/shamil/oss/cpython/3.12/Objects/obmalloc.c:2096:24
    #2 0x614b54db0a47 in PyMem_RawMalloc /home/shamil/oss/cpython/3.12/Objects/obmalloc.c:662:12
    #3 0x614b54db0a47 in _PyMem_RawWcsdup /home/shamil/oss/cpython/3.12/Objects/obmalloc.c:751:21
    #4 0x614b551e6335 in PyConfig_SetString /home/shamil/oss/cpython/3.12/Python/initconfig.c:852:16
    #5 0x614b551e7988 in _PyConfig_Copy /home/shamil/oss/cpython/3.12/Python/initconfig.c:967:5
    #6 0x614b552495fb in new_interpreter /home/shamil/oss/cpython/3.12/Python/pylifecycle.c:2120:14
    #7 0x614b552491b5 in Py_NewInterpreterFromConfig /home/shamil/oss/cpython/3.12/Python/pylifecycle.c:2178:12
    #8 0x7039d852f51b in run_in_subinterp_with_config /home/shamil/oss/cpython/3.12/./Modules/_testcapimodule.c:1568:23
    #9 0x614b54d8ef7a in cfunction_call /home/shamil/oss/cpython/3.12/Objects/methodobject.c:537:18
    #10 0x614b54c145f4 in _PyObject_Call /home/shamil/oss/cpython/3.12/Objects/call.c:367:18
    #11 0x614b5504f1c0 in _PyEval_EvalFrameDefault /home/shamil/oss/cpython/3.12/Python/bytecodes.c:3263:26
    #12 0x614b54c1fe73 in _PyObject_VectorcallTstate /home/shamil/oss/cpython/3.12/./Include/internal/pycore_call.h:92:11
    #13 0x614b54c1c64d in method_vectorcall /home/shamil/oss/cpython/3.12/Objects/classobject.c:91:18
    #14 0x614b54c1409b in _PyVectorcall_Call /home/shamil/oss/cpython/3.12/Objects/call.c:271:16
    #15 0x614b5504f1c0 in _PyEval_EvalFrameDefault /home/shamil/oss/cpython/3.12/Python/bytecodes.c:3263:26
    #16 0x614b54c1120e in _PyObject_FastCallDictTstate /home/shamil/oss/cpython/3.12/Objects/call.c:133:15
    #17 0x614b54c1562d in _PyObject_Call_Prepend /home/shamil/oss/cpython/3.12/Objects/call.c:508:24
    #18 0x614b54e18488 in slot_tp_call /home/shamil/oss/cpython/3.12/Objects/typeobject.c:8791:15
    #19 0x614b54c11754 in _PyObject_MakeTpCall /home/shamil/oss/cpython/3.12/Objects/call.c:240:18
    #20 0x614b5506300d in _PyEval_EvalFrameDefault /home/shamil/oss/cpython/3.12/Python/bytecodes.c:2715:19
    #21 0x614b54c1fe73 in _PyObject_VectorcallTstate /home/shamil/oss/cpython/3.12/./Include/internal/pycore_call.h:92:11
    #22 0x614b54c1c64d in method_vectorcall /home/shamil/oss/cpython/3.12/Objects/classobject.c:91:18
    #23 0x614b54c1409b in _PyVectorcall_Call /home/shamil/oss/cpython/3.12/Objects/call.c:271:16
    #24 0x614b5504f1c0 in _PyEval_EvalFrameDefault /home/shamil/oss/cpython/3.12/Python/bytecodes.c:3263:26
    #25 0x614b54c1120e in _PyObject_FastCallDictTstate /home/shamil/oss/cpython/3.12/Objects/call.c:133:15
    #26 0x614b54c1562d in _PyObject_Call_Prepend /home/shamil/oss/cpython/3.12/Objects/call.c:508:24
    #27 0x614b54e18488 in slot_tp_call /home/shamil/oss/cpython/3.12/Objects/typeobject.c:8791:15
    #28 0x614b54c11754 in _PyObject_MakeTpCall /home/shamil/oss/cpython/3.12/Objects/call.c:240:18
    #29 0x614b5506300d in _PyEval_EvalFrameDefault /home/shamil/oss/cpython/3.12/Python/bytecodes.c:2715:19
    #30 0x614b54c1fe73 in _PyObject_VectorcallTstate /home/shamil/oss/cpython/3.12/./Include/internal/pycore_call.h:92:11

Direct leak of 56 byte(s) in 1 object(s) allocated from:
    #0 0x614b547f9168 in malloc (/home/shamil/oss/cpython/3.12/python+0x9b7168) (BuildId: 3c6e2e4ee04b612b7f0f4656e461576bf9299dc2)
    #1 0x614b54db1213 in _PyMem_DebugRawAlloc /home/shamil/oss/cpython/3.12/Objects/obmalloc.c:2096:24
    #2 0x614b54db0a47 in PyMem_RawMalloc /home/shamil/oss/cpython/3.12/Objects/obmalloc.c:662:12
    #3 0x614b54db0a47 in _PyMem_RawWcsdup /home/shamil/oss/cpython/3.12/Objects/obmalloc.c:751:21
    #4 0x614b551e6335 in PyConfig_SetString /home/shamil/oss/cpython/3.12/Python/initconfig.c:852:16
    #5 0x614b551e9316 in _PyConfig_Copy /home/shamil/oss/cpython/3.12/Python/initconfig.c:997:5
    #6 0x614b552495fb in new_interpreter /home/shamil/oss/cpython/3.12/Python/pylifecycle.c:2120:14
    #7 0x614b552491b5 in Py_NewInterpreterFromConfig /home/shamil/oss/cpython/3.12/Python/pylifecycle.c:2178:12
    #8 0x7039d852f51b in run_in_subinterp_with_config /home/shamil/oss/cpython/3.12/./Modules/_testcapimodule.c:1568:23
    #9 0x614b54d8ef7a in cfunction_call /home/shamil/oss/cpython/3.12/Objects/methodobject.c:537:18
    #10 0x614b54c145f4 in _PyObject_Call /home/shamil/oss/cpython/3.12/Objects/call.c:367:18
    #11 0x614b5504f1c0 in _PyEval_EvalFrameDefault /home/shamil/oss/cpython/3.12/Python/bytecodes.c:3263:26
    #12 0x614b54c1fe73 in _PyObject_VectorcallTstate /home/shamil/oss/cpython/3.12/./Include/internal/pycore_call.h:92:11
    #13 0x614b54c1c64d in method_vectorcall /home/shamil/oss/cpython/3.12/Objects/classobject.c:91:18
    #14 0x614b54c1409b in _PyVectorcall_Call /home/shamil/oss/cpython/3.12/Objects/call.c:271:16
    #15 0x614b5504f1c0 in _PyEval_EvalFrameDefault /home/shamil/oss/cpython/3.12/Python/bytecodes.c:3263:26
    #16 0x614b54c1120e in _PyObject_FastCallDictTstate /home/shamil/oss/cpython/3.12/Objects/call.c:133:15
    #17 0x614b54c1562d in _PyObject_Call_Prepend /home/shamil/oss/cpython/3.12/Objects/call.c:508:24
    #18 0x614b54e18488 in slot_tp_call /home/shamil/oss/cpython/3.12/Objects/typeobject.c:8791:15
    #19 0x614b54c11754 in _PyObject_MakeTpCall /home/shamil/oss/cpython/3.12/Objects/call.c:240:18
    #20 0x614b5506300d in _PyEval_EvalFrameDefault /home/shamil/oss/cpython/3.12/Python/bytecodes.c:2715:19
    #21 0x614b54c1fe73 in _PyObject_VectorcallTstate /home/shamil/oss/cpython/3.12/./Include/internal/pycore_call.h:92:11
    #22 0x614b54c1c64d in method_vectorcall /home/shamil/oss/cpython/3.12/Objects/classobject.c:91:18
    #23 0x614b54c1409b in _PyVectorcall_Call /home/shamil/oss/cpython/3.12/Objects/call.c:271:16
    #24 0x614b5504f1c0 in _PyEval_EvalFrameDefault /home/shamil/oss/cpython/3.12/Python/bytecodes.c:3263:26
    #25 0x614b54c1120e in _PyObject_FastCallDictTstate /home/shamil/oss/cpython/3.12/Objects/call.c:133:15
    #26 0x614b54c1562d in _PyObject_Call_Prepend /home/shamil/oss/cpython/3.12/Objects/call.c:508:24
    #27 0x614b54e18488 in slot_tp_call /home/shamil/oss/cpython/3.12/Objects/typeobject.c:8791:15
    #28 0x614b54c11754 in _PyObject_MakeTpCall /home/shamil/oss/cpython/3.12/Objects/call.c:240:18
    #29 0x614b5506300d in _PyEval_EvalFrameDefault /home/shamil/oss/cpython/3.12/Python/bytecodes.c:2715:19
    #30 0x614b54c1fe73 in _PyObject_VectorcallTstate /home/shamil/oss/cpython/3.12/./Include/internal/pycore_call.h:92:11

Direct leak of 52 byte(s) in 1 object(s) allocated from:
    #0 0x614b547f9168 in malloc (/home/shamil/oss/cpython/3.12/python+0x9b7168) (BuildId: 3c6e2e4ee04b612b7f0f4656e461576bf9299dc2)
    #1 0x614b54db1213 in _PyMem_DebugRawAlloc /home/shamil/oss/cpython/3.12/Objects/obmalloc.c:2096:24
    #2 0x614b54db0a47 in PyMem_RawMalloc /home/shamil/oss/cpython/3.12/Objects/obmalloc.c:662:12
    #3 0x614b54db0a47 in _PyMem_RawWcsdup /home/shamil/oss/cpython/3.12/Objects/obmalloc.c:751:21
    #4 0x614b551e6335 in PyConfig_SetString /home/shamil/oss/cpython/3.12/Python/initconfig.c:852:16
    #5 0x614b551e8cb6 in _PyConfig_Copy /home/shamil/oss/cpython/3.12/Python/initconfig.c:989:5
    #6 0x614b552495fb in new_interpreter /home/shamil/oss/cpython/3.12/Python/pylifecycle.c:2120:14
    #7 0x614b552491b5 in Py_NewInterpreterFromConfig /home/shamil/oss/cpython/3.12/Python/pylifecycle.c:2178:12
    #8 0x7039d852f51b in run_in_subinterp_with_config /home/shamil/oss/cpython/3.12/./Modules/_testcapimodule.c:1568:23
    #9 0x614b54d8ef7a in cfunction_call /home/shamil/oss/cpython/3.12/Objects/methodobject.c:537:18
    #10 0x614b54c145f4 in _PyObject_Call /home/shamil/oss/cpython/3.12/Objects/call.c:367:18
    #11 0x614b5504f1c0 in _PyEval_EvalFrameDefault /home/shamil/oss/cpython/3.12/Python/bytecodes.c:3263:26
    #12 0x614b54c1fe73 in _PyObject_VectorcallTstate /home/shamil/oss/cpython/3.12/./Include/internal/pycore_call.h:92:11
    #13 0x614b54c1c64d in method_vectorcall /home/shamil/oss/cpython/3.12/Objects/classobject.c:91:18
    #14 0x614b54c1409b in _PyVectorcall_Call /home/shamil/oss/cpython/3.12/Objects/call.c:271:16
    #15 0x614b5504f1c0 in _PyEval_EvalFrameDefault /home/shamil/oss/cpython/3.12/Python/bytecodes.c:3263:26
    #16 0x614b54c1120e in _PyObject_FastCallDictTstate /home/shamil/oss/cpython/3.12/Objects/call.c:133:15
    #17 0x614b54c1562d in _PyObject_Call_Prepend /home/shamil/oss/cpython/3.12/Objects/call.c:508:24
    #18 0x614b54e18488 in slot_tp_call /home/shamil/oss/cpython/3.12/Objects/typeobject.c:8791:15
    #19 0x614b54c11754 in _PyObject_MakeTpCall /home/shamil/oss/cpython/3.12/Objects/call.c:240:18
    #20 0x614b5506300d in _PyEval_EvalFrameDefault /home/shamil/oss/cpython/3.12/Python/bytecodes.c:2715:19
    #21 0x614b54c1fe73 in _PyObject_VectorcallTstate /home/shamil/oss/cpython/3.12/./Include/internal/pycore_call.h:92:11
    #22 0x614b54c1c64d in method_vectorcall /home/shamil/oss/cpython/3.12/Objects/classobject.c:91:18
    #23 0x614b54c1409b in _PyVectorcall_Call /home/shamil/oss/cpython/3.12/Objects/call.c:271:16
    #24 0x614b5504f1c0 in _PyEval_EvalFrameDefault /home/shamil/oss/cpython/3.12/Python/bytecodes.c:3263:26
    #25 0x614b54c1120e in _PyObject_FastCallDictTstate /home/shamil/oss/cpython/3.12/Objects/call.c:133:15
    #26 0x614b54c1562d in _PyObject_Call_Prepend /home/shamil/oss/cpython/3.12/Objects/call.c:508:24
    #27 0x614b54e18488 in slot_tp_call /home/shamil/oss/cpython/3.12/Objects/typeobject.c:8791:15
    #28 0x614b54c11754 in _PyObject_MakeTpCall /home/shamil/oss/cpython/3.12/Objects/call.c:240:18
    #29 0x614b5506300d in _PyEval_EvalFrameDefault /home/shamil/oss/cpython/3.12/Python/bytecodes.c:2715:19
    #30 0x614b54c1fe73 in _PyObject_VectorcallTstate /home/shamil/oss/cpython/3.12/./Include/internal/pycore_call.h:92:11

Direct leak of 48 byte(s) in 1 object(s) allocated from:
    #0 0x614b547f9168 in malloc (/home/shamil/oss/cpython/3.12/python+0x9b7168) (BuildId: 3c6e2e4ee04b612b7f0f4656e461576bf9299dc2)
    #1 0x614b54db1213 in _PyMem_DebugRawAlloc /home/shamil/oss/cpython/3.12/Objects/obmalloc.c:2096:24
    #2 0x614b551e177f in _PyWideStringList_Copy /home/shamil/oss/cpython/3.12/Python/initconfig.c:377:18
    #3 0x614b551e73b2 in _PyConfig_Copy /home/shamil/oss/cpython/3.12/Python/initconfig.c:961:5
    #4 0x614b552495fb in new_interpreter /home/shamil/oss/cpython/3.12/Python/pylifecycle.c:2120:14
    #5 0x614b552491b5 in Py_NewInterpreterFromConfig /home/shamil/oss/cpython/3.12/Python/pylifecycle.c:2178:12
    #6 0x7039d852f51b in run_in_subinterp_with_config /home/shamil/oss/cpython/3.12/./Modules/_testcapimodule.c:1568:23
    #7 0x614b54d8ef7a in cfunction_call /home/shamil/oss/cpython/3.12/Objects/methodobject.c:537:18
    #8 0x614b54c145f4 in _PyObject_Call /home/shamil/oss/cpython/3.12/Objects/call.c:367:18
    #9 0x614b5504f1c0 in _PyEval_EvalFrameDefault /home/shamil/oss/cpython/3.12/Python/bytecodes.c:3263:26
    #10 0x614b54c1fe73 in _PyObject_VectorcallTstate /home/shamil/oss/cpython/3.12/./Include/internal/pycore_call.h:92:11
    #11 0x614b54c1c64d in method_vectorcall /home/shamil/oss/cpython/3.12/Objects/classobject.c:91:18
    #12 0x614b54c1409b in _PyVectorcall_Call /home/shamil/oss/cpython/3.12/Objects/call.c:271:16
    #13 0x614b5504f1c0 in _PyEval_EvalFrameDefault /home/shamil/oss/cpython/3.12/Python/bytecodes.c:3263:26
    #14 0x614b54c1120e in _PyObject_FastCallDictTstate /home/shamil/oss/cpython/3.12/Objects/call.c:133:15
    #15 0x614b54c1562d in _PyObject_Call_Prepend /home/shamil/oss/cpython/3.12/Objects/call.c:508:24
    #16 0x614b54e18488 in slot_tp_call /home/shamil/oss/cpython/3.12/Objects/typeobject.c:8791:15
    #17 0x614b54c11754 in _PyObject_MakeTpCall /home/shamil/oss/cpython/3.12/Objects/call.c:240:18
    #18 0x614b5506300d in _PyEval_EvalFrameDefault /home/shamil/oss/cpython/3.12/Python/bytecodes.c:2715:19
    #19 0x614b54c1fe73 in _PyObject_VectorcallTstate /home/shamil/oss/cpython/3.12/./Include/internal/pycore_call.h:92:11
    #20 0x614b54c1c64d in method_vectorcall /home/shamil/oss/cpython/3.12/Objects/classobject.c:91:18
    #21 0x614b54c1409b in _PyVectorcall_Call /home/shamil/oss/cpython/3.12/Objects/call.c:271:16
    #22 0x614b5504f1c0 in _PyEval_EvalFrameDefault /home/shamil/oss/cpython/3.12/Python/bytecodes.c:3263:26
    #23 0x614b54c1120e in _PyObject_FastCallDictTstate /home/shamil/oss/cpython/3.12/Objects/call.c:133:15
    #24 0x614b54c1562d in _PyObject_Call_Prepend /home/shamil/oss/cpython/3.12/Objects/call.c:508:24
    #25 0x614b54e18488 in slot_tp_call /home/shamil/oss/cpython/3.12/Objects/typeobject.c:8791:15
    #26 0x614b54c11754 in _PyObject_MakeTpCall /home/shamil/oss/cpython/3.12/Objects/call.c:240:18
    #27 0x614b5506300d in _PyEval_EvalFrameDefault /home/shamil/oss/cpython/3.12/Python/bytecodes.c:2715:19
    #28 0x614b54c1fe73 in _PyObject_VectorcallTstate /home/shamil/oss/cpython/3.12/./Include/internal/pycore_call.h:92:11
    #29 0x614b54c1c64d in method_vectorcall /home/shamil/oss/cpython/3.12/Objects/classobject.c:91:18

Direct leak of 48 byte(s) in 1 object(s) allocated from:
    #0 0x614b547f9168 in malloc (/home/shamil/oss/cpython/3.12/python+0x9b7168) (BuildId: 3c6e2e4ee04b612b7f0f4656e461576bf9299dc2)
    #1 0x614b54db1213 in _PyMem_DebugRawAlloc /home/shamil/oss/cpython/3.12/Objects/obmalloc.c:2096:24
    #2 0x614b54db0a47 in PyMem_RawMalloc /home/shamil/oss/cpython/3.12/Objects/obmalloc.c:662:12
    #3 0x614b54db0a47 in _PyMem_RawWcsdup /home/shamil/oss/cpython/3.12/Objects/obmalloc.c:751:21
    #4 0x614b551e6335 in PyConfig_SetString /home/shamil/oss/cpython/3.12/Python/initconfig.c:852:16
    #5 0x614b551e81e4 in _PyConfig_Copy /home/shamil/oss/cpython/3.12/Python/initconfig.c:986:5
    #6 0x614b552495fb in new_interpreter /home/shamil/oss/cpython/3.12/Python/pylifecycle.c:2120:14
    #7 0x614b552491b5 in Py_NewInterpreterFromConfig /home/shamil/oss/cpython/3.12/Python/pylifecycle.c:2178:12
    #8 0x7039d852f51b in run_in_subinterp_with_config /home/shamil/oss/cpython/3.12/./Modules/_testcapimodule.c:1568:23
    #9 0x614b54d8ef7a in cfunction_call /home/shamil/oss/cpython/3.12/Objects/methodobject.c:537:18
    #10 0x614b54c145f4 in _PyObject_Call /home/shamil/oss/cpython/3.12/Objects/call.c:367:18
    #11 0x614b5504f1c0 in _PyEval_EvalFrameDefault /home/shamil/oss/cpython/3.12/Python/bytecodes.c:3263:26
    #12 0x614b54c1fe73 in _PyObject_VectorcallTstate /home/shamil/oss/cpython/3.12/./Include/internal/pycore_call.h:92:11
    #13 0x614b54c1c64d in method_vectorcall /home/shamil/oss/cpython/3.12/Objects/classobject.c:91:18
    #14 0x614b54c1409b in _PyVectorcall_Call /home/shamil/oss/cpython/3.12/Objects/call.c:271:16
    #15 0x614b5504f1c0 in _PyEval_EvalFrameDefault /home/shamil/oss/cpython/3.12/Python/bytecodes.c:3263:26
    #16 0x614b54c1120e in _PyObject_FastCallDictTstate /home/shamil/oss/cpython/3.12/Objects/call.c:133:15
    #17 0x614b54c1562d in _PyObject_Call_Prepend /home/shamil/oss/cpython/3.12/Objects/call.c:508:24
    #18 0x614b54e18488 in slot_tp_call /home/shamil/oss/cpython/3.12/Objects/typeobject.c:8791:15
    #19 0x614b54c11754 in _PyObject_MakeTpCall /home/shamil/oss/cpython/3.12/Objects/call.c:240:18
    #20 0x614b5506300d in _PyEval_EvalFrameDefault /home/shamil/oss/cpython/3.12/Python/bytecodes.c:2715:19
    #21 0x614b54c1fe73 in _PyObject_VectorcallTstate /home/shamil/oss/cpython/3.12/./Include/internal/pycore_call.h:92:11
    #22 0x614b54c1c64d in method_vectorcall /home/shamil/oss/cpython/3.12/Objects/classobject.c:91:18
    #23 0x614b54c1409b in _PyVectorcall_Call /home/shamil/oss/cpython/3.12/Objects/call.c:271:16
    #24 0x614b5504f1c0 in _PyEval_EvalFrameDefault /home/shamil/oss/cpython/3.12/Python/bytecodes.c:3263:26
    #25 0x614b54c1120e in _PyObject_FastCallDictTstate /home/shamil/oss/cpython/3.12/Objects/call.c:133:15
    #26 0x614b54c1562d in _PyObject_Call_Prepend /home/shamil/oss/cpython/3.12/Objects/call.c:508:24
    #27 0x614b54e18488 in slot_tp_call /home/shamil/oss/cpython/3.12/Objects/typeobject.c:8791:15
    #28 0x614b54c11754 in _PyObject_MakeTpCall /home/shamil/oss/cpython/3.12/Objects/call.c:240:18
    #29 0x614b5506300d in _PyEval_EvalFrameDefault /home/shamil/oss/cpython/3.12/Python/bytecodes.c:2715:19
    #30 0x614b54c1fe73 in _PyObject_VectorcallTstate /home/shamil/oss/cpython/3.12/./Include/internal/pycore_call.h:92:11

Direct leak of 48 byte(s) in 1 object(s) allocated from:
    #0 0x614b547f9168 in malloc (/home/shamil/oss/cpython/3.12/python+0x9b7168) (BuildId: 3c6e2e4ee04b612b7f0f4656e461576bf9299dc2)
    #1 0x614b54db1213 in _PyMem_DebugRawAlloc /home/shamil/oss/cpython/3.12/Objects/obmalloc.c:2096:24
    #2 0x614b54db0a47 in PyMem_RawMalloc /home/shamil/oss/cpython/3.12/Objects/obmalloc.c:662:12
    #3 0x614b54db0a47 in _PyMem_RawWcsdup /home/shamil/oss/cpython/3.12/Objects/obmalloc.c:751:21
    #4 0x614b551e6335 in PyConfig_SetString /home/shamil/oss/cpython/3.12/Python/initconfig.c:852:16
    #5 0x614b551e8bdc in _PyConfig_Copy /home/shamil/oss/cpython/3.12/Python/initconfig.c:988:5
    #6 0x614b552495fb in new_interpreter /home/shamil/oss/cpython/3.12/Python/pylifecycle.c:2120:14
    #7 0x614b552491b5 in Py_NewInterpreterFromConfig /home/shamil/oss/cpython/3.12/Python/pylifecycle.c:2178:12
    #8 0x7039d852f51b in run_in_subinterp_with_config /home/shamil/oss/cpython/3.12/./Modules/_testcapimodule.c:1568:23
    #9 0x614b54d8ef7a in cfunction_call /home/shamil/oss/cpython/3.12/Objects/methodobject.c:537:18
    #10 0x614b54c145f4 in _PyObject_Call /home/shamil/oss/cpython/3.12/Objects/call.c:367:18
    #11 0x614b5504f1c0 in _PyEval_EvalFrameDefault /home/shamil/oss/cpython/3.12/Python/bytecodes.c:3263:26
    #12 0x614b54c1fe73 in _PyObject_VectorcallTstate /home/shamil/oss/cpython/3.12/./Include/internal/pycore_call.h:92:11
    #13 0x614b54c1c64d in method_vectorcall /home/shamil/oss/cpython/3.12/Objects/classobject.c:91:18
    #14 0x614b54c1409b in _PyVectorcall_Call /home/shamil/oss/cpython/3.12/Objects/call.c:271:16
    #15 0x614b5504f1c0 in _PyEval_EvalFrameDefault /home/shamil/oss/cpython/3.12/Python/bytecodes.c:3263:26
    #16 0x614b54c1120e in _PyObject_FastCallDictTstate /home/shamil/oss/cpython/3.12/Objects/call.c:133:15
    #17 0x614b54c1562d in _PyObject_Call_Prepend /home/shamil/oss/cpython/3.12/Objects/call.c:508:24
    #18 0x614b54e18488 in slot_tp_call /home/shamil/oss/cpython/3.12/Objects/typeobject.c:8791:15
    #19 0x614b54c11754 in _PyObject_MakeTpCall /home/shamil/oss/cpython/3.12/Objects/call.c:240:18
    #20 0x614b5506300d in _PyEval_EvalFrameDefault /home/shamil/oss/cpython/3.12/Python/bytecodes.c:2715:19
    #21 0x614b54c1fe73 in _PyObject_VectorcallTstate /home/shamil/oss/cpython/3.12/./Include/internal/pycore_call.h:92:11
    #22 0x614b54c1c64d in method_vectorcall /home/shamil/oss/cpython/3.12/Objects/classobject.c:91:18
    #23 0x614b54c1409b in _PyVectorcall_Call /home/shamil/oss/cpython/3.12/Objects/call.c:271:16
    #24 0x614b5504f1c0 in _PyEval_EvalFrameDefault /home/shamil/oss/cpython/3.12/Python/bytecodes.c:3263:26
    #25 0x614b54c1120e in _PyObject_FastCallDictTstate /home/shamil/oss/cpython/3.12/Objects/call.c:133:15
    #26 0x614b54c1562d in _PyObject_Call_Prepend /home/shamil/oss/cpython/3.12/Objects/call.c:508:24
    #27 0x614b54e18488 in slot_tp_call /home/shamil/oss/cpython/3.12/Objects/typeobject.c:8791:15
    #28 0x614b54c11754 in _PyObject_MakeTpCall /home/shamil/oss/cpython/3.12/Objects/call.c:240:18
    #29 0x614b5506300d in _PyEval_EvalFrameDefault /home/shamil/oss/cpython/3.12/Python/bytecodes.c:2715:19
    #30 0x614b54c1fe73 in _PyObject_VectorcallTstate /home/shamil/oss/cpython/3.12/./Include/internal/pycore_call.h:92:11

Direct leak of 40 byte(s) in 1 object(s) allocated from:
    #0 0x614b547f9168 in malloc (/home/shamil/oss/cpython/3.12/python+0x9b7168) (BuildId: 3c6e2e4ee04b612b7f0f4656e461576bf9299dc2)
    #1 0x614b54db1213 in _PyMem_DebugRawAlloc /home/shamil/oss/cpython/3.12/Objects/obmalloc.c:2096:24
    #2 0x614b54db0a47 in PyMem_RawMalloc /home/shamil/oss/cpython/3.12/Objects/obmalloc.c:662:12
    #3 0x614b54db0a47 in _PyMem_RawWcsdup /home/shamil/oss/cpython/3.12/Objects/obmalloc.c:751:21
    #4 0x614b551e6335 in PyConfig_SetString /home/shamil/oss/cpython/3.12/Python/initconfig.c:852:16
    #5 0x614b551e7bec in _PyConfig_Copy /home/shamil/oss/cpython/3.12/Python/initconfig.c:971:5
    #6 0x614b552495fb in new_interpreter /home/shamil/oss/cpython/3.12/Python/pylifecycle.c:2120:14
    #7 0x614b552491b5 in Py_NewInterpreterFromConfig /home/shamil/oss/cpython/3.12/Python/pylifecycle.c:2178:12
    #8 0x7039d852f51b in run_in_subinterp_with_config /home/shamil/oss/cpython/3.12/./Modules/_testcapimodule.c:1568:23
    #9 0x614b54d8ef7a in cfunction_call /home/shamil/oss/cpython/3.12/Objects/methodobject.c:537:18
    #10 0x614b54c145f4 in _PyObject_Call /home/shamil/oss/cpython/3.12/Objects/call.c:367:18
    #11 0x614b5504f1c0 in _PyEval_EvalFrameDefault /home/shamil/oss/cpython/3.12/Python/bytecodes.c:3263:26
    #12 0x614b54c1fe73 in _PyObject_VectorcallTstate /home/shamil/oss/cpython/3.12/./Include/internal/pycore_call.h:92:11
    #13 0x614b54c1c64d in method_vectorcall /home/shamil/oss/cpython/3.12/Objects/classobject.c:91:18
    #14 0x614b54c1409b in _PyVectorcall_Call /home/shamil/oss/cpython/3.12/Objects/call.c:271:16
    #15 0x614b5504f1c0 in _PyEval_EvalFrameDefault /home/shamil/oss/cpython/3.12/Python/bytecodes.c:3263:26
    #16 0x614b54c1120e in _PyObject_FastCallDictTstate /home/shamil/oss/cpython/3.12/Objects/call.c:133:15
    #17 0x614b54c1562d in _PyObject_Call_Prepend /home/shamil/oss/cpython/3.12/Objects/call.c:508:24
    #18 0x614b54e18488 in slot_tp_call /home/shamil/oss/cpython/3.12/Objects/typeobject.c:8791:15
    #19 0x614b54c11754 in _PyObject_MakeTpCall /home/shamil/oss/cpython/3.12/Objects/call.c:240:18
    #20 0x614b5506300d in _PyEval_EvalFrameDefault /home/shamil/oss/cpython/3.12/Python/bytecodes.c:2715:19
    #21 0x614b54c1fe73 in _PyObject_VectorcallTstate /home/shamil/oss/cpython/3.12/./Include/internal/pycore_call.h:92:11
    #22 0x614b54c1c64d in method_vectorcall /home/shamil/oss/cpython/3.12/Objects/classobject.c:91:18
    #23 0x614b54c1409b in _PyVectorcall_Call /home/shamil/oss/cpython/3.12/Objects/call.c:271:16
    #24 0x614b5504f1c0 in _PyEval_EvalFrameDefault /home/shamil/oss/cpython/3.12/Python/bytecodes.c:3263:26
    #25 0x614b54c1120e in _PyObject_FastCallDictTstate /home/shamil/oss/cpython/3.12/Objects/call.c:133:15
    #26 0x614b54c1562d in _PyObject_Call_Prepend /home/shamil/oss/cpython/3.12/Objects/call.c:508:24
    #27 0x614b54e18488 in slot_tp_call /home/shamil/oss/cpython/3.12/Objects/typeobject.c:8791:15
    #28 0x614b54c11754 in _PyObject_MakeTpCall /home/shamil/oss/cpython/3.12/Objects/call.c:240:18
    #29 0x614b5506300d in _PyEval_EvalFrameDefault /home/shamil/oss/cpython/3.12/Python/bytecodes.c:2715:19
    #30 0x614b54c1fe73 in _PyObject_VectorcallTstate /home/shamil/oss/cpython/3.12/./Include/internal/pycore_call.h:92:11

Direct leak of 40 byte(s) in 1 object(s) allocated from:
    #0 0x614b547f9168 in malloc (/home/shamil/oss/cpython/3.12/python+0x9b7168) (BuildId: 3c6e2e4ee04b612b7f0f4656e461576bf9299dc2)
    #1 0x614b54db1213 in _PyMem_DebugRawAlloc /home/shamil/oss/cpython/3.12/Objects/obmalloc.c:2096:24
    #2 0x614b551e177f in _PyWideStringList_Copy /home/shamil/oss/cpython/3.12/Python/initconfig.c:377:18
    #3 0x614b551e7325 in _PyConfig_Copy /home/shamil/oss/cpython/3.12/Python/initconfig.c:958:5
    #4 0x614b552495fb in new_interpreter /home/shamil/oss/cpython/3.12/Python/pylifecycle.c:2120:14
    #5 0x614b552491b5 in Py_NewInterpreterFromConfig /home/shamil/oss/cpython/3.12/Python/pylifecycle.c:2178:12
    #6 0x7039d852f51b in run_in_subinterp_with_config /home/shamil/oss/cpython/3.12/./Modules/_testcapimodule.c:1568:23
    #7 0x614b54d8ef7a in cfunction_call /home/shamil/oss/cpython/3.12/Objects/methodobject.c:537:18
    #8 0x614b54c145f4 in _PyObject_Call /home/shamil/oss/cpython/3.12/Objects/call.c:367:18
    #9 0x614b5504f1c0 in _PyEval_EvalFrameDefault /home/shamil/oss/cpython/3.12/Python/bytecodes.c:3263:26
    #10 0x614b54c1fe73 in _PyObject_VectorcallTstate /home/shamil/oss/cpython/3.12/./Include/internal/pycore_call.h:92:11
    #11 0x614b54c1c64d in method_vectorcall /home/shamil/oss/cpython/3.12/Objects/classobject.c:91:18
    #12 0x614b54c1409b in _PyVectorcall_Call /home/shamil/oss/cpython/3.12/Objects/call.c:271:16
    #13 0x614b5504f1c0 in _PyEval_EvalFrameDefault /home/shamil/oss/cpython/3.12/Python/bytecodes.c:3263:26
    #14 0x614b54c1120e in _PyObject_FastCallDictTstate /home/shamil/oss/cpython/3.12/Objects/call.c:133:15
    #15 0x614b54c1562d in _PyObject_Call_Prepend /home/shamil/oss/cpython/3.12/Objects/call.c:508:24
    #16 0x614b54e18488 in slot_tp_call /home/shamil/oss/cpython/3.12/Objects/typeobject.c:8791:15
    #17 0x614b54c11754 in _PyObject_MakeTpCall /home/shamil/oss/cpython/3.12/Objects/call.c:240:18
    #18 0x614b5506300d in _PyEval_EvalFrameDefault /home/shamil/oss/cpython/3.12/Python/bytecodes.c:2715:19
    #19 0x614b54c1fe73 in _PyObject_VectorcallTstate /home/shamil/oss/cpython/3.12/./Include/internal/pycore_call.h:92:11
    #20 0x614b54c1c64d in method_vectorcall /home/shamil/oss/cpython/3.12/Objects/classobject.c:91:18
    #21 0x614b54c1409b in _PyVectorcall_Call /home/shamil/oss/cpython/3.12/Objects/call.c:271:16
    #22 0x614b5504f1c0 in _PyEval_EvalFrameDefault /home/shamil/oss/cpython/3.12/Python/bytecodes.c:3263:26
    #23 0x614b54c1120e in _PyObject_FastCallDictTstate /home/shamil/oss/cpython/3.12/Objects/call.c:133:15
    #24 0x614b54c1562d in _PyObject_Call_Prepend /home/shamil/oss/cpython/3.12/Objects/call.c:508:24
    #25 0x614b54e18488 in slot_tp_call /home/shamil/oss/cpython/3.12/Objects/typeobject.c:8791:15
    #26 0x614b54c11754 in _PyObject_MakeTpCall /home/shamil/oss/cpython/3.12/Objects/call.c:240:18
    #27 0x614b5506300d in _PyEval_EvalFrameDefault /home/shamil/oss/cpython/3.12/Python/bytecodes.c:2715:19
    #28 0x614b54c1fe73 in _PyObject_VectorcallTstate /home/shamil/oss/cpython/3.12/./Include/internal/pycore_call.h:92:11
    #29 0x614b54c1c64d in method_vectorcall /home/shamil/oss/cpython/3.12/Objects/classobject.c:91:18

Direct leak of 40 byte(s) in 1 object(s) allocated from:
    #0 0x614b547f9168 in malloc (/home/shamil/oss/cpython/3.12/python+0x9b7168) (BuildId: 3c6e2e4ee04b612b7f0f4656e461576bf9299dc2)
    #1 0x614b54db1213 in _PyMem_DebugRawAlloc /home/shamil/oss/cpython/3.12/Objects/obmalloc.c:2096:24
    #2 0x614b551e177f in _PyWideStringList_Copy /home/shamil/oss/cpython/3.12/Python/initconfig.c:377:18
    #3 0x614b551e7383 in _PyConfig_Copy /home/shamil/oss/cpython/3.12/Python/initconfig.c:960:5
    #4 0x614b552495fb in new_interpreter /home/shamil/oss/cpython/3.12/Python/pylifecycle.c:2120:14
    #5 0x614b552491b5 in Py_NewInterpreterFromConfig /home/shamil/oss/cpython/3.12/Python/pylifecycle.c:2178:12
    #6 0x7039d852f51b in run_in_subinterp_with_config /home/shamil/oss/cpython/3.12/./Modules/_testcapimodule.c:1568:23
    #7 0x614b54d8ef7a in cfunction_call /home/shamil/oss/cpython/3.12/Objects/methodobject.c:537:18
    #8 0x614b54c145f4 in _PyObject_Call /home/shamil/oss/cpython/3.12/Objects/call.c:367:18
    #9 0x614b5504f1c0 in _PyEval_EvalFrameDefault /home/shamil/oss/cpython/3.12/Python/bytecodes.c:3263:26
    #10 0x614b54c1fe73 in _PyObject_VectorcallTstate /home/shamil/oss/cpython/3.12/./Include/internal/pycore_call.h:92:11
    #11 0x614b54c1c64d in method_vectorcall /home/shamil/oss/cpython/3.12/Objects/classobject.c:91:18
    #12 0x614b54c1409b in _PyVectorcall_Call /home/shamil/oss/cpython/3.12/Objects/call.c:271:16
    #13 0x614b5504f1c0 in _PyEval_EvalFrameDefault /home/shamil/oss/cpython/3.12/Python/bytecodes.c:3263:26
    #14 0x614b54c1120e in _PyObject_FastCallDictTstate /home/shamil/oss/cpython/3.12/Objects/call.c:133:15
    #15 0x614b54c1562d in _PyObject_Call_Prepend /home/shamil/oss/cpython/3.12/Objects/call.c:508:24
    #16 0x614b54e18488 in slot_tp_call /home/shamil/oss/cpython/3.12/Objects/typeobject.c:8791:15
    #17 0x614b54c11754 in _PyObject_MakeTpCall /home/shamil/oss/cpython/3.12/Objects/call.c:240:18
    #18 0x614b5506300d in _PyEval_EvalFrameDefault /home/shamil/oss/cpython/3.12/Python/bytecodes.c:2715:19
    #19 0x614b54c1fe73 in _PyObject_VectorcallTstate /home/shamil/oss/cpython/3.12/./Include/internal/pycore_call.h:92:11
    #20 0x614b54c1c64d in method_vectorcall /home/shamil/oss/cpython/3.12/Objects/classobject.c:91:18
    #21 0x614b54c1409b in _PyVectorcall_Call /home/shamil/oss/cpython/3.12/Objects/call.c:271:16
    #22 0x614b5504f1c0 in _PyEval_EvalFrameDefault /home/shamil/oss/cpython/3.12/Python/bytecodes.c:3263:26
    #23 0x614b54c1120e in _PyObject_FastCallDictTstate /home/shamil/oss/cpython/3.12/Objects/call.c:133:15
    #24 0x614b54c1562d in _PyObject_Call_Prepend /home/shamil/oss/cpython/3.12/Objects/call.c:508:24
    #25 0x614b54e18488 in slot_tp_call /home/shamil/oss/cpython/3.12/Objects/typeobject.c:8791:15
    #26 0x614b54c11754 in _PyObject_MakeTpCall /home/shamil/oss/cpython/3.12/Objects/call.c:240:18
    #27 0x614b5506300d in _PyEval_EvalFrameDefault /home/shamil/oss/cpython/3.12/Python/bytecodes.c:2715:19
    #28 0x614b54c1fe73 in _PyObject_VectorcallTstate /home/shamil/oss/cpython/3.12/./Include/internal/pycore_call.h:92:11
    #29 0x614b54c1c64d in method_vectorcall /home/shamil/oss/cpython/3.12/Objects/classobject.c:91:18

Direct leak of 32 byte(s) in 1 object(s) allocated from:
    #0 0x614b547f9168 in malloc (/home/shamil/oss/cpython/3.12/python+0x9b7168) (BuildId: 3c6e2e4ee04b612b7f0f4656e461576bf9299dc2)
    #1 0x614b54db1213 in _PyMem_DebugRawAlloc /home/shamil/oss/cpython/3.12/Objects/obmalloc.c:2096:24
    #2 0x614b551e177f in _PyWideStringList_Copy /home/shamil/oss/cpython/3.12/Python/initconfig.c:377:18
    #3 0x614b551e7354 in _PyConfig_Copy /home/shamil/oss/cpython/3.12/Python/initconfig.c:959:5
    #4 0x614b552495fb in new_interpreter /home/shamil/oss/cpython/3.12/Python/pylifecycle.c:2120:14
    #5 0x614b552491b5 in Py_NewInterpreterFromConfig /home/shamil/oss/cpython/3.12/Python/pylifecycle.c:2178:12
    #6 0x7039d852f51b in run_in_subinterp_with_config /home/shamil/oss/cpython/3.12/./Modules/_testcapimodule.c:1568:23
    #7 0x614b54d8ef7a in cfunction_call /home/shamil/oss/cpython/3.12/Objects/methodobject.c:537:18
    #8 0x614b54c145f4 in _PyObject_Call /home/shamil/oss/cpython/3.12/Objects/call.c:367:18
    #9 0x614b5504f1c0 in _PyEval_EvalFrameDefault /home/shamil/oss/cpython/3.12/Python/bytecodes.c:3263:26
    #10 0x614b54c1fe73 in _PyObject_VectorcallTstate /home/shamil/oss/cpython/3.12/./Include/internal/pycore_call.h:92:11
    #11 0x614b54c1c64d in method_vectorcall /home/shamil/oss/cpython/3.12/Objects/classobject.c:91:18
    #12 0x614b54c1409b in _PyVectorcall_Call /home/shamil/oss/cpython/3.12/Objects/call.c:271:16
    #13 0x614b5504f1c0 in _PyEval_EvalFrameDefault /home/shamil/oss/cpython/3.12/Python/bytecodes.c:3263:26
    #14 0x614b54c1120e in _PyObject_FastCallDictTstate /home/shamil/oss/cpython/3.12/Objects/call.c:133:15
    #15 0x614b54c1562d in _PyObject_Call_Prepend /home/shamil/oss/cpython/3.12/Objects/call.c:508:24
    #16 0x614b54e18488 in slot_tp_call /home/shamil/oss/cpython/3.12/Objects/typeobject.c:8791:15
    #17 0x614b54c11754 in _PyObject_MakeTpCall /home/shamil/oss/cpython/3.12/Objects/call.c:240:18
    #18 0x614b5506300d in _PyEval_EvalFrameDefault /home/shamil/oss/cpython/3.12/Python/bytecodes.c:2715:19
    #19 0x614b54c1fe73 in _PyObject_VectorcallTstate /home/shamil/oss/cpython/3.12/./Include/internal/pycore_call.h:92:11
    #20 0x614b54c1c64d in method_vectorcall /home/shamil/oss/cpython/3.12/Objects/classobject.c:91:18
    #21 0x614b54c1409b in _PyVectorcall_Call /home/shamil/oss/cpython/3.12/Objects/call.c:271:16
    #22 0x614b5504f1c0 in _PyEval_EvalFrameDefault /home/shamil/oss/cpython/3.12/Python/bytecodes.c:3263:26
    #23 0x614b54c1120e in _PyObject_FastCallDictTstate /home/shamil/oss/cpython/3.12/Objects/call.c:133:15
    #24 0x614b54c1562d in _PyObject_Call_Prepend /home/shamil/oss/cpython/3.12/Objects/call.c:508:24
    #25 0x614b54e18488 in slot_tp_call /home/shamil/oss/cpython/3.12/Objects/typeobject.c:8791:15
    #26 0x614b54c11754 in _PyObject_MakeTpCall /home/shamil/oss/cpython/3.12/Objects/call.c:240:18
    #27 0x614b5506300d in _PyEval_EvalFrameDefault /home/shamil/oss/cpython/3.12/Python/bytecodes.c:2715:19
    #28 0x614b54c1fe73 in _PyObject_VectorcallTstate /home/shamil/oss/cpython/3.12/./Include/internal/pycore_call.h:92:11
    #29 0x614b54c1c64d in method_vectorcall /home/shamil/oss/cpython/3.12/Objects/classobject.c:91:18

Indirect leak of 2992 byte(s) in 9 object(s) allocated from:
    #0 0x614b547f9168 in malloc (/home/shamil/oss/cpython/3.12/python+0x9b7168) (BuildId: 3c6e2e4ee04b612b7f0f4656e461576bf9299dc2)
    #1 0x614b54db1213 in _PyMem_DebugRawAlloc /home/shamil/oss/cpython/3.12/Objects/obmalloc.c:2096:24
    #2 0x614b54db0a47 in PyMem_RawMalloc /home/shamil/oss/cpython/3.12/Objects/obmalloc.c:662:12
    #3 0x614b54db0a47 in _PyMem_RawWcsdup /home/shamil/oss/cpython/3.12/Objects/obmalloc.c:751:21
    #4 0x614b551e185e in _PyWideStringList_Copy /home/shamil/oss/cpython/3.12/Python/initconfig.c:383:25
    #5 0x614b551e959b in _PyConfig_Copy /home/shamil/oss/cpython/3.12/Python/initconfig.c:1002:5
    #6 0x614b552495fb in new_interpreter /home/shamil/oss/cpython/3.12/Python/pylifecycle.c:2120:14
    #7 0x614b552491b5 in Py_NewInterpreterFromConfig /home/shamil/oss/cpython/3.12/Python/pylifecycle.c:2178:12
    #8 0x7039d852f51b in run_in_subinterp_with_config /home/shamil/oss/cpython/3.12/./Modules/_testcapimodule.c:1568:23
    #9 0x614b54d8ef7a in cfunction_call /home/shamil/oss/cpython/3.12/Objects/methodobject.c:537:18
    #10 0x614b54c145f4 in _PyObject_Call /home/shamil/oss/cpython/3.12/Objects/call.c:367:18
    #11 0x614b5504f1c0 in _PyEval_EvalFrameDefault /home/shamil/oss/cpython/3.12/Python/bytecodes.c:3263:26
    #12 0x614b54c1fe73 in _PyObject_VectorcallTstate /home/shamil/oss/cpython/3.12/./Include/internal/pycore_call.h:92:11
    #13 0x614b54c1c64d in method_vectorcall /home/shamil/oss/cpython/3.12/Objects/classobject.c:91:18
    #14 0x614b54c1409b in _PyVectorcall_Call /home/shamil/oss/cpython/3.12/Objects/call.c:271:16
    #15 0x614b5504f1c0 in _PyEval_EvalFrameDefault /home/shamil/oss/cpython/3.12/Python/bytecodes.c:3263:26
    #16 0x614b54c1120e in _PyObject_FastCallDictTstate /home/shamil/oss/cpython/3.12/Objects/call.c:133:15
    #17 0x614b54c1562d in _PyObject_Call_Prepend /home/shamil/oss/cpython/3.12/Objects/call.c:508:24
    #18 0x614b54e18488 in slot_tp_call /home/shamil/oss/cpython/3.12/Objects/typeobject.c:8791:15
    #19 0x614b54c11754 in _PyObject_MakeTpCall /home/shamil/oss/cpython/3.12/Objects/call.c:240:18
    #20 0x614b5506300d in _PyEval_EvalFrameDefault /home/shamil/oss/cpython/3.12/Python/bytecodes.c:2715:19
    #21 0x614b54c1fe73 in _PyObject_VectorcallTstate /home/shamil/oss/cpython/3.12/./Include/internal/pycore_call.h:92:11
    #22 0x614b54c1c64d in method_vectorcall /home/shamil/oss/cpython/3.12/Objects/classobject.c:91:18
    #23 0x614b54c1409b in _PyVectorcall_Call /home/shamil/oss/cpython/3.12/Objects/call.c:271:16
    #24 0x614b5504f1c0 in _PyEval_EvalFrameDefault /home/shamil/oss/cpython/3.12/Python/bytecodes.c:3263:26
    #25 0x614b54c1120e in _PyObject_FastCallDictTstate /home/shamil/oss/cpython/3.12/Objects/call.c:133:15
    #26 0x614b54c1562d in _PyObject_Call_Prepend /home/shamil/oss/cpython/3.12/Objects/call.c:508:24
    #27 0x614b54e18488 in slot_tp_call /home/shamil/oss/cpython/3.12/Objects/typeobject.c:8791:15
    #28 0x614b54c11754 in _PyObject_MakeTpCall /home/shamil/oss/cpython/3.12/Objects/call.c:240:18
    #29 0x614b5506300d in _PyEval_EvalFrameDefault /home/shamil/oss/cpython/3.12/Python/bytecodes.c:2715:19
    #30 0x614b54c1fe73 in _PyObject_VectorcallTstate /home/shamil/oss/cpython/3.12/./Include/internal/pycore_call.h:92:11

Indirect leak of 2476 byte(s) in 2 object(s) allocated from:
    #0 0x614b547f9168 in malloc (/home/shamil/oss/cpython/3.12/python+0x9b7168) (BuildId: 3c6e2e4ee04b612b7f0f4656e461576bf9299dc2)
    #1 0x614b54db1213 in _PyMem_DebugRawAlloc /home/shamil/oss/cpython/3.12/Objects/obmalloc.c:2096:24
    #2 0x614b54db0a47 in PyMem_RawMalloc /home/shamil/oss/cpython/3.12/Objects/obmalloc.c:662:12
    #3 0x614b54db0a47 in _PyMem_RawWcsdup /home/shamil/oss/cpython/3.12/Objects/obmalloc.c:751:21
    #4 0x614b551e185e in _PyWideStringList_Copy /home/shamil/oss/cpython/3.12/Python/initconfig.c:383:25
    #5 0x614b551e7325 in _PyConfig_Copy /home/shamil/oss/cpython/3.12/Python/initconfig.c:958:5
    #6 0x614b552495fb in new_interpreter /home/shamil/oss/cpython/3.12/Python/pylifecycle.c:2120:14
    #7 0x614b552491b5 in Py_NewInterpreterFromConfig /home/shamil/oss/cpython/3.12/Python/pylifecycle.c:2178:12
    #8 0x7039d852f51b in run_in_subinterp_with_config /home/shamil/oss/cpython/3.12/./Modules/_testcapimodule.c:1568:23
    #9 0x614b54d8ef7a in cfunction_call /home/shamil/oss/cpython/3.12/Objects/methodobject.c:537:18
    #10 0x614b54c145f4 in _PyObject_Call /home/shamil/oss/cpython/3.12/Objects/call.c:367:18
    #11 0x614b5504f1c0 in _PyEval_EvalFrameDefault /home/shamil/oss/cpython/3.12/Python/bytecodes.c:3263:26
    #12 0x614b54c1fe73 in _PyObject_VectorcallTstate /home/shamil/oss/cpython/3.12/./Include/internal/pycore_call.h:92:11
    #13 0x614b54c1c64d in method_vectorcall /home/shamil/oss/cpython/3.12/Objects/classobject.c:91:18
    #14 0x614b54c1409b in _PyVectorcall_Call /home/shamil/oss/cpython/3.12/Objects/call.c:271:16
    #15 0x614b5504f1c0 in _PyEval_EvalFrameDefault /home/shamil/oss/cpython/3.12/Python/bytecodes.c:3263:26
    #16 0x614b54c1120e in _PyObject_FastCallDictTstate /home/shamil/oss/cpython/3.12/Objects/call.c:133:15
    #17 0x614b54c1562d in _PyObject_Call_Prepend /home/shamil/oss/cpython/3.12/Objects/call.c:508:24
    #18 0x614b54e18488 in slot_tp_call /home/shamil/oss/cpython/3.12/Objects/typeobject.c:8791:15
    #19 0x614b54c11754 in _PyObject_MakeTpCall /home/shamil/oss/cpython/3.12/Objects/call.c:240:18
    #20 0x614b5506300d in _PyEval_EvalFrameDefault /home/shamil/oss/cpython/3.12/Python/bytecodes.c:2715:19
    #21 0x614b54c1fe73 in _PyObject_VectorcallTstate /home/shamil/oss/cpython/3.12/./Include/internal/pycore_call.h:92:11
    #22 0x614b54c1c64d in method_vectorcall /home/shamil/oss/cpython/3.12/Objects/classobject.c:91:18
    #23 0x614b54c1409b in _PyVectorcall_Call /home/shamil/oss/cpython/3.12/Objects/call.c:271:16
    #24 0x614b5504f1c0 in _PyEval_EvalFrameDefault /home/shamil/oss/cpython/3.12/Python/bytecodes.c:3263:26
    #25 0x614b54c1120e in _PyObject_FastCallDictTstate /home/shamil/oss/cpython/3.12/Objects/call.c:133:15
    #26 0x614b54c1562d in _PyObject_Call_Prepend /home/shamil/oss/cpython/3.12/Objects/call.c:508:24
    #27 0x614b54e18488 in slot_tp_call /home/shamil/oss/cpython/3.12/Objects/typeobject.c:8791:15
    #28 0x614b54c11754 in _PyObject_MakeTpCall /home/shamil/oss/cpython/3.12/Objects/call.c:240:18
    #29 0x614b5506300d in _PyEval_EvalFrameDefault /home/shamil/oss/cpython/3.12/Python/bytecodes.c:2715:19
    #30 0x614b54c1fe73 in _PyObject_VectorcallTstate /home/shamil/oss/cpython/3.12/./Include/internal/pycore_call.h:92:11

Indirect leak of 588 byte(s) in 3 object(s) allocated from:
    #0 0x614b547f9168 in malloc (/home/shamil/oss/cpython/3.12/python+0x9b7168) (BuildId: 3c6e2e4ee04b612b7f0f4656e461576bf9299dc2)
    #1 0x614b54db1213 in _PyMem_DebugRawAlloc /home/shamil/oss/cpython/3.12/Objects/obmalloc.c:2096:24
    #2 0x614b54db0a47 in PyMem_RawMalloc /home/shamil/oss/cpython/3.12/Objects/obmalloc.c:662:12
    #3 0x614b54db0a47 in _PyMem_RawWcsdup /home/shamil/oss/cpython/3.12/Objects/obmalloc.c:751:21
    #4 0x614b551e185e in _PyWideStringList_Copy /home/shamil/oss/cpython/3.12/Python/initconfig.c:383:25
    #5 0x614b551e73b2 in _PyConfig_Copy /home/shamil/oss/cpython/3.12/Python/initconfig.c:961:5
    #6 0x614b552495fb in new_interpreter /home/shamil/oss/cpython/3.12/Python/pylifecycle.c:2120:14
    #7 0x614b552491b5 in Py_NewInterpreterFromConfig /home/shamil/oss/cpython/3.12/Python/pylifecycle.c:2178:12
    #8 0x7039d852f51b in run_in_subinterp_with_config /home/shamil/oss/cpython/3.12/./Modules/_testcapimodule.c:1568:23
    #9 0x614b54d8ef7a in cfunction_call /home/shamil/oss/cpython/3.12/Objects/methodobject.c:537:18
    #10 0x614b54c145f4 in _PyObject_Call /home/shamil/oss/cpython/3.12/Objects/call.c:367:18
    #11 0x614b5504f1c0 in _PyEval_EvalFrameDefault /home/shamil/oss/cpython/3.12/Python/bytecodes.c:3263:26
    #12 0x614b54c1fe73 in _PyObject_VectorcallTstate /home/shamil/oss/cpython/3.12/./Include/internal/pycore_call.h:92:11
    #13 0x614b54c1c64d in method_vectorcall /home/shamil/oss/cpython/3.12/Objects/classobject.c:91:18
    #14 0x614b54c1409b in _PyVectorcall_Call /home/shamil/oss/cpython/3.12/Objects/call.c:271:16
    #15 0x614b5504f1c0 in _PyEval_EvalFrameDefault /home/shamil/oss/cpython/3.12/Python/bytecodes.c:3263:26
    #16 0x614b54c1120e in _PyObject_FastCallDictTstate /home/shamil/oss/cpython/3.12/Objects/call.c:133:15
    #17 0x614b54c1562d in _PyObject_Call_Prepend /home/shamil/oss/cpython/3.12/Objects/call.c:508:24
    #18 0x614b54e18488 in slot_tp_call /home/shamil/oss/cpython/3.12/Objects/typeobject.c:8791:15
    #19 0x614b54c11754 in _PyObject_MakeTpCall /home/shamil/oss/cpython/3.12/Objects/call.c:240:18
    #20 0x614b5506300d in _PyEval_EvalFrameDefault /home/shamil/oss/cpython/3.12/Python/bytecodes.c:2715:19
    #21 0x614b54c1fe73 in _PyObject_VectorcallTstate /home/shamil/oss/cpython/3.12/./Include/internal/pycore_call.h:92:11
    #22 0x614b54c1c64d in method_vectorcall /home/shamil/oss/cpython/3.12/Objects/classobject.c:91:18
    #23 0x614b54c1409b in _PyVectorcall_Call /home/shamil/oss/cpython/3.12/Objects/call.c:271:16
    #24 0x614b5504f1c0 in _PyEval_EvalFrameDefault /home/shamil/oss/cpython/3.12/Python/bytecodes.c:3263:26
    #25 0x614b54c1120e in _PyObject_FastCallDictTstate /home/shamil/oss/cpython/3.12/Objects/call.c:133:15
    #26 0x614b54c1562d in _PyObject_Call_Prepend /home/shamil/oss/cpython/3.12/Objects/call.c:508:24
    #27 0x614b54e18488 in slot_tp_call /home/shamil/oss/cpython/3.12/Objects/typeobject.c:8791:15
    #28 0x614b54c11754 in _PyObject_MakeTpCall /home/shamil/oss/cpython/3.12/Objects/call.c:240:18
    #29 0x614b5506300d in _PyEval_EvalFrameDefault /home/shamil/oss/cpython/3.12/Python/bytecodes.c:2715:19
    #30 0x614b54c1fe73 in _PyObject_VectorcallTstate /home/shamil/oss/cpython/3.12/./Include/internal/pycore_call.h:92:11

Indirect leak of 116 byte(s) in 2 object(s) allocated from:
    #0 0x614b547f9168 in malloc (/home/shamil/oss/cpython/3.12/python+0x9b7168) (BuildId: 3c6e2e4ee04b612b7f0f4656e461576bf9299dc2)
    #1 0x614b54db1213 in _PyMem_DebugRawAlloc /home/shamil/oss/cpython/3.12/Objects/obmalloc.c:2096:24
    #2 0x614b54db0a47 in PyMem_RawMalloc /home/shamil/oss/cpython/3.12/Objects/obmalloc.c:662:12
    #3 0x614b54db0a47 in _PyMem_RawWcsdup /home/shamil/oss/cpython/3.12/Objects/obmalloc.c:751:21
    #4 0x614b551e185e in _PyWideStringList_Copy /home/shamil/oss/cpython/3.12/Python/initconfig.c:383:25
    #5 0x614b551e7383 in _PyConfig_Copy /home/shamil/oss/cpython/3.12/Python/initconfig.c:960:5
    #6 0x614b552495fb in new_interpreter /home/shamil/oss/cpython/3.12/Python/pylifecycle.c:2120:14
    #7 0x614b552491b5 in Py_NewInterpreterFromConfig /home/shamil/oss/cpython/3.12/Python/pylifecycle.c:2178:12
    #8 0x7039d852f51b in run_in_subinterp_with_config /home/shamil/oss/cpython/3.12/./Modules/_testcapimodule.c:1568:23
    #9 0x614b54d8ef7a in cfunction_call /home/shamil/oss/cpython/3.12/Objects/methodobject.c:537:18
    #10 0x614b54c145f4 in _PyObject_Call /home/shamil/oss/cpython/3.12/Objects/call.c:367:18
    #11 0x614b5504f1c0 in _PyEval_EvalFrameDefault /home/shamil/oss/cpython/3.12/Python/bytecodes.c:3263:26
    #12 0x614b54c1fe73 in _PyObject_VectorcallTstate /home/shamil/oss/cpython/3.12/./Include/internal/pycore_call.h:92:11
    #13 0x614b54c1c64d in method_vectorcall /home/shamil/oss/cpython/3.12/Objects/classobject.c:91:18
    #14 0x614b54c1409b in _PyVectorcall_Call /home/shamil/oss/cpython/3.12/Objects/call.c:271:16
    #15 0x614b5504f1c0 in _PyEval_EvalFrameDefault /home/shamil/oss/cpython/3.12/Python/bytecodes.c:3263:26
    #16 0x614b54c1120e in _PyObject_FastCallDictTstate /home/shamil/oss/cpython/3.12/Objects/call.c:133:15
    #17 0x614b54c1562d in _PyObject_Call_Prepend /home/shamil/oss/cpython/3.12/Objects/call.c:508:24
    #18 0x614b54e18488 in slot_tp_call /home/shamil/oss/cpython/3.12/Objects/typeobject.c:8791:15
    #19 0x614b54c11754 in _PyObject_MakeTpCall /home/shamil/oss/cpython/3.12/Objects/call.c:240:18
    #20 0x614b5506300d in _PyEval_EvalFrameDefault /home/shamil/oss/cpython/3.12/Python/bytecodes.c:2715:19
    #21 0x614b54c1fe73 in _PyObject_VectorcallTstate /home/shamil/oss/cpython/3.12/./Include/internal/pycore_call.h:92:11
    #22 0x614b54c1c64d in method_vectorcall /home/shamil/oss/cpython/3.12/Objects/classobject.c:91:18
    #23 0x614b54c1409b in _PyVectorcall_Call /home/shamil/oss/cpython/3.12/Objects/call.c:271:16
    #24 0x614b5504f1c0 in _PyEval_EvalFrameDefault /home/shamil/oss/cpython/3.12/Python/bytecodes.c:3263:26
    #25 0x614b54c1120e in _PyObject_FastCallDictTstate /home/shamil/oss/cpython/3.12/Objects/call.c:133:15
    #26 0x614b54c1562d in _PyObject_Call_Prepend /home/shamil/oss/cpython/3.12/Objects/call.c:508:24
    #27 0x614b54e18488 in slot_tp_call /home/shamil/oss/cpython/3.12/Objects/typeobject.c:8791:15
    #28 0x614b54c11754 in _PyObject_MakeTpCall /home/shamil/oss/cpython/3.12/Objects/call.c:240:18
    #29 0x614b5506300d in _PyEval_EvalFrameDefault /home/shamil/oss/cpython/3.12/Python/bytecodes.c:2715:19
    #30 0x614b54c1fe73 in _PyObject_VectorcallTstate /home/shamil/oss/cpython/3.12/./Include/internal/pycore_call.h:92:11

Indirect leak of 56 byte(s) in 1 object(s) allocated from:
    #0 0x614b547f9168 in malloc (/home/shamil/oss/cpython/3.12/python+0x9b7168) (BuildId: 3c6e2e4ee04b612b7f0f4656e461576bf9299dc2)
    #1 0x614b54db1213 in _PyMem_DebugRawAlloc /home/shamil/oss/cpython/3.12/Objects/obmalloc.c:2096:24
    #2 0x614b54db0a47 in PyMem_RawMalloc /home/shamil/oss/cpython/3.12/Objects/obmalloc.c:662:12
    #3 0x614b54db0a47 in _PyMem_RawWcsdup /home/shamil/oss/cpython/3.12/Objects/obmalloc.c:751:21
    #4 0x614b551e185e in _PyWideStringList_Copy /home/shamil/oss/cpython/3.12/Python/initconfig.c:383:25
    #5 0x614b551e7354 in _PyConfig_Copy /home/shamil/oss/cpython/3.12/Python/initconfig.c:959:5
    #6 0x614b552495fb in new_interpreter /home/shamil/oss/cpython/3.12/Python/pylifecycle.c:2120:14
    #7 0x614b552491b5 in Py_NewInterpreterFromConfig /home/shamil/oss/cpython/3.12/Python/pylifecycle.c:2178:12
    #8 0x7039d852f51b in run_in_subinterp_with_config /home/shamil/oss/cpython/3.12/./Modules/_testcapimodule.c:1568:23
    #9 0x614b54d8ef7a in cfunction_call /home/shamil/oss/cpython/3.12/Objects/methodobject.c:537:18
    #10 0x614b54c145f4 in _PyObject_Call /home/shamil/oss/cpython/3.12/Objects/call.c:367:18
    #11 0x614b5504f1c0 in _PyEval_EvalFrameDefault /home/shamil/oss/cpython/3.12/Python/bytecodes.c:3263:26
    #12 0x614b54c1fe73 in _PyObject_VectorcallTstate /home/shamil/oss/cpython/3.12/./Include/internal/pycore_call.h:92:11
    #13 0x614b54c1c64d in method_vectorcall /home/shamil/oss/cpython/3.12/Objects/classobject.c:91:18
    #14 0x614b54c1409b in _PyVectorcall_Call /home/shamil/oss/cpython/3.12/Objects/call.c:271:16
    #15 0x614b5504f1c0 in _PyEval_EvalFrameDefault /home/shamil/oss/cpython/3.12/Python/bytecodes.c:3263:26
    #16 0x614b54c1120e in _PyObject_FastCallDictTstate /home/shamil/oss/cpython/3.12/Objects/call.c:133:15
    #17 0x614b54c1562d in _PyObject_Call_Prepend /home/shamil/oss/cpython/3.12/Objects/call.c:508:24
    #18 0x614b54e18488 in slot_tp_call /home/shamil/oss/cpython/3.12/Objects/typeobject.c:8791:15
    #19 0x614b54c11754 in _PyObject_MakeTpCall /home/shamil/oss/cpython/3.12/Objects/call.c:240:18
    #20 0x614b5506300d in _PyEval_EvalFrameDefault /home/shamil/oss/cpython/3.12/Python/bytecodes.c:2715:19
    #21 0x614b54c1fe73 in _PyObject_VectorcallTstate /home/shamil/oss/cpython/3.12/./Include/internal/pycore_call.h:92:11
    #22 0x614b54c1c64d in method_vectorcall /home/shamil/oss/cpython/3.12/Objects/classobject.c:91:18
    #23 0x614b54c1409b in _PyVectorcall_Call /home/shamil/oss/cpython/3.12/Objects/call.c:271:16
    #24 0x614b5504f1c0 in _PyEval_EvalFrameDefault /home/shamil/oss/cpython/3.12/Python/bytecodes.c:3263:26
    #25 0x614b54c1120e in _PyObject_FastCallDictTstate /home/shamil/oss/cpython/3.12/Objects/call.c:133:15
    #26 0x614b54c1562d in _PyObject_Call_Prepend /home/shamil/oss/cpython/3.12/Objects/call.c:508:24
    #27 0x614b54e18488 in slot_tp_call /home/shamil/oss/cpython/3.12/Objects/typeobject.c:8791:15
    #28 0x614b54c11754 in _PyObject_MakeTpCall /home/shamil/oss/cpython/3.12/Objects/call.c:240:18
    #29 0x614b5506300d in _PyEval_EvalFrameDefault /home/shamil/oss/cpython/3.12/Python/bytecodes.c:2715:19
    #30 0x614b54c1fe73 in _PyObject_VectorcallTstate /home/shamil/oss/cpython/3.12/./Include/internal/pycore_call.h:92:11

SUMMARY: AddressSanitizer: 7884 byte(s) leaked in 37 allocation(s).

== Tests result: FAILURE ==

1 test failed:
    test_capi

Total duration: 19.1 sec
Total tests: run=0
Total test files: run=1/1 failed=1
Result: FAILURE
Modules/resource.c:526:5: runtime error: call to function visit_reachable through pointer to incorrect function type 'int (*)(struct _object *, void *)'
/home/shamil/oss/cpython/3.12/Modules/gcmodule.c:500: note: visit_reachable defined here
SUMMARY: UndefinedBehaviorSanitizer: undefined-behavior Modules/resource.c:526:5 
Modules/_queuemodule.c:339:5: runtime error: call to function visit_reachable through pointer to incorrect function type 'int (*)(struct _object *, void *)'
/home/shamil/oss/cpython/3.12/Modules/gcmodule.c:500: note: visit_reachable defined here
SUMMARY: UndefinedBehaviorSanitizer: undefined-behavior Modules/_queuemodule.c:339:5 
Modules/_queuemodule.c:340:5: runtime error: call to function visit_reachable through pointer to incorrect function type 'int (*)(struct _object *, void *)'
/home/shamil/oss/cpython/3.12/Modules/gcmodule.c:500: note: visit_reachable defined here
SUMMARY: UndefinedBehaviorSanitizer: undefined-behavior Modules/_queuemodule.c:340:5 
Objects/typeobject.c:1879:16: runtime error: call to function type_clear through pointer to incorrect function type 'int (*)(struct _object *)'
/home/shamil/oss/cpython/3.12/Objects/typeobject.c:5265: note: type_clear defined here
SUMMARY: UndefinedBehaviorSanitizer: undefined-behavior Objects/typeobject.c:1879:16 
Objects/moduleobject.c:719:9: runtime error: call to function locale_free through pointer to incorrect function type 'void (*)(void *)'
/home/shamil/oss/cpython/3.12/./Modules/_localemodule.c:951: note: locale_free defined here
SUMMARY: UndefinedBehaviorSanitizer: undefined-behavior Objects/moduleobject.c:719:9 
Modules/_collectionsmodule.c:2071:5: runtime error: call to function dict_dealloc through pointer to incorrect function type 'void (*)(struct _object *)'
/home/shamil/oss/cpython/3.12/Objects/dictobject.c:2352: note: dict_dealloc defined here
SUMMARY: UndefinedBehaviorSanitizer: undefined-behavior Modules/_collectionsmodule.c:2071:5 
[0 refs, 0 blocks]
